﻿href,tagtype1,tagtype2
//xuexi.huize.com/study/studytag/word-2720.html,其他,台湾自由行
//xuexi.huize.com/study/studytag/word-2721.html,其他,台湾自由行
//xuexi.huize.com/study/studytag/word-2722.html,其他,台湾自由行
//xuexi.huize.com/study/studytag/word-2723.html,其他,台湾自由行
//xuexi.huize.com/study/studytag/word-2724.html,其他,台湾自由行
//xuexi.huize.com/study/studytag/word-2725.html,其他,台湾自由行
//xuexi.huize.com/study/studytag/word-2726.html,其他,台湾自由行
//xuexi.huize.com/study/studytag/word-2727.html,其他,台湾自由行
//xuexi.huize.com/study/studytag/word-2728.html,其他,台湾自由行
//xuexi.huize.com/study/studytag/word-2729.html,其他,台湾自由行
//xuexi.huize.com/study/studytag/word-2750.html,其他,北京保险
//xuexi.huize.com/study/studytag/word-2733.html,其他,北京保险
//xuexi.huize.com/study/studytag/word-2734.html,其他,北京保险
//xuexi.huize.com/study/studytag/word-2751.html,其他,北京保险
//xuexi.huize.com/study/studytag/word-2737.html,其他,北京保险
//xuexi.huize.com/study/studytag/word-2745.html,其他,北京保险
//xuexi.huize.com/study/studytag/word-2746.html,其他,北京保险
//xuexi.huize.com/study/studytag/word-2748.html,其他,北京保险
//xuexi.huize.com/study/studytag/word-2752.html,其他,北京保险
//xuexi.huize.com/study/studytag/word-19810.html,其他,北京保险
//xuexi.huize.com/study/studytag/word-19811.html,其他,北京保险
//xuexi.huize.com/study/studytag/word-19835.html,其他,北京保险
//xuexi.huize.com/study/studytag/word-19836.html,其他,北京保险
//xuexi.huize.com/study/studytag/word-19888.html,其他,北京保险
//xuexi.huize.com/study/studytag/word-19889.html,其他,北京保险
//xuexi.huize.com/study/studytag/word-19890.html,其他,北京保险
//xuexi.huize.com/study/studytag/word-19891.html,其他,北京保险
//xuexi.huize.com/study/studytag/word-19931.html,其他,北京保险
//xuexi.huize.com/study/studytag/word-19937.html,其他,北京保险
//xuexi.huize.com/study/studytag/word-19938.html,其他,北京保险
//xuexi.huize.com/study/studytag/word-19943.html,其他,北京保险
//xuexi.huize.com/study/studytag/word-19996.html,其他,北京保险
//xuexi.huize.com/study/studytag/word-19998.html,其他,北京保险
//xuexi.huize.com/study/studytag/word-20005.html,其他,北京保险
//xuexi.huize.com/study/studytag/word-20006.html,其他,北京保险
//xuexi.huize.com/study/studytag/word-20039.html,其他,北京保险
//xuexi.huize.com/study/studytag/word-20040.html,其他,北京保险
//xuexi.huize.com/study/studytag/word-20041.html,其他,北京保险
//xuexi.huize.com/study/studytag/word-20042.html,其他,北京保险
//xuexi.huize.com/study/studytag/word-20043.html,其他,北京保险
//xuexi.huize.com/study/studytag/word-20794.html,其他,北京保险
//xuexi.huize.com/study/studytag/word-20815.html,其他,北京保险
//xuexi.huize.com/study/studytag/word-20842.html,其他,北京保险
//xuexi.huize.com/study/studytag/word-20858.html,其他,北京保险
//xuexi.huize.com/study/studytag/word-20873.html,其他,北京保险
//xuexi.huize.com/study/studytag/word-20897.html,其他,北京保险
//xuexi.huize.com/study/studytag/word-20915.html,其他,北京保险
//xuexi.huize.com/study/studytag/word-20936.html,其他,北京保险
//xuexi.huize.com/study/studytag/word-22624.html,其他,北京保险
//xuexi.huize.com/study/studytag/word-22686.html,其他,北京保险
//xuexi.huize.com/study/studytag/word-22695.html,其他,北京保险
//xuexi.huize.com/study/studytag/word-22757.html,其他,北京保险
//xuexi.huize.com/study/studytag/word-28388.html,其他,北京保险
//xuexi.huize.com/study/studytag/word-28389.html,其他,北京保险
//xuexi.huize.com/study/studytag/word-28390.html,其他,北京保险
//xuexi.huize.com/study/studytag/word-2768.html,其他,上海保险
//xuexi.huize.com/study/studytag/word-2769.html,其他,上海保险
//xuexi.huize.com/study/studytag/word-2770.html,其他,上海保险
//xuexi.huize.com/study/studytag/word-2771.html,其他,上海保险
//xuexi.huize.com/study/studytag/word-2772.html,其他,上海保险
//xuexi.huize.com/study/studytag/word-2773.html,其他,上海保险
//xuexi.huize.com/study/studytag/word-2774.html,其他,上海保险
//xuexi.huize.com/study/studytag/word-2775.html,其他,上海保险
//xuexi.huize.com/study/studytag/word-2776.html,其他,上海保险
//xuexi.huize.com/study/studytag/word-2777.html,其他,上海保险
//xuexi.huize.com/study/studytag/word-2778.html,其他,上海保险
//xuexi.huize.com/study/studytag/word-2779.html,其他,上海保险
//xuexi.huize.com/study/studytag/word-2780.html,其他,上海保险
//xuexi.huize.com/study/studytag/word-2781.html,其他,上海保险
//xuexi.huize.com/study/studytag/word-2782.html,其他,上海保险
//xuexi.huize.com/study/studytag/word-2783.html,其他,上海保险
//xuexi.huize.com/study/studytag/word-2784.html,其他,上海保险
//xuexi.huize.com/study/studytag/word-2785.html,其他,上海保险
//xuexi.huize.com/study/studytag/word-2786.html,其他,上海保险
//xuexi.huize.com/study/studytag/word-2787.html,其他,上海保险
//xuexi.huize.com/study/studytag/word-19812.html,其他,上海保险
//xuexi.huize.com/study/studytag/word-19813.html,其他,上海保险
//xuexi.huize.com/study/studytag/word-19814.html,其他,上海保险
//xuexi.huize.com/study/studytag/word-19815.html,其他,上海保险
//xuexi.huize.com/study/studytag/word-19837.html,其他,上海保险
//xuexi.huize.com/study/studytag/word-19838.html,其他,上海保险
//xuexi.huize.com/study/studytag/word-19892.html,其他,上海保险
//xuexi.huize.com/study/studytag/word-19893.html,其他,上海保险
//xuexi.huize.com/study/studytag/word-19894.html,其他,上海保险
//xuexi.huize.com/study/studytag/word-19895.html,其他,上海保险
//xuexi.huize.com/study/studytag/word-19896.html,其他,上海保险
//xuexi.huize.com/study/studytag/word-19897.html,其他,上海保险
//xuexi.huize.com/study/studytag/word-19898.html,其他,上海保险
//xuexi.huize.com/study/studytag/word-19899.html,其他,上海保险
//xuexi.huize.com/study/studytag/word-19944.html,其他,上海保险
//xuexi.huize.com/study/studytag/word-19945.html,其他,上海保险
//xuexi.huize.com/study/studytag/word-19946.html,其他,上海保险
//xuexi.huize.com/study/studytag/word-19951.html,其他,上海保险
//xuexi.huize.com/study/studytag/word-19999.html,其他,上海保险
//xuexi.huize.com/study/studytag/word-20000.html,其他,上海保险
//xuexi.huize.com/study/studytag/word-20007.html,其他,上海保险
//xuexi.huize.com/study/studytag/word-20044.html,其他,上海保险
//xuexi.huize.com/study/studytag/word-20045.html,其他,上海保险
//xuexi.huize.com/study/studytag/word-20046.html,其他,上海保险
//xuexi.huize.com/study/studytag/word-20047.html,其他,上海保险
//xuexi.huize.com/study/studytag/word-20052.html,其他,上海保险
//xuexi.huize.com/study/studytag/word-20057.html,其他,上海保险
//xuexi.huize.com/study/studytag/word-20792.html,其他,上海保险
//xuexi.huize.com/study/studytag/word-20817.html,其他,上海保险
//xuexi.huize.com/study/studytag/word-20829.html,其他,上海保险
//xuexi.huize.com/study/studytag/word-20843.html,其他,上海保险
//xuexi.huize.com/study/studytag/word-20860.html,其他,上海保险
//xuexi.huize.com/study/studytag/word-20898.html,其他,上海保险
//xuexi.huize.com/study/studytag/word-20916.html,其他,上海保险
//xuexi.huize.com/study/studytag/word-20938.html,其他,上海保险
//xuexi.huize.com/study/studytag/word-22606.html,其他,上海保险
//xuexi.huize.com/study/studytag/word-22696.html,其他,上海保险
//xuexi.huize.com/study/studytag/word-22758.html,其他,上海保险
//xuexi.huize.com/study/studytag/word-28391.html,其他,上海保险
//xuexi.huize.com/study/studytag/word-28392.html,其他,上海保险
//xuexi.huize.com/study/studytag/word-28455.html,其他,上海保险
//xuexi.huize.com/study/studytag/word-20790.html,其他,深圳保险
//xuexi.huize.com/study/studytag/word-2812.html,其他,深圳保险
//xuexi.huize.com/study/studytag/word-2813.html,其他,深圳保险
//xuexi.huize.com/study/studytag/word-2814.html,其他,深圳保险
//xuexi.huize.com/study/studytag/word-2815.html,其他,深圳保险
//xuexi.huize.com/study/studytag/word-2816.html,其他,深圳保险
//xuexi.huize.com/study/studytag/word-2817.html,其他,深圳保险
//xuexi.huize.com/study/studytag/word-2818.html,其他,深圳保险
//xuexi.huize.com/study/studytag/word-2819.html,其他,深圳保险
//xuexi.huize.com/study/studytag/word-2820.html,其他,深圳保险
//xuexi.huize.com/study/studytag/word-2821.html,其他,深圳保险
//xuexi.huize.com/study/studytag/word-2823.html,其他,深圳保险
//xuexi.huize.com/study/studytag/word-2824.html,其他,深圳保险
//xuexi.huize.com/study/studytag/word-2825.html,其他,深圳保险
//xuexi.huize.com/study/studytag/word-19816.html,其他,深圳保险
//xuexi.huize.com/study/studytag/word-19817.html,其他,深圳保险
//xuexi.huize.com/study/studytag/word-19818.html,其他,深圳保险
//xuexi.huize.com/study/studytag/word-19839.html,其他,深圳保险
//xuexi.huize.com/study/studytag/word-19840.html,其他,深圳保险
//xuexi.huize.com/study/studytag/word-19900.html,其他,深圳保险
//xuexi.huize.com/study/studytag/word-19901.html,其他,深圳保险
//xuexi.huize.com/study/studytag/word-19902.html,其他,深圳保险
//xuexi.huize.com/study/studytag/word-19903.html,其他,深圳保险
//xuexi.huize.com/study/studytag/word-19904.html,其他,深圳保险
//xuexi.huize.com/study/studytag/word-19952.html,其他,深圳保险
//xuexi.huize.com/study/studytag/word-19956.html,其他,深圳保险
//xuexi.huize.com/study/studytag/word-19957.html,其他,深圳保险
//xuexi.huize.com/study/studytag/word-19958.html,其他,深圳保险
//xuexi.huize.com/study/studytag/word-20011.html,其他,深圳保险
//xuexi.huize.com/study/studytag/word-20012.html,其他,深圳保险
//xuexi.huize.com/study/studytag/word-20015.html,其他,深圳保险
//xuexi.huize.com/study/studytag/word-20062.html,其他,深圳保险
//xuexi.huize.com/study/studytag/word-20063.html,其他,深圳保险
//xuexi.huize.com/study/studytag/word-20064.html,其他,深圳保险
//xuexi.huize.com/study/studytag/word-20067.html,其他,深圳保险
//xuexi.huize.com/study/studytag/word-20068.html,其他,深圳保险
//xuexi.huize.com/study/studytag/word-20793.html,其他,深圳保险
//xuexi.huize.com/study/studytag/word-20830.html,其他,深圳保险
//xuexi.huize.com/study/studytag/word-20844.html,其他,深圳保险
//xuexi.huize.com/study/studytag/word-20861.html,其他,深圳保险
//xuexi.huize.com/study/studytag/word-20862.html,其他,深圳保险
//xuexi.huize.com/study/studytag/word-20899.html,其他,深圳保险
//xuexi.huize.com/study/studytag/word-20918.html,其他,深圳保险
//xuexi.huize.com/study/studytag/word-20939.html,其他,深圳保险
//xuexi.huize.com/study/studytag/word-22626.html,其他,深圳保险
//xuexi.huize.com/study/studytag/word-22697.html,其他,深圳保险
//xuexi.huize.com/study/studytag/word-22759.html,其他,深圳保险
//xuexi.huize.com/study/studytag/word-28457.html,其他,深圳保险
//xuexi.huize.com/study/studytag/word-28458.html,其他,深圳保险
//xuexi.huize.com/study/studytag/word-16575.html,其他,保险销售
//xuexi.huize.com/study/studytag/word-16576.html,其他,保险销售
//xuexi.huize.com/study/studytag/word-16577.html,其他,保险销售
//xuexi.huize.com/study/studytag/word-16578.html,其他,保险销售
//xuexi.huize.com/study/studytag/word-16579.html,其他,保险销售
//xuexi.huize.com/study/studytag/word-16580.html,其他,保险销售
//xuexi.huize.com/study/studytag/word-16581.html,其他,保险销售
//xuexi.huize.com/study/studytag/word-16582.html,其他,保险销售
//xuexi.huize.com/study/studytag/word-16583.html,其他,保险销售
//xuexi.huize.com/study/studytag/word-16652.html,其他,保险销售
//xuexi.huize.com/study/studytag/word-16653.html,其他,保险销售
//xuexi.huize.com/study/studytag/word-16654.html,其他,保险销售
//xuexi.huize.com/study/studytag/word-16655.html,其他,保险销售
//xuexi.huize.com/study/studytag/word-16656.html,其他,保险销售
//xuexi.huize.com/study/studytag/word-16657.html,其他,保险销售
//xuexi.huize.com/study/studytag/word-16658.html,其他,保险销售
//xuexi.huize.com/study/studytag/word-16659.html,其他,保险销售
//xuexi.huize.com/study/studytag/word-16660.html,其他,保险销售
//xuexi.huize.com/study/studytag/word-16666.html,其他,保险销售
//xuexi.huize.com/study/studytag/word-16584.html,其他,保险销售
//xuexi.huize.com/study/studytag/word-16585.html,其他,保险销售
//xuexi.huize.com/study/studytag/word-16586.html,其他,保险销售
//xuexi.huize.com/study/studytag/word-16587.html,其他,保险销售
//xuexi.huize.com/study/studytag/word-16588.html,其他,保险销售
//xuexi.huize.com/study/studytag/word-16589.html,其他,保险销售
//xuexi.huize.com/study/studytag/word-16590.html,其他,保险销售
//xuexi.huize.com/study/studytag/word-16591.html,其他,保险销售
//xuexi.huize.com/study/studytag/word-16592.html,其他,保险销售
//xuexi.huize.com/study/studytag/word-16593.html,其他,保险销售
//xuexi.huize.com/study/studytag/word-16594.html,其他,保险销售
//xuexi.huize.com/study/studytag/word-16595.html,其他,保险销售
//xuexi.huize.com/study/studytag/word-16596.html,其他,保险销售
//xuexi.huize.com/study/studytag/word-16597.html,其他,保险销售
//xuexi.huize.com/study/studytag/word-16598.html,其他,保险销售
//xuexi.huize.com/study/studytag/word-16599.html,其他,保险销售
//xuexi.huize.com/study/studytag/word-16600.html,其他,保险销售
//xuexi.huize.com/study/studytag/word-16601.html,其他,保险销售
//xuexi.huize.com/study/studytag/word-16602.html,其他,保险销售
//xuexi.huize.com/study/studytag/word-16603.html,其他,保险销售
//xuexi.huize.com/study/studytag/word-16604.html,其他,保险销售
//xuexi.huize.com/study/studytag/word-16605.html,其他,保险销售
//xuexi.huize.com/study/studytag/word-16606.html,其他,保险销售
//xuexi.huize.com/study/studytag/word-16607.html,其他,保险销售
//xuexi.huize.com/study/studytag/word-16608.html,其他,保险销售
//xuexi.huize.com/study/studytag/word-16609.html,其他,保险销售
//xuexi.huize.com/study/studytag/word-16610.html,其他,保险销售
//xuexi.huize.com/study/studytag/word-16611.html,其他,保险销售
//xuexi.huize.com/study/studytag/word-16612.html,其他,保险销售
//xuexi.huize.com/study/studytag/word-16613.html,其他,保险销售
//xuexi.huize.com/study/studytag/word-16614.html,其他,保险销售
//xuexi.huize.com/study/studytag/word-16615.html,其他,保险销售
//xuexi.huize.com/study/studytag/word-16616.html,其他,保险销售
//xuexi.huize.com/study/studytag/word-16617.html,其他,保险销售
//xuexi.huize.com/study/studytag/word-16618.html,其他,保险销售
//xuexi.huize.com/study/studytag/word-16619.html,其他,保险销售
//xuexi.huize.com/study/studytag/word-16620.html,其他,保险销售
//xuexi.huize.com/study/studytag/word-16621.html,其他,保险销售
//xuexi.huize.com/study/studytag/word-16622.html,其他,保险销售
//xuexi.huize.com/study/studytag/word-16623.html,其他,保险销售
//xuexi.huize.com/study/studytag/word-16624.html,其他,保险销售
//xuexi.huize.com/study/studytag/word-16626.html,其他,保险销售
//xuexi.huize.com/study/studytag/word-16627.html,其他,保险销售
//xuexi.huize.com/study/studytag/word-16628.html,其他,保险销售
//xuexi.huize.com/study/studytag/word-16629.html,其他,保险销售
//xuexi.huize.com/study/studytag/word-16630.html,其他,保险销售
//xuexi.huize.com/study/studytag/word-16631.html,其他,保险销售
//xuexi.huize.com/study/studytag/word-16632.html,其他,保险销售
//xuexi.huize.com/study/studytag/word-16633.html,其他,保险销售
//xuexi.huize.com/study/studytag/word-16634.html,其他,保险销售
//xuexi.huize.com/study/studytag/word-18341.html,其他,养老金并轨
//xuexi.huize.com/study/studytag/word-18342.html,其他,养老金并轨
//xuexi.huize.com/study/studytag/word-18343.html,其他,养老金并轨
//xuexi.huize.com/study/studytag/word-18344.html,其他,养老金并轨
//xuexi.huize.com/study/studytag/word-18345.html,其他,养老金并轨
//xuexi.huize.com/study/studytag/word-18346.html,其他,养老金并轨
//xuexi.huize.com/study/studytag/word-18351.html,其他,养老金并轨
//xuexi.huize.com/study/studytag/word-18352.html,其他,养老金并轨
//xuexi.huize.com/study/studytag/word-18353.html,其他,养老金并轨
//xuexi.huize.com/study/studytag/word-18354.html,其他,养老金并轨
//xuexi.huize.com/study/studytag/word-18355.html,其他,养老金并轨
//xuexi.huize.com/study/studytag/word-18356.html,其他,养老金并轨
//xuexi.huize.com/study/studytag/word-18636.html,其他,养老金并轨
//xuexi.huize.com/study/studytag/word-18637.html,其他,养老金并轨
//xuexi.huize.com/study/studytag/word-18665.html,其他,养老金并轨
//xuexi.huize.com/study/studytag/word-18666.html,其他,养老金并轨
//xuexi.huize.com/study/studytag/word-18667.html,其他,养老金并轨
//xuexi.huize.com/study/studytag/word-18668.html,其他,养老金并轨
//xuexi.huize.com/study/studytag/word-18669.html,其他,养老金并轨
//xuexi.huize.com/study/studytag/word-18683.html,其他,养老金并轨
//xuexi.huize.com/study/studytag/word-18684.html,其他,养老金并轨
//xuexi.huize.com/study/studytag/word-18726.html,其他,养老金并轨
//xuexi.huize.com/study/studytag/word-18727.html,其他,养老金并轨
//xuexi.huize.com/study/studytag/word-18728.html,其他,养老金并轨
//xuexi.huize.com/study/studytag/word-18729.html,其他,养老金并轨
//xuexi.huize.com/study/studytag/word-18730.html,其他,养老金并轨
//xuexi.huize.com/study/studytag/word-18347.html,其他,晚婚晚育假
//xuexi.huize.com/study/studytag/word-18348.html,其他,晚婚晚育假
//xuexi.huize.com/study/studytag/word-18349.html,其他,晚婚晚育假
//xuexi.huize.com/study/studytag/word-18350.html,其他,晚婚晚育假
//xuexi.huize.com/study/studytag/word-18357.html,其他,晚婚晚育假
//xuexi.huize.com/study/studytag/word-18358.html,其他,晚婚晚育假
//xuexi.huize.com/study/studytag/word-18359.html,其他,晚婚晚育假
//xuexi.huize.com/study/studytag/word-18360.html,其他,晚婚晚育假
//xuexi.huize.com/study/studytag/word-18562.html,其他,晚婚晚育假
//xuexi.huize.com/study/studytag/word-18563.html,其他,晚婚晚育假
//xuexi.huize.com/study/studytag/word-18564.html,其他,晚婚晚育假
//xuexi.huize.com/study/studytag/word-18565.html,其他,晚婚晚育假
//xuexi.huize.com/study/studytag/word-18566.html,其他,晚婚晚育假
//xuexi.huize.com/study/studytag/word-18567.html,其他,晚婚晚育假
//xuexi.huize.com/study/studytag/word-18568.html,其他,晚婚晚育假
//xuexi.huize.com/study/studytag/word-18569.html,其他,晚婚晚育假
//xuexi.huize.com/study/studytag/word-18570.html,其他,晚婚晚育假
//xuexi.huize.com/study/studytag/word-18571.html,其他,晚婚晚育假
//xuexi.huize.com/study/studytag/word-18572.html,其他,晚婚晚育假
//xuexi.huize.com/study/studytag/word-18573.html,其他,晚婚晚育假
//xuexi.huize.com/study/studytag/word-18574.html,其他,晚婚晚育假
//xuexi.huize.com/study/studytag/word-18575.html,其他,晚婚晚育假
//xuexi.huize.com/study/studytag/word-18576.html,其他,晚婚晚育假
//xuexi.huize.com/study/studytag/word-18615.html,其他,晚婚晚育假
//xuexi.huize.com/study/studytag/word-18616.html,其他,晚婚晚育假
//xuexi.huize.com/study/studytag/word-18617.html,其他,晚婚晚育假
//xuexi.huize.com/study/studytag/word-18631.html,其他,晚婚晚育假
//xuexi.huize.com/study/studytag/word-18632.html,其他,晚婚晚育假
//xuexi.huize.com/study/studytag/word-18633.html,其他,晚婚晚育假
//xuexi.huize.com/study/studytag/word-18634.html,其他,晚婚晚育假
//xuexi.huize.com/study/studytag/word-18635.html,其他,晚婚晚育假
//xuexi.huize.com/study/studytag/word-18645.html,其他,晚婚晚育假
//xuexi.huize.com/study/studytag/word-18646.html,其他,晚婚晚育假
//xuexi.huize.com/study/studytag/word-18647.html,其他,晚婚晚育假
//xuexi.huize.com/study/studytag/word-18648.html,其他,晚婚晚育假
//xuexi.huize.com/study/studytag/word-18649.html,其他,晚婚晚育假
//xuexi.huize.com/study/studytag/word-18650.html,其他,晚婚晚育假
//xuexi.huize.com/study/studytag/word-18651.html,其他,晚婚晚育假
//xuexi.huize.com/study/studytag/word-18652.html,其他,晚婚晚育假
//xuexi.huize.com/study/studytag/word-18653.html,其他,晚婚晚育假
//xuexi.huize.com/study/studytag/word-18654.html,其他,晚婚晚育假
//xuexi.huize.com/study/studytag/word-18655.html,其他,晚婚晚育假
//xuexi.huize.com/study/studytag/word-18656.html,其他,晚婚晚育假
//xuexi.huize.com/study/studytag/word-18657.html,其他,晚婚晚育假
//xuexi.huize.com/study/studytag/word-18658.html,其他,晚婚晚育假
//xuexi.huize.com/study/studytag/word-18659.html,其他,晚婚晚育假
//xuexi.huize.com/study/studytag/word-18660.html,其他,晚婚晚育假
//xuexi.huize.com/study/studytag/word-18661.html,其他,晚婚晚育假
//xuexi.huize.com/study/studytag/word-18662.html,其他,晚婚晚育假
//xuexi.huize.com/study/studytag/word-18663.html,其他,晚婚晚育假
//xuexi.huize.com/study/studytag/word-18664.html,其他,晚婚晚育假
//xuexi.huize.com/study/studytag/word-18678.html,其他,晚婚晚育假
//xuexi.huize.com/study/studytag/word-18679.html,其他,晚婚晚育假
//xuexi.huize.com/study/studytag/word-18680.html,其他,晚婚晚育假
//xuexi.huize.com/study/studytag/word-18681.html,其他,晚婚晚育假
//xuexi.huize.com/study/studytag/word-18682.html,其他,晚婚晚育假
//xuexi.huize.com/study/studytag/word-18708.html,其他,晚婚晚育假
//xuexi.huize.com/study/studytag/word-18709.html,其他,晚婚晚育假
//xuexi.huize.com/study/studytag/word-18710.html,其他,晚婚晚育假
//xuexi.huize.com/study/studytag/word-18711.html,其他,晚婚晚育假
//xuexi.huize.com/study/studytag/word-18712.html,其他,晚婚晚育假
//xuexi.huize.com/study/studytag/word-18722.html,其他,晚婚晚育假
//xuexi.huize.com/study/studytag/word-18723.html,其他,晚婚晚育假
//xuexi.huize.com/study/studytag/word-18724.html,其他,晚婚晚育假
//xuexi.huize.com/study/studytag/word-18725.html,其他,晚婚晚育假
//xuexi.huize.com/study/studytag/word-18746.html,其他,晚婚晚育假
//xuexi.huize.com/study/studytag/word-18747.html,其他,晚婚晚育假
//xuexi.huize.com/study/studytag/word-18748.html,其他,晚婚晚育假
//xuexi.huize.com/study/studytag/word-18749.html,其他,晚婚晚育假
//xuexi.huize.com/study/studytag/word-18750.html,其他,晚婚晚育假
//xuexi.huize.com/study/studytag/word-18758.html,其他,晚婚晚育假
//xuexi.huize.com/study/studytag/word-18759.html,其他,晚婚晚育假
//xuexi.huize.com/study/studytag/word-18760.html,其他,晚婚晚育假
//xuexi.huize.com/study/studytag/word-18761.html,其他,晚婚晚育假
//xuexi.huize.com/study/studytag/word-18762.html,其他,晚婚晚育假
//xuexi.huize.com/study/studytag/word-18773.html,其他,晚婚晚育假
//xuexi.huize.com/study/studytag/word-18774.html,其他,晚婚晚育假
//xuexi.huize.com/study/studytag/word-18775.html,其他,晚婚晚育假
//xuexi.huize.com/study/studytag/word-18878.html,其他,晚婚晚育假
//xuexi.huize.com/study/studytag/word-18879.html,其他,晚婚晚育假
//xuexi.huize.com/study/studytag/word-18880.html,其他,晚婚晚育假
//xuexi.huize.com/study/studytag/word-18881.html,其他,晚婚晚育假
//xuexi.huize.com/study/studytag/word-18882.html,其他,晚婚晚育假
//xuexi.huize.com/study/studytag/word-18883.html,其他,晚婚晚育假
//xuexi.huize.com/study/studytag/word-18884.html,其他,晚婚晚育假
//xuexi.huize.com/study/studytag/word-18885.html,其他,晚婚晚育假
//xuexi.huize.com/study/studytag/word-18886.html,其他,晚婚晚育假
//xuexi.huize.com/study/studytag/word-18361.html,其他,熔断机制
//xuexi.huize.com/study/studytag/word-18362.html,其他,熔断机制
//xuexi.huize.com/study/studytag/word-18363.html,其他,熔断机制
//xuexi.huize.com/study/studytag/word-18364.html,其他,熔断机制
//xuexi.huize.com/study/studytag/word-18365.html,其他,熔断机制
//xuexi.huize.com/study/studytag/word-18366.html,其他,熔断机制
//xuexi.huize.com/study/studytag/word-18367.html,其他,熔断机制
//xuexi.huize.com/study/studytag/word-18368.html,其他,熔断机制
//xuexi.huize.com/study/studytag/word-18369.html,其他,熔断机制
//xuexi.huize.com/study/studytag/word-18370.html,其他,熔断机制
//xuexi.huize.com/study/studytag/word-18381.html,其他,二胎政策
//xuexi.huize.com/study/studytag/word-18382.html,其他,二胎政策
//xuexi.huize.com/study/studytag/word-18383.html,其他,二胎政策
//xuexi.huize.com/study/studytag/word-18384.html,其他,二胎政策
//xuexi.huize.com/study/studytag/word-18385.html,其他,二胎政策
//xuexi.huize.com/study/studytag/word-18386.html,其他,二胎政策
//xuexi.huize.com/study/studytag/word-18387.html,其他,二胎政策
//xuexi.huize.com/study/studytag/word-18388.html,其他,二胎政策
//xuexi.huize.com/study/studytag/word-18389.html,其他,二胎政策
//xuexi.huize.com/study/studytag/word-18390.html,其他,二胎政策
//xuexi.huize.com/study/studytag/word-18519.html,其他,二胎政策
//xuexi.huize.com/study/studytag/word-18520.html,其他,二胎政策
//xuexi.huize.com/study/studytag/word-18521.html,其他,二胎政策
//xuexi.huize.com/study/studytag/word-18522.html,其他,二胎政策
//xuexi.huize.com/study/studytag/word-18523.html,其他,二胎政策
//xuexi.huize.com/study/studytag/word-18524.html,其他,二胎政策
//xuexi.huize.com/study/studytag/word-18525.html,其他,二胎政策
//xuexi.huize.com/study/studytag/word-18526.html,其他,二胎政策
//xuexi.huize.com/study/studytag/word-18527.html,其他,二胎政策
//xuexi.huize.com/study/studytag/word-18528.html,其他,二胎政策
//xuexi.huize.com/study/studytag/word-18529.html,其他,二胎政策
//xuexi.huize.com/study/studytag/word-18530.html,其他,二胎政策
//xuexi.huize.com/study/studytag/word-18531.html,其他,二胎政策
//xuexi.huize.com/study/studytag/word-18532.html,其他,二胎政策
//xuexi.huize.com/study/studytag/word-18533.html,其他,二胎政策
//xuexi.huize.com/study/studytag/word-18534.html,其他,二胎政策
//xuexi.huize.com/study/studytag/word-18535.html,其他,二胎政策
//xuexi.huize.com/study/studytag/word-18536.html,其他,二胎政策
//xuexi.huize.com/study/studytag/word-18537.html,其他,二胎政策
//xuexi.huize.com/study/studytag/word-18538.html,其他,二胎政策
//xuexi.huize.com/study/studytag/word-18539.html,其他,二胎政策
//xuexi.huize.com/study/studytag/word-18540.html,其他,二胎政策
//xuexi.huize.com/study/studytag/word-18541.html,其他,二胎政策
//xuexi.huize.com/study/studytag/word-18542.html,其他,二胎政策
//xuexi.huize.com/study/studytag/word-18543.html,其他,二胎政策
//xuexi.huize.com/study/studytag/word-18544.html,其他,二胎政策
//xuexi.huize.com/study/studytag/word-18546.html,其他,二胎政策
//xuexi.huize.com/study/studytag/word-18547.html,其他,二胎政策
//xuexi.huize.com/study/studytag/word-18548.html,其他,二胎政策
//xuexi.huize.com/study/studytag/word-18549.html,其他,二胎政策
//xuexi.huize.com/study/studytag/word-18550.html,其他,二胎政策
//xuexi.huize.com/study/studytag/word-18551.html,其他,二胎政策
//xuexi.huize.com/study/studytag/word-18552.html,其他,二胎政策
//xuexi.huize.com/study/studytag/word-18553.html,其他,二胎政策
//xuexi.huize.com/study/studytag/word-18554.html,其他,二胎政策
//xuexi.huize.com/study/studytag/word-18555.html,其他,二胎政策
//xuexi.huize.com/study/studytag/word-18556.html,其他,二胎政策
//xuexi.huize.com/study/studytag/word-18557.html,其他,二胎政策
//xuexi.huize.com/study/studytag/word-18558.html,其他,二胎政策
//xuexi.huize.com/study/studytag/word-18559.html,其他,二胎政策
//xuexi.huize.com/study/studytag/word-18560.html,其他,二胎政策
//xuexi.huize.com/study/studytag/word-18561.html,其他,二胎政策
