﻿href,tagtype1,tagtype2
//xuexi.huize.com/study/studytag/word-2560.html,保险相关,社会保险
//xuexi.huize.com/study/studytag/word-2561.html,保险相关,社会保险
//xuexi.huize.com/study/studytag/word-2562.html,保险相关,社会保险
//xuexi.huize.com/study/studytag/word-2563.html,保险相关,社会保险
//xuexi.huize.com/study/studytag/word-2564.html,保险相关,社会保险
//xuexi.huize.com/study/studytag/word-2565.html,保险相关,社会保险
//xuexi.huize.com/study/studytag/word-2566.html,保险相关,社会保险
//xuexi.huize.com/study/studytag/word-2567.html,保险相关,社会保险
//xuexi.huize.com/study/studytag/word-2568.html,保险相关,社会保险
//xuexi.huize.com/study/studytag/word-2569.html,保险相关,社会保险
//xuexi.huize.com/study/studytag/word-2584.html,保险相关,社会保险
//xuexi.huize.com/study/studytag/word-2585.html,保险相关,社会保险
//xuexi.huize.com/study/studytag/word-1866.html,保险相关,社会保险
//xuexi.huize.com/study/studytag/word-2558.html,保险相关,社会保险
//xuexi.huize.com/study/studytag/word-2559.html,保险相关,社会保险
//xuexi.huize.com/study/studytag/word-1867.html,保险相关,社会保险
//xuexi.huize.com/study/studytag/word-1869.html,保险相关,社会保险
//xuexi.huize.com/study/studytag/word-1870.html,保险相关,社会保险
//xuexi.huize.com/study/studytag/word-1872.html,保险相关,社会保险
//xuexi.huize.com/study/studytag/word-1873.html,保险相关,社会保险
//xuexi.huize.com/study/studytag/word-1874.html,保险相关,社会保险
//xuexi.huize.com/study/studytag/word-1875.html,保险相关,社会保险
//xuexi.huize.com/study/studytag/word-1876.html,保险相关,社会保险
//xuexi.huize.com/study/studytag/word-1886.html,保险相关,社会保险
//xuexi.huize.com/study/studytag/word-1887.html,保险相关,社会保险
//xuexi.huize.com/study/studytag/word-1888.html,保险相关,社会保险
//xuexi.huize.com/study/studytag/word-1891.html,保险相关,社会保险
//xuexi.huize.com/study/studytag/word-1892.html,保险相关,社会保险
//xuexi.huize.com/study/studytag/word-1894.html,保险相关,社会保险
//xuexi.huize.com/study/studytag/word-1895.html,保险相关,社会保险
//xuexi.huize.com/study/studytag/word-1896.html,保险相关,社会保险
//xuexi.huize.com/study/studytag/word-1897.html,保险相关,社会保险
//xuexi.huize.com/study/studytag/word-1898.html,保险相关,社会保险
//xuexi.huize.com/study/studytag/word-1899.html,保险相关,社会保险
//xuexi.huize.com/study/studytag/word-1900.html,保险相关,社会保险
//xuexi.huize.com/study/studytag/word-1901.html,保险相关,社会保险
//xuexi.huize.com/study/studytag/word-1913.html,保险相关,社会保险
//xuexi.huize.com/study/studytag/word-1914.html,保险相关,社会保险
//xuexi.huize.com/study/studytag/word-1916.html,保险相关,社会保险
//xuexi.huize.com/study/studytag/word-1909.html,保险相关,社会保险
//xuexi.huize.com/study/studytag/word-1919.html,保险相关,社会保险
//xuexi.huize.com/study/studytag/word-1910.html,保险相关,社会保险
//xuexi.huize.com/study/studytag/word-1920.html,保险相关,社会保险
//xuexi.huize.com/study/studytag/word-1921.html,保险相关,社会保险
//xuexi.huize.com/study/studytag/word-1922.html,保险相关,社会保险
//xuexi.huize.com/study/studytag/word-1924.html,保险相关,社会保险
//xuexi.huize.com/study/studytag/word-1927.html,保险相关,社会保险
//xuexi.huize.com/study/studytag/word-2755.html,保险相关,社会保险
//xuexi.huize.com/study/studytag/word-1928.html,保险相关,社会保险
//xuexi.huize.com/study/studytag/word-2756.html,保险相关,社会保险
//xuexi.huize.com/study/studytag/word-2757.html,保险相关,社会保险
//xuexi.huize.com/study/studytag/word-2758.html,保险相关,社会保险
//xuexi.huize.com/study/studytag/word-1931.html,保险相关,社会保险
//xuexi.huize.com/study/studytag/word-2759.html,保险相关,社会保险
//xuexi.huize.com/study/studytag/word-1932.html,保险相关,社会保险
//xuexi.huize.com/study/studytag/word-2753.html,保险相关,社会保险
//xuexi.huize.com/study/studytag/word-1935.html,保险相关,社会保险
//xuexi.huize.com/study/studytag/word-1939.html,保险相关,社会保险
//xuexi.huize.com/study/studytag/word-1940.html,保险相关,社会保险
//xuexi.huize.com/study/studytag/word-1942.html,保险相关,社会保险
//xuexi.huize.com/study/studytag/word-1943.html,保险相关,社会保险
//xuexi.huize.com/study/studytag/word-1944.html,保险相关,社会保险
//xuexi.huize.com/study/studytag/word-1946.html,保险相关,社会保险
//xuexi.huize.com/study/studytag/word-1949.html,保险相关,社会保险
//xuexi.huize.com/study/studytag/word-1952.html,保险相关,社会保险
//xuexi.huize.com/study/studytag/word-1953.html,保险相关,社会保险
//xuexi.huize.com/study/studytag/word-1954.html,保险相关,社会保险
//xuexi.huize.com/study/studytag/word-1955.html,保险相关,社会保险
//xuexi.huize.com/study/studytag/word-3840.html,保险相关,社会保险
//xuexi.huize.com/study/studytag/word-3841.html,保险相关,社会保险
//xuexi.huize.com/study/studytag/word-3842.html,保险相关,社会保险
//xuexi.huize.com/study/studytag/word-3843.html,保险相关,社会保险
//xuexi.huize.com/study/studytag/word-3844.html,保险相关,社会保险
//xuexi.huize.com/study/studytag/word-3846.html,保险相关,社会保险
//xuexi.huize.com/study/studytag/word-3849.html,保险相关,社会保险
//xuexi.huize.com/study/studytag/word-3850.html,保险相关,社会保险
//xuexi.huize.com/study/studytag/word-3852.html,保险相关,社会保险
//xuexi.huize.com/study/studytag/word-2573.html,保险相关,社会保险
//xuexi.huize.com/study/studytag/word-3853.html,保险相关,社会保险
//xuexi.huize.com/study/studytag/word-3854.html,保险相关,社会保险
//xuexi.huize.com/study/studytag/word-2575.html,保险相关,社会保险
//xuexi.huize.com/study/studytag/word-3855.html,保险相关,社会保险
//xuexi.huize.com/study/studytag/word-2576.html,保险相关,社会保险
//xuexi.huize.com/study/studytag/word-3856.html,保险相关,社会保险
//xuexi.huize.com/study/studytag/word-11536.html,保险相关,社会保险
//xuexi.huize.com/study/studytag/word-2577.html,保险相关,社会保险
//xuexi.huize.com/study/studytag/word-3857.html,保险相关,社会保险
//xuexi.huize.com/study/studytag/word-11537.html,保险相关,社会保险
//xuexi.huize.com/study/studytag/word-2578.html,保险相关,社会保险
//xuexi.huize.com/study/studytag/word-3858.html,保险相关,社会保险
//xuexi.huize.com/study/studytag/word-11538.html,保险相关,社会保险
//xuexi.huize.com/study/studytag/word-2579.html,保险相关,社会保险
//xuexi.huize.com/study/studytag/word-3859.html,保险相关,社会保险
//xuexi.huize.com/study/studytag/word-11539.html,保险相关,社会保险
//xuexi.huize.com/study/studytag/word-2580.html,保险相关,社会保险
//xuexi.huize.com/study/studytag/word-11540.html,保险相关,社会保险
//xuexi.huize.com/study/studytag/word-2581.html,保险相关,社会保险
//xuexi.huize.com/study/studytag/word-3861.html,保险相关,社会保险
//xuexi.huize.com/study/studytag/word-11541.html,保险相关,社会保险
//xuexi.huize.com/study/studytag/word-2582.html,保险相关,社会保险
//xuexi.huize.com/study/studytag/word-11542.html,保险相关,社会保险
//xuexi.huize.com/study/studytag/word-2583.html,保险相关,社会保险
//xuexi.huize.com/study/studytag/word-11543.html,保险相关,社会保险
//xuexi.huize.com/study/studytag/word-11544.html,保险相关,社会保险
//xuexi.huize.com/study/studytag/word-11545.html,保险相关,社会保险
//xuexi.huize.com/study/studytag/word-11546.html,保险相关,社会保险
//xuexi.huize.com/study/studytag/word-11547.html,保险相关,社会保险
//xuexi.huize.com/study/studytag/word-11548.html,保险相关,社会保险
//xuexi.huize.com/study/studytag/word-11549.html,保险相关,社会保险
//xuexi.huize.com/study/studytag/word-11550.html,保险相关,社会保险
//xuexi.huize.com/study/studytag/word-11561.html,保险相关,社会保险
//xuexi.huize.com/study/studytag/word-11562.html,保险相关,社会保险
//xuexi.huize.com/study/studytag/word-11563.html,保险相关,社会保险
//xuexi.huize.com/study/studytag/word-11564.html,保险相关,社会保险
//xuexi.huize.com/study/studytag/word-11565.html,保险相关,社会保险
//xuexi.huize.com/study/studytag/word-11566.html,保险相关,社会保险
//xuexi.huize.com/study/studytag/word-11567.html,保险相关,社会保险
//xuexi.huize.com/study/studytag/word-11568.html,保险相关,社会保险
//xuexi.huize.com/study/studytag/word-11569.html,保险相关,社会保险
//xuexi.huize.com/study/studytag/word-11570.html,保险相关,社会保险
//xuexi.huize.com/study/studytag/word-11592.html,保险相关,社会保险
//xuexi.huize.com/study/studytag/word-11593.html,保险相关,社会保险
//xuexi.huize.com/study/studytag/word-11594.html,保险相关,社会保险
//xuexi.huize.com/study/studytag/word-11595.html,保险相关,社会保险
//xuexi.huize.com/study/studytag/word-11596.html,保险相关,社会保险
//xuexi.huize.com/study/studytag/word-11597.html,保险相关,社会保险
//xuexi.huize.com/study/studytag/word-11598.html,保险相关,社会保险
//xuexi.huize.com/study/studytag/word-11599.html,保险相关,社会保险
//xuexi.huize.com/study/studytag/word-11601.html,保险相关,社会保险
//xuexi.huize.com/study/studytag/word-11602.html,保险相关,社会保险
//xuexi.huize.com/study/studytag/word-3411.html,保险相关,社会保险
//xuexi.huize.com/study/studytag/word-11603.html,保险相关,社会保险
//xuexi.huize.com/study/studytag/word-11604.html,保险相关,社会保险
//xuexi.huize.com/study/studytag/word-11605.html,保险相关,社会保险
//xuexi.huize.com/study/studytag/word-11606.html,保险相关,社会保险
//xuexi.huize.com/study/studytag/word-3773.html,保险相关,社会保险
//xuexi.huize.com/study/studytag/word-3774.html,保险相关,社会保险
//xuexi.huize.com/study/studytag/word-3776.html,保险相关,社会保险
//xuexi.huize.com/study/studytag/word-3778.html,保险相关,社会保险
//xuexi.huize.com/study/studytag/word-3779.html,保险相关,社会保险
//xuexi.huize.com/study/studytag/word-3780.html,保险相关,社会保险
//xuexi.huize.com/study/studytag/word-3782.html,保险相关,社会保险
//xuexi.huize.com/study/studytag/word-3786.html,保险相关,社会保险
//xuexi.huize.com/study/studytag/word-3787.html,保险相关,社会保险
//xuexi.huize.com/study/studytag/word-3788.html,保险相关,社会保险
//xuexi.huize.com/study/studytag/word-3790.html,保险相关,社会保险
//xuexi.huize.com/study/studytag/word-3791.html,保险相关,社会保险
//xuexi.huize.com/study/studytag/word-3792.html,保险相关,社会保险
//xuexi.huize.com/study/studytag/word-3793.html,保险相关,社会保险
//xuexi.huize.com/study/studytag/word-3794.html,保险相关,社会保险
//xuexi.huize.com/study/studytag/word-3795.html,保险相关,社会保险
//xuexi.huize.com/study/studytag/word-3796.html,保险相关,社会保险
//xuexi.huize.com/study/studytag/word-3797.html,保险相关,社会保险
//xuexi.huize.com/study/studytag/word-3799.html,保险相关,社会保险
//xuexi.huize.com/study/studytag/word-3800.html,保险相关,社会保险
//xuexi.huize.com/study/studytag/word-3801.html,保险相关,社会保险
//xuexi.huize.com/study/studytag/word-3802.html,保险相关,社会保险
//xuexi.huize.com/study/studytag/word-3803.html,保险相关,社会保险
//xuexi.huize.com/study/studytag/word-3804.html,保险相关,社会保险
//xuexi.huize.com/study/studytag/word-3805.html,保险相关,社会保险
//xuexi.huize.com/study/studytag/word-3806.html,保险相关,社会保险
//xuexi.huize.com/study/studytag/word-3807.html,保险相关,社会保险
//xuexi.huize.com/study/studytag/word-3808.html,保险相关,社会保险
//xuexi.huize.com/study/studytag/word-3809.html,保险相关,社会保险
//xuexi.huize.com/study/studytag/word-3811.html,保险相关,社会保险
//xuexi.huize.com/study/studytag/word-3812.html,保险相关,社会保险
//xuexi.huize.com/study/studytag/word-3813.html,保险相关,社会保险
//xuexi.huize.com/study/studytag/word-3814.html,保险相关,社会保险
//xuexi.huize.com/study/studytag/word-3815.html,保险相关,社会保险
//xuexi.huize.com/study/studytag/word-3816.html,保险相关,社会保险
//xuexi.huize.com/study/studytag/word-3817.html,保险相关,社会保险
//xuexi.huize.com/study/studytag/word-3818.html,保险相关,社会保险
//xuexi.huize.com/study/studytag/word-3820.html,保险相关,社会保险
//xuexi.huize.com/study/studytag/word-3821.html,保险相关,社会保险
//xuexi.huize.com/study/studytag/word-3822.html,保险相关,社会保险
//xuexi.huize.com/study/studytag/word-3823.html,保险相关,社会保险
//xuexi.huize.com/study/studytag/word-3824.html,保险相关,社会保险
//xuexi.huize.com/study/studytag/word-3826.html,保险相关,社会保险
//xuexi.huize.com/study/studytag/word-3827.html,保险相关,社会保险
//xuexi.huize.com/study/studytag/word-3828.html,保险相关,社会保险
//xuexi.huize.com/study/studytag/word-3317.html,保险相关,社会保险
//xuexi.huize.com/study/studytag/word-3829.html,保险相关,社会保险
//xuexi.huize.com/study/studytag/word-3830.html,保险相关,社会保险
//xuexi.huize.com/study/studytag/word-3831.html,保险相关,社会保险
//xuexi.huize.com/study/studytag/word-3833.html,保险相关,社会保险
//xuexi.huize.com/study/studytag/word-3834.html,保险相关,社会保险
//xuexi.huize.com/study/studytag/word-3835.html,保险相关,社会保险
//xuexi.huize.com/study/studytag/word-3836.html,保险相关,社会保险
//xuexi.huize.com/study/studytag/word-3837.html,保险相关,社会保险
//xuexi.huize.com/study/studytag/word-3838.html,保险相关,社会保险
//xuexi.huize.com/study/studytag/word-1960.html,保险相关,社会保险
//xuexi.huize.com/study/studytag/word-1961.html,保险相关,社会保险
//xuexi.huize.com/study/studytag/word-1963.html,保险相关,社会保险
//xuexi.huize.com/study/studytag/word-1969.html,保险相关,社会保险
//xuexi.huize.com/study/studytag/word-1971.html,保险相关,社会保险
//xuexi.huize.com/study/studytag/word-1972.html,保险相关,社会保险
//xuexi.huize.com/study/studytag/word-1974.html,保险相关,社会保险
//xuexi.huize.com/study/studytag/word-1975.html,保险相关,社会保险
//xuexi.huize.com/study/studytag/word-1976.html,保险相关,社会保险
//xuexi.huize.com/study/studytag/word-1977.html,保险相关,社会保险
//xuexi.huize.com/study/studytag/word-1978.html,保险相关,社会保险
//xuexi.huize.com/study/studytag/word-1981.html,保险相关,社会保险
//xuexi.huize.com/study/studytag/word-1983.html,保险相关,社会保险
//xuexi.huize.com/study/studytag/word-1985.html,保险相关,社会保险
//xuexi.huize.com/study/studytag/word-1986.html,保险相关,社会保险
//xuexi.huize.com/study/studytag/word-1987.html,保险相关,社会保险
//xuexi.huize.com/study/studytag/word-1989.html,保险相关,社会保险
//xuexi.huize.com/study/studytag/word-1990.html,保险相关,社会保险
//xuexi.huize.com/study/studytag/word-1992.html,保险相关,社会保险
//xuexi.huize.com/study/studytag/word-1995.html,保险相关,社会保险
//xuexi.huize.com/study/studytag/word-1996.html,保险相关,社会保险
//xuexi.huize.com/study/studytag/word-1997.html,保险相关,社会保险
//xuexi.huize.com/study/studytag/word-1998.html,保险相关,社会保险
//xuexi.huize.com/study/studytag/word-1999.html,保险相关,社会保险
//xuexi.huize.com/study/studytag/word-2000.html,保险相关,社会保险
//xuexi.huize.com/study/studytag/word-2003.html,保险相关,社会保险
//xuexi.huize.com/study/studytag/word-2004.html,保险相关,社会保险
//xuexi.huize.com/study/studytag/word-2007.html,保险相关,社会保险
//xuexi.huize.com/study/studytag/word-2827.html,保险相关,社会保险
//xuexi.huize.com/study/studytag/word-2828.html,保险相关,社会保险
//xuexi.huize.com/study/studytag/word-2009.html,保险相关,社会保险
//xuexi.huize.com/study/studytag/word-2832.html,保险相关,社会保险
//xuexi.huize.com/study/studytag/word-2010.html,保险相关,社会保险
//xuexi.huize.com/study/studytag/word-2830.html,保险相关,社会保险
//xuexi.huize.com/study/studytag/word-2011.html,保险相关,社会保险
//xuexi.huize.com/study/studytag/word-2831.html,保险相关,社会保险
//xuexi.huize.com/study/studytag/word-2833.html,保险相关,社会保险
//xuexi.huize.com/study/studytag/word-2014.html,保险相关,社会保险
//xuexi.huize.com/study/studytag/word-2015.html,保险相关,社会保险
//xuexi.huize.com/study/studytag/word-2018.html,保险相关,社会保险
//xuexi.huize.com/study/studytag/word-2019.html,保险相关,社会保险
//xuexi.huize.com/study/studytag/word-2020.html,保险相关,社会保险
//xuexi.huize.com/study/studytag/word-2021.html,保险相关,社会保险
//xuexi.huize.com/study/studytag/word-2022.html,保险相关,社会保险
//xuexi.huize.com/study/studytag/word-2122.html,保险相关,社会保险
//xuexi.huize.com/study/studytag/word-2125.html,保险相关,社会保险
//xuexi.huize.com/study/studytag/word-2126.html,保险相关,社会保险
//xuexi.huize.com/study/studytag/word-2127.html,保险相关,社会保险
//xuexi.huize.com/study/studytag/word-2128.html,保险相关,社会保险
//xuexi.huize.com/study/studytag/word-2129.html,保险相关,社会保险
//xuexi.huize.com/study/studytag/word-2130.html,保险相关,社会保险
//xuexi.huize.com/study/studytag/word-2131.html,保险相关,社会保险
//xuexi.huize.com/study/studytag/word-2134.html,保险相关,社会保险
//xuexi.huize.com/study/studytag/word-2135.html,保险相关,社会保险
//xuexi.huize.com/study/studytag/word-2136.html,保险相关,社会保险
//xuexi.huize.com/study/studytag/word-2138.html,保险相关,社会保险
//xuexi.huize.com/study/studytag/word-2139.html,保险相关,社会保险
//xuexi.huize.com/study/studytag/word-2140.html,保险相关,社会保险
//xuexi.huize.com/study/studytag/word-2141.html,保险相关,社会保险
//xuexi.huize.com/study/studytag/word-18588.html,保险相关,社会保险
//xuexi.huize.com/study/studytag/word-18699.html,保险相关,社会保险
//xuexi.huize.com/study/studytag/word-18792.html,保险相关,社会保险
//xuexi.huize.com/study/studytag/word-18793.html,保险相关,社会保险
//xuexi.huize.com/study/studytag/word-18825.html,保险相关,社会保险
//xuexi.huize.com/study/studytag/word-18826.html,保险相关,社会保险
//xuexi.huize.com/study/studytag/word-18845.html,保险相关,社会保险
//xuexi.huize.com/study/studytag/word-18907.html,保险相关,社会保险
//xuexi.huize.com/study/studytag/word-18930.html,保险相关,社会保险
//xuexi.huize.com/study/studytag/word-18937.html,保险相关,社会保险
//xuexi.huize.com/study/studytag/word-19073.html,保险相关,社会保险
//xuexi.huize.com/study/studytag/word-19074.html,保险相关,社会保险
//xuexi.huize.com/study/studytag/word-19086.html,保险相关,社会保险
//xuexi.huize.com/study/studytag/word-19099.html,保险相关,社会保险
//xuexi.huize.com/study/studytag/word-19190.html,保险相关,社会保险
//xuexi.huize.com/study/studytag/word-19191.html,保险相关,社会保险
//xuexi.huize.com/study/studytag/word-19214.html,保险相关,社会保险
//xuexi.huize.com/study/studytag/word-19241.html,保险相关,社会保险
//xuexi.huize.com/study/studytag/word-19252.html,保险相关,社会保险
//xuexi.huize.com/study/studytag/word-19286.html,保险相关,社会保险
//xuexi.huize.com/study/studytag/word-19326.html,保险相关,社会保险
//xuexi.huize.com/study/studytag/word-19337.html,保险相关,社会保险
//xuexi.huize.com/study/studytag/word-19343.html,保险相关,社会保险
//xuexi.huize.com/study/studytag/word-19379.html,保险相关,社会保险
//xuexi.huize.com/study/studytag/word-2023.html,保险相关,保险法
//xuexi.huize.com/study/studytag/word-2024.html,保险相关,保险法
//xuexi.huize.com/study/studytag/word-2025.html,保险相关,保险法
//xuexi.huize.com/study/studytag/word-2026.html,保险相关,保险法
//xuexi.huize.com/study/studytag/word-2027.html,保险相关,保险法
//xuexi.huize.com/study/studytag/word-2028.html,保险相关,保险法
//xuexi.huize.com/study/studytag/word-2029.html,保险相关,保险法
//xuexi.huize.com/study/studytag/word-2030.html,保险相关,保险法
//xuexi.huize.com/study/studytag/word-2031.html,保险相关,保险法
//xuexi.huize.com/study/studytag/word-2032.html,保险相关,保险法
//xuexi.huize.com/study/studytag/word-2033.html,保险相关,保险法
//xuexi.huize.com/study/studytag/word-2034.html,保险相关,保险法
//xuexi.huize.com/study/studytag/word-2035.html,保险相关,保险法
//xuexi.huize.com/study/studytag/word-2036.html,保险相关,保险法
//xuexi.huize.com/study/studytag/word-2037.html,保险相关,保险法
//xuexi.huize.com/study/studytag/word-2038.html,保险相关,保险法
//xuexi.huize.com/study/studytag/word-2039.html,保险相关,保险法
//xuexi.huize.com/study/studytag/word-2040.html,保险相关,保险法
//xuexi.huize.com/study/studytag/word-2041.html,保险相关,保险法
//xuexi.huize.com/study/studytag/word-2042.html,保险相关,保险法
//xuexi.huize.com/study/studytag/word-2043.html,保险相关,保险法
//xuexi.huize.com/study/studytag/word-2044.html,保险相关,保险法
//xuexi.huize.com/study/studytag/word-2045.html,保险相关,保险法
//xuexi.huize.com/study/studytag/word-2046.html,保险相关,保险法
//xuexi.huize.com/study/studytag/word-2047.html,保险相关,保险法
//xuexi.huize.com/study/studytag/word-2048.html,保险相关,保险法
//xuexi.huize.com/study/studytag/word-2049.html,保险相关,保险法
//xuexi.huize.com/study/studytag/word-2050.html,保险相关,保险法
//xuexi.huize.com/study/studytag/word-2051.html,保险相关,保险法
//xuexi.huize.com/study/studytag/word-2052.html,保险相关,保险法
//xuexi.huize.com/study/studytag/word-2053.html,保险相关,保险法
//xuexi.huize.com/study/studytag/word-2054.html,保险相关,保险法
//xuexi.huize.com/study/studytag/word-2055.html,保险相关,保险法
//xuexi.huize.com/study/studytag/word-2056.html,保险相关,保险法
//xuexi.huize.com/study/studytag/word-2057.html,保险相关,保险法
//xuexi.huize.com/study/studytag/word-2058.html,保险相关,保险法
//xuexi.huize.com/study/studytag/word-2059.html,保险相关,保险法
//xuexi.huize.com/study/studytag/word-2060.html,保险相关,保险法
//xuexi.huize.com/study/studytag/word-18227.html,保险相关,保险法
//xuexi.huize.com/study/studytag/word-18228.html,保险相关,保险法
//xuexi.huize.com/study/studytag/word-18229.html,保险相关,保险法
//xuexi.huize.com/study/studytag/word-18230.html,保险相关,保险法
//xuexi.huize.com/study/studytag/word-18232.html,保险相关,保险法
//xuexi.huize.com/study/studytag/word-18233.html,保险相关,保险法
//xuexi.huize.com/study/studytag/word-18234.html,保险相关,保险法
//xuexi.huize.com/study/studytag/word-18237.html,保险相关,保险法
//xuexi.huize.com/study/studytag/word-18238.html,保险相关,保险法
//xuexi.huize.com/study/studytag/word-18239.html,保险相关,保险法
//xuexi.huize.com/study/studytag/word-18240.html,保险相关,保险法
//xuexi.huize.com/study/studytag/word-2061.html,保险相关,保险公司
//xuexi.huize.com/study/studytag/word-2062.html,保险相关,保险公司
//xuexi.huize.com/study/studytag/word-2063.html,保险相关,保险公司
//xuexi.huize.com/study/studytag/word-2064.html,保险相关,保险公司
//xuexi.huize.com/study/studytag/word-2065.html,保险相关,保险公司
//xuexi.huize.com/study/studytag/word-2067.html,保险相关,保险公司
//xuexi.huize.com/study/studytag/word-2069.html,保险相关,保险公司
//xuexi.huize.com/study/studytag/word-2071.html,保险相关,保险公司
//xuexi.huize.com/study/studytag/word-2072.html,保险相关,保险公司
//xuexi.huize.com/study/studytag/word-2073.html,保险相关,保险公司
//xuexi.huize.com/study/studytag/word-2074.html,保险相关,保险公司
//xuexi.huize.com/study/studytag/word-2075.html,保险相关,保险公司
//xuexi.huize.com/study/studytag/word-2076.html,保险相关,保险公司
//xuexi.huize.com/study/studytag/word-2078.html,保险相关,保险公司
//xuexi.huize.com/study/studytag/word-2142.html,保险相关,买保险
//xuexi.huize.com/study/studytag/word-2143.html,保险相关,买保险
//xuexi.huize.com/study/studytag/word-2144.html,保险相关,买保险
//xuexi.huize.com/study/studytag/word-2145.html,保险相关,买保险
//xuexi.huize.com/study/studytag/word-2146.html,保险相关,买保险
//xuexi.huize.com/study/studytag/word-2147.html,保险相关,买保险
//xuexi.huize.com/study/studytag/word-2148.html,保险相关,买保险
//xuexi.huize.com/study/studytag/word-2149.html,保险相关,买保险
//xuexi.huize.com/study/studytag/word-2150.html,保险相关,买保险
//xuexi.huize.com/study/studytag/word-2151.html,保险相关,买保险
//xuexi.huize.com/study/studytag/word-2152.html,保险相关,买保险
//xuexi.huize.com/study/studytag/word-2153.html,保险相关,买保险
//xuexi.huize.com/study/studytag/word-2154.html,保险相关,买保险
//xuexi.huize.com/study/studytag/word-2155.html,保险相关,买保险
//xuexi.huize.com/study/studytag/word-2157.html,保险相关,买保险
//xuexi.huize.com/study/studytag/word-2158.html,保险相关,买保险
//xuexi.huize.com/study/studytag/word-2159.html,保险相关,买保险
//xuexi.huize.com/study/studytag/word-2160.html,保险相关,买保险
//xuexi.huize.com/study/studytag/word-2161.html,保险相关,买保险
//xuexi.huize.com/study/studytag/word-2162.html,保险相关,买保险
//xuexi.huize.com/study/studytag/word-2163.html,保险相关,买保险
//xuexi.huize.com/study/studytag/word-2164.html,保险相关,买保险
//xuexi.huize.com/study/studytag/word-2165.html,保险相关,买保险
//xuexi.huize.com/study/studytag/word-2166.html,保险相关,买保险
//xuexi.huize.com/study/studytag/word-2167.html,保险相关,买保险
//xuexi.huize.com/study/studytag/word-2168.html,保险相关,买保险
//xuexi.huize.com/study/studytag/word-2169.html,保险相关,买保险
//xuexi.huize.com/study/studytag/word-2170.html,保险相关,买保险
//xuexi.huize.com/study/studytag/word-2171.html,保险相关,买保险
//xuexi.huize.com/study/studytag/word-2172.html,保险相关,买保险
//xuexi.huize.com/study/studytag/word-2173.html,保险相关,买保险
//xuexi.huize.com/study/studytag/word-2174.html,保险相关,买保险
//xuexi.huize.com/study/studytag/word-2175.html,保险相关,买保险
//xuexi.huize.com/study/studytag/word-2176.html,保险相关,买保险
//xuexi.huize.com/study/studytag/word-2177.html,保险相关,买保险
//xuexi.huize.com/study/studytag/word-2178.html,保险相关,买保险
//xuexi.huize.com/study/studytag/word-2179.html,保险相关,买保险
//xuexi.huize.com/study/studytag/word-2760.html,保险相关,买保险
//xuexi.huize.com/study/studytag/word-2180.html,保险相关,买保险
//xuexi.huize.com/study/studytag/word-2181.html,保险相关,买保险
//xuexi.huize.com/study/studytag/word-2763.html,保险相关,买保险
//xuexi.huize.com/study/studytag/word-2182.html,保险相关,买保险
//xuexi.huize.com/study/studytag/word-2764.html,保险相关,买保险
//xuexi.huize.com/study/studytag/word-2183.html,保险相关,买保险
//xuexi.huize.com/study/studytag/word-2765.html,保险相关,买保险
//xuexi.huize.com/study/studytag/word-2184.html,保险相关,买保险
//xuexi.huize.com/study/studytag/word-2766.html,保险相关,买保险
//xuexi.huize.com/study/studytag/word-2185.html,保险相关,买保险
//xuexi.huize.com/study/studytag/word-2767.html,保险相关,买保险
//xuexi.huize.com/study/studytag/word-2186.html,保险相关,买保险
//xuexi.huize.com/study/studytag/word-2187.html,保险相关,买保险
//xuexi.huize.com/study/studytag/word-2188.html,保险相关,买保险
//xuexi.huize.com/study/studytag/word-2190.html,保险相关,买保险
//xuexi.huize.com/study/studytag/word-2191.html,保险相关,买保险
//xuexi.huize.com/study/studytag/word-2192.html,保险相关,买保险
//xuexi.huize.com/study/studytag/word-2193.html,保险相关,买保险
//xuexi.huize.com/study/studytag/word-2194.html,保险相关,买保险
//xuexi.huize.com/study/studytag/word-2195.html,保险相关,买保险
//xuexi.huize.com/study/studytag/word-2196.html,保险相关,买保险
//xuexi.huize.com/study/studytag/word-2197.html,保险相关,买保险
//xuexi.huize.com/study/studytag/word-2198.html,保险相关,买保险
//xuexi.huize.com/study/studytag/word-2199.html,保险相关,买保险
//xuexi.huize.com/study/studytag/word-2796.html,保险相关,买保险
//xuexi.huize.com/study/studytag/word-2200.html,保险相关,买保险
//xuexi.huize.com/study/studytag/word-2797.html,保险相关,买保险
//xuexi.huize.com/study/studytag/word-2201.html,保险相关,买保险
//xuexi.huize.com/study/studytag/word-2798.html,保险相关,买保险
//xuexi.huize.com/study/studytag/word-2202.html,保险相关,买保险
//xuexi.huize.com/study/studytag/word-2203.html,保险相关,买保险
//xuexi.huize.com/study/studytag/word-2800.html,保险相关,买保险
//xuexi.huize.com/study/studytag/word-2204.html,保险相关,买保险
//xuexi.huize.com/study/studytag/word-2801.html,保险相关,买保险
//xuexi.huize.com/study/studytag/word-2803.html,保险相关,买保险
//xuexi.huize.com/study/studytag/word-2206.html,保险相关,买保险
//xuexi.huize.com/study/studytag/word-2802.html,保险相关,买保险
//xuexi.huize.com/study/studytag/word-2207.html,保险相关,买保险
//xuexi.huize.com/study/studytag/word-2804.html,保险相关,买保险
//xuexi.huize.com/study/studytag/word-2805.html,保险相关,买保险
//xuexi.huize.com/study/studytag/word-2806.html,保险相关,买保险
//xuexi.huize.com/study/studytag/word-2807.html,保险相关,买保险
//xuexi.huize.com/study/studytag/word-2808.html,保险相关,买保险
//xuexi.huize.com/study/studytag/word-2809.html,保险相关,买保险
//xuexi.huize.com/study/studytag/word-2208.html,保险相关,保险案例
//xuexi.huize.com/study/studytag/word-2209.html,保险相关,保险案例
//xuexi.huize.com/study/studytag/word-2210.html,保险相关,保险案例
//xuexi.huize.com/study/studytag/word-2211.html,保险相关,保险案例
//xuexi.huize.com/study/studytag/word-2212.html,保险相关,保险案例
//xuexi.huize.com/study/studytag/word-2213.html,保险相关,保险案例
//xuexi.huize.com/study/studytag/word-2214.html,保险相关,保险案例
//xuexi.huize.com/study/studytag/word-2215.html,保险相关,保险案例
//xuexi.huize.com/study/studytag/word-2216.html,保险相关,保险案例
//xuexi.huize.com/study/studytag/word-2217.html,保险相关,保险案例
//xuexi.huize.com/study/studytag/word-2219.html,保险相关,保险案例
//xuexi.huize.com/study/studytag/word-2220.html,保险相关,保险案例
//xuexi.huize.com/study/studytag/word-2221.html,保险相关,保险案例
//xuexi.huize.com/study/studytag/word-2222.html,保险相关,保险案例
//xuexi.huize.com/study/studytag/word-2223.html,保险相关,保险案例
//xuexi.huize.com/study/studytag/word-2224.html,保险相关,保险案例
//xuexi.huize.com/study/studytag/word-2225.html,保险相关,保险案例
//xuexi.huize.com/study/studytag/word-2226.html,保险相关,保险案例
//xuexi.huize.com/study/studytag/word-2229.html,保险相关,保险案例
//xuexi.huize.com/study/studytag/word-2230.html,保险相关,保险案例
//xuexi.huize.com/study/studytag/word-2231.html,保险相关,保险案例
//xuexi.huize.com/study/studytag/word-2232.html,保险相关,保险案例
//xuexi.huize.com/study/studytag/word-2233.html,保险相关,保险案例
//xuexi.huize.com/study/studytag/word-2234.html,保险相关,保险案例
//xuexi.huize.com/study/studytag/word-2235.html,保险相关,保险案例
//xuexi.huize.com/study/studytag/word-2236.html,保险相关,保险案例
//xuexi.huize.com/study/studytag/word-2238.html,保险相关,保险案例
//xuexi.huize.com/study/studytag/word-2239.html,保险相关,保险案例
//xuexi.huize.com/study/studytag/word-2240.html,保险相关,保险案例
//xuexi.huize.com/study/studytag/word-2241.html,保险相关,保险案例
//xuexi.huize.com/study/studytag/word-2242.html,保险相关,保险案例
//xuexi.huize.com/study/studytag/word-2244.html,保险相关,保险案例
//xuexi.huize.com/study/studytag/word-2343.html,保险相关,保险代理
//xuexi.huize.com/study/studytag/word-2344.html,保险相关,保险代理
//xuexi.huize.com/study/studytag/word-2345.html,保险相关,保险代理
//xuexi.huize.com/study/studytag/word-2346.html,保险相关,保险代理
//xuexi.huize.com/study/studytag/word-2347.html,保险相关,保险代理
//xuexi.huize.com/study/studytag/word-2348.html,保险相关,保险代理
//xuexi.huize.com/study/studytag/word-2349.html,保险相关,保险代理
//xuexi.huize.com/study/studytag/word-2350.html,保险相关,保险代理
//xuexi.huize.com/study/studytag/word-2351.html,保险相关,保险代理
//xuexi.huize.com/study/studytag/word-2352.html,保险相关,保险代理
//xuexi.huize.com/study/studytag/word-2353.html,保险相关,保险代理
//xuexi.huize.com/study/studytag/word-2354.html,保险相关,保险代理
//xuexi.huize.com/study/studytag/word-2355.html,保险相关,保险代理
//xuexi.huize.com/study/studytag/word-2356.html,保险相关,保险代理
//xuexi.huize.com/study/studytag/word-2357.html,保险相关,保险代理
//xuexi.huize.com/study/studytag/word-2358.html,保险相关,保险代理
//xuexi.huize.com/study/studytag/word-2359.html,保险相关,保险代理
//xuexi.huize.com/study/studytag/word-2360.html,保险相关,保险代理
//xuexi.huize.com/study/studytag/word-2361.html,保险相关,保险代理
//xuexi.huize.com/study/studytag/word-2362.html,保险相关,保险代理
//xuexi.huize.com/study/studytag/word-2363.html,保险相关,保险代理
//xuexi.huize.com/study/studytag/word-2364.html,保险相关,保险代理
//xuexi.huize.com/study/studytag/word-2365.html,保险相关,保险代理
//xuexi.huize.com/study/studytag/word-2366.html,保险相关,保险代理
//xuexi.huize.com/study/studytag/word-2367.html,保险相关,保险代理
//xuexi.huize.com/study/studytag/word-2368.html,保险相关,保险代理
//xuexi.huize.com/study/studytag/word-2369.html,保险相关,保险代理
//xuexi.huize.com/study/studytag/word-2370.html,保险相关,保险代理
//xuexi.huize.com/study/studytag/word-2371.html,保险相关,保险代理
//xuexi.huize.com/study/studytag/word-2372.html,保险相关,保险代理
//xuexi.huize.com/study/studytag/word-2373.html,保险相关,保险代理
//xuexi.huize.com/study/studytag/word-2374.html,保险相关,保险代理
//xuexi.huize.com/study/studytag/word-2375.html,保险相关,保险代理
//xuexi.huize.com/study/studytag/word-2376.html,保险相关,保险代理
//xuexi.huize.com/study/studytag/word-2377.html,保险相关,保险代理
//xuexi.huize.com/study/studytag/word-2378.html,保险相关,保险代理
//xuexi.huize.com/study/studytag/word-2379.html,保险相关,保险代理
//xuexi.huize.com/study/studytag/word-2380.html,保险相关,保险代理
//xuexi.huize.com/study/studytag/word-2381.html,保险相关,保险代理
//xuexi.huize.com/study/studytag/word-2382.html,保险相关,保险代理
//xuexi.huize.com/study/studytag/word-2383.html,保险相关,保险代理
//xuexi.huize.com/study/studytag/word-2384.html,保险相关,保险代理
//xuexi.huize.com/study/studytag/word-2385.html,保险相关,保险代理
//xuexi.huize.com/study/studytag/word-2386.html,保险相关,保险代理
//xuexi.huize.com/study/studytag/word-2387.html,保险相关,保险代理
//xuexi.huize.com/study/studytag/word-2388.html,保险相关,保险代理
//xuexi.huize.com/study/studytag/word-2389.html,保险相关,保险代理
//xuexi.huize.com/study/studytag/word-2390.html,保险相关,保险代理
//xuexi.huize.com/study/studytag/word-2391.html,保险相关,保险代理
//xuexi.huize.com/study/studytag/word-2392.html,保险相关,保险代理
//xuexi.huize.com/study/studytag/word-2393.html,保险相关,保险代理
//xuexi.huize.com/study/studytag/word-2394.html,保险相关,保险代理
//xuexi.huize.com/study/studytag/word-2395.html,保险相关,保险代理
//xuexi.huize.com/study/studytag/word-2396.html,保险相关,保险代理
//xuexi.huize.com/study/studytag/word-2397.html,保险相关,保险代理
//xuexi.huize.com/study/studytag/word-2398.html,保险相关,保险代理
//xuexi.huize.com/study/studytag/word-2399.html,保险相关,保险代理
//xuexi.huize.com/study/studytag/word-2400.html,保险相关,保险代理
//xuexi.huize.com/study/studytag/word-2401.html,保险相关,保险代理
//xuexi.huize.com/study/studytag/word-2402.html,保险相关,保险代理
//xuexi.huize.com/study/studytag/word-2403.html,保险相关,保险代理
//xuexi.huize.com/study/studytag/word-2404.html,保险相关,保险代理
//xuexi.huize.com/study/studytag/word-2405.html,保险相关,保险代理
//xuexi.huize.com/study/studytag/word-2406.html,保险相关,保险代理
//xuexi.huize.com/study/studytag/word-2407.html,保险相关,保险代理
//xuexi.huize.com/study/studytag/word-2408.html,保险相关,保险代理
//xuexi.huize.com/study/studytag/word-2409.html,保险相关,保险代理
//xuexi.huize.com/study/studytag/word-2410.html,保险相关,保险代理
//xuexi.huize.com/study/studytag/word-2411.html,保险相关,保险代理
//xuexi.huize.com/study/studytag/word-2412.html,保险相关,保险代理
//xuexi.huize.com/study/studytag/word-2413.html,保险相关,保险代理
//xuexi.huize.com/study/studytag/word-2414.html,保险相关,保险代理
//xuexi.huize.com/study/studytag/word-2415.html,保险相关,保险代理
//xuexi.huize.com/study/studytag/word-2416.html,保险相关,保险代理
//xuexi.huize.com/study/studytag/word-2417.html,保险相关,保险代理
//xuexi.huize.com/study/studytag/word-2418.html,保险相关,保险代理
//xuexi.huize.com/study/studytag/word-2419.html,保险相关,保险代理
//xuexi.huize.com/study/studytag/word-2420.html,保险相关,保险代理
//xuexi.huize.com/study/studytag/word-2421.html,保险相关,保险代理
//xuexi.huize.com/study/studytag/word-2422.html,保险相关,保险代理
//xuexi.huize.com/study/studytag/word-2424.html,保险相关,保险代理
//xuexi.huize.com/study/studytag/word-2425.html,保险相关,保险代理
//xuexi.huize.com/study/studytag/word-2426.html,保险相关,保险代理
//xuexi.huize.com/study/studytag/word-2427.html,保险相关,保险代理
//xuexi.huize.com/study/studytag/word-2428.html,保险相关,保险代理
//xuexi.huize.com/study/studytag/word-2429.html,保险相关,保险代理
//xuexi.huize.com/study/studytag/word-2430.html,保险相关,保险代理
//xuexi.huize.com/study/studytag/word-2431.html,保险相关,保险代理
//xuexi.huize.com/study/studytag/word-2432.html,保险相关,保险代理
//xuexi.huize.com/study/studytag/word-2433.html,保险相关,保险代理
//xuexi.huize.com/study/studytag/word-2434.html,保险相关,保险代理
//xuexi.huize.com/study/studytag/word-2435.html,保险相关,保险代理
//xuexi.huize.com/study/studytag/word-2436.html,保险相关,保险代理
//xuexi.huize.com/study/studytag/word-2437.html,保险相关,保险代理
//xuexi.huize.com/study/studytag/word-2438.html,保险相关,保险代理
//xuexi.huize.com/study/studytag/word-2439.html,保险相关,保险代理
//xuexi.huize.com/study/studytag/word-2440.html,保险相关,保险代理
//xuexi.huize.com/study/studytag/word-2441.html,保险相关,保险代理
//xuexi.huize.com/study/studytag/word-16640.html,保险相关,保险代理
//xuexi.huize.com/study/studytag/word-16641.html,保险相关,保险代理
//xuexi.huize.com/study/studytag/word-16642.html,保险相关,保险代理
//xuexi.huize.com/study/studytag/word-16643.html,保险相关,保险代理
//xuexi.huize.com/study/studytag/word-16644.html,保险相关,保险代理
//xuexi.huize.com/study/studytag/word-16645.html,保险相关,保险代理
//xuexi.huize.com/study/studytag/word-16646.html,保险相关,保险代理
//xuexi.huize.com/study/studytag/word-16647.html,保险相关,保险代理
//xuexi.huize.com/study/studytag/word-16648.html,保险相关,保险代理
//xuexi.huize.com/study/studytag/word-16649.html,保险相关,保险代理
//xuexi.huize.com/study/studytag/word-16650.html,保险相关,保险代理
//xuexi.huize.com/study/studytag/word-16651.html,保险相关,保险代理
//xuexi.huize.com/study/studytag/word-16661.html,保险相关,保险代理
//xuexi.huize.com/study/studytag/word-16662.html,保险相关,保险代理
//xuexi.huize.com/study/studytag/word-16663.html,保险相关,保险代理
//xuexi.huize.com/study/studytag/word-16664.html,保险相关,保险代理
//xuexi.huize.com/study/studytag/word-16665.html,保险相关,保险代理
//xuexi.huize.com/study/studytag/word-16667.html,保险相关,保险代理
//xuexi.huize.com/study/studytag/word-16668.html,保险相关,保险代理
//xuexi.huize.com/study/studytag/word-16669.html,保险相关,保险代理
//xuexi.huize.com/study/studytag/word-16670.html,保险相关,保险代理
//xuexi.huize.com/study/studytag/word-16671.html,保险相关,保险代理
//xuexi.huize.com/study/studytag/word-16672.html,保险相关,保险代理
//xuexi.huize.com/study/studytag/word-16673.html,保险相关,保险代理
//xuexi.huize.com/study/studytag/word-16674.html,保险相关,保险代理
//xuexi.huize.com/study/studytag/word-16675.html,保险相关,保险代理
//xuexi.huize.com/study/studytag/word-2442.html,保险相关,保险代理
//xuexi.huize.com/study/studytag/word-16635.html,保险相关,保险代理
//xuexi.huize.com/study/studytag/word-16636.html,保险相关,保险代理
//xuexi.huize.com/study/studytag/word-16637.html,保险相关,保险代理
//xuexi.huize.com/study/studytag/word-16638.html,保险相关,保险代理
//xuexi.huize.com/study/studytag/word-16639.html,保险相关,保险代理
//xuexi.huize.com/study/studytag/word-11572.html,保险相关,低保
//xuexi.huize.com/study/studytag/word-11573.html,保险相关,低保
//xuexi.huize.com/study/studytag/word-11574.html,保险相关,低保
//xuexi.huize.com/study/studytag/word-11575.html,保险相关,低保
//xuexi.huize.com/study/studytag/word-11576.html,保险相关,低保
//xuexi.huize.com/study/studytag/word-11577.html,保险相关,低保
//xuexi.huize.com/study/studytag/word-11578.html,保险相关,低保
//xuexi.huize.com/study/studytag/word-11579.html,保险相关,低保
//xuexi.huize.com/study/studytag/word-11581.html,保险相关,低保
//xuexi.huize.com/study/studytag/word-11582.html,保险相关,低保
//xuexi.huize.com/study/studytag/word-11583.html,保险相关,低保
//xuexi.huize.com/study/studytag/word-11584.html,保险相关,低保
//xuexi.huize.com/study/studytag/word-11585.html,保险相关,低保
//xuexi.huize.com/study/studytag/word-11586.html,保险相关,低保
//xuexi.huize.com/study/studytag/word-11587.html,保险相关,低保
//xuexi.huize.com/study/studytag/word-11588.html,保险相关,低保
//xuexi.huize.com/study/studytag/word-11589.html,保险相关,低保
//xuexi.huize.com/study/studytag/word-11590.html,保险相关,低保
//xuexi.huize.com/study/studytag/word-11591.html,保险相关,低保
//xuexi.huize.com/study/studytag/word-11607.html,保险相关,低保
//xuexi.huize.com/study/studytag/word-11608.html,保险相关,低保
//xuexi.huize.com/study/studytag/word-11609.html,保险相关,低保
//xuexi.huize.com/study/studytag/word-11610.html,保险相关,低保
//xuexi.huize.com/study/studytag/word-11611.html,保险相关,低保
//xuexi.huize.com/study/studytag/word-11612.html,保险相关,低保
//xuexi.huize.com/study/studytag/word-11613.html,保险相关,低保
//xuexi.huize.com/study/studytag/word-11614.html,保险相关,低保
//xuexi.huize.com/study/studytag/word-11615.html,保险相关,低保
//xuexi.huize.com/study/studytag/word-11616.html,保险相关,低保
//xuexi.huize.com/study/studytag/word-23944.html,保险相关,保险产品相关
//xuexi.huize.com/study/studytag/word-23945.html,保险相关,保险产品相关
//xuexi.huize.com/study/studytag/word-23946.html,保险相关,保险产品相关
//xuexi.huize.com/study/studytag/word-23947.html,保险相关,保险产品相关
//xuexi.huize.com/study/studytag/word-23948.html,保险相关,保险产品相关
//xuexi.huize.com/study/studytag/word-23949.html,保险相关,保险产品相关
//xuexi.huize.com/study/studytag/word-23950.html,保险相关,保险产品相关
//xuexi.huize.com/study/studytag/word-23951.html,保险相关,保险产品相关
//xuexi.huize.com/study/studytag/word-23968.html,保险相关,保险产品相关
//xuexi.huize.com/study/studytag/word-23978.html,保险相关,保险产品相关
//xuexi.huize.com/study/studytag/word-23980.html,保险相关,保险产品相关
//xuexi.huize.com/study/studytag/word-23982.html,保险相关,保险产品相关
//xuexi.huize.com/study/studytag/word-23987.html,保险相关,保险产品相关
//xuexi.huize.com/study/studytag/word-23988.html,保险相关,保险产品相关
//xuexi.huize.com/study/studytag/word-23989.html,保险相关,保险产品相关
//xuexi.huize.com/study/studytag/word-23990.html,保险相关,保险产品相关
//xuexi.huize.com/study/studytag/word-23991.html,保险相关,保险产品相关
//xuexi.huize.com/study/studytag/word-23992.html,保险相关,保险产品相关
//xuexi.huize.com/study/studytag/word-24021.html,保险相关,保险产品相关
//xuexi.huize.com/study/studytag/word-24022.html,保险相关,保险产品相关
//xuexi.huize.com/study/studytag/word-24023.html,保险相关,保险产品相关
//xuexi.huize.com/study/studytag/word-24024.html,保险相关,保险产品相关
//xuexi.huize.com/study/studytag/word-24025.html,保险相关,保险产品相关
//xuexi.huize.com/study/studytag/word-24026.html,保险相关,保险产品相关
//xuexi.huize.com/study/studytag/word-24027.html,保险相关,保险产品相关
//xuexi.huize.com/study/studytag/word-24028.html,保险相关,保险产品相关
//xuexi.huize.com/study/studytag/word-24029.html,保险相关,保险产品相关
//xuexi.huize.com/study/studytag/word-24030.html,保险相关,保险产品相关
//xuexi.huize.com/study/studytag/word-24031.html,保险相关,保险产品相关
//xuexi.huize.com/study/studytag/word-24032.html,保险相关,保险产品相关
//xuexi.huize.com/study/studytag/word-24046.html,保险相关,保险产品相关
//xuexi.huize.com/study/studytag/word-24050.html,保险相关,保险产品相关
//xuexi.huize.com/study/studytag/word-24053.html,保险相关,保险产品相关
//xuexi.huize.com/study/studytag/word-24058.html,保险相关,保险产品相关
//xuexi.huize.com/study/studytag/word-24059.html,保险相关,保险产品相关
//xuexi.huize.com/study/studytag/word-24060.html,保险相关,保险产品相关
//xuexi.huize.com/study/studytag/word-24061.html,保险相关,保险产品相关
//xuexi.huize.com/study/studytag/word-24062.html,保险相关,保险产品相关
//xuexi.huize.com/study/studytag/word-24063.html,保险相关,保险产品相关
//xuexi.huize.com/study/studytag/word-24064.html,保险相关,保险产品相关
//xuexi.huize.com/study/studytag/word-24065.html,保险相关,保险产品相关
//xuexi.huize.com/study/studytag/word-24066.html,保险相关,保险产品相关
//xuexi.huize.com/study/studytag/word-24067.html,保险相关,保险产品相关
//xuexi.huize.com/study/studytag/word-24068.html,保险相关,保险产品相关
//xuexi.huize.com/study/studytag/word-24069.html,保险相关,保险产品相关
//xuexi.huize.com/study/studytag/word-24070.html,保险相关,保险产品相关
//xuexi.huize.com/study/studytag/word-24071.html,保险相关,保险产品相关
//xuexi.huize.com/study/studytag/word-24072.html,保险相关,保险产品相关
//xuexi.huize.com/study/studytag/word-24107.html,保险相关,保险产品相关
//xuexi.huize.com/study/studytag/word-24115.html,保险相关,保险产品相关
//xuexi.huize.com/study/studytag/word-24116.html,保险相关,保险产品相关
//xuexi.huize.com/study/studytag/word-24117.html,保险相关,保险产品相关
//xuexi.huize.com/study/studytag/word-24118.html,保险相关,保险产品相关
//xuexi.huize.com/study/studytag/word-24119.html,保险相关,保险产品相关
//xuexi.huize.com/study/studytag/word-24120.html,保险相关,保险产品相关
//xuexi.huize.com/study/studytag/word-24121.html,保险相关,保险产品相关
//xuexi.huize.com/study/studytag/word-24122.html,保险相关,保险产品相关
//xuexi.huize.com/study/studytag/word-24152.html,保险相关,保险产品相关
//xuexi.huize.com/study/studytag/word-24155.html,保险相关,保险产品相关
//xuexi.huize.com/study/studytag/word-24157.html,保险相关,保险产品相关
//xuexi.huize.com/study/studytag/word-24158.html,保险相关,保险产品相关
//xuexi.huize.com/study/studytag/word-24162.html,保险相关,保险产品相关
//xuexi.huize.com/study/studytag/word-24164.html,保险相关,保险产品相关
//xuexi.huize.com/study/studytag/word-24167.html,保险相关,保险产品相关
//xuexi.huize.com/study/studytag/word-24179.html,保险相关,保险产品相关
//xuexi.huize.com/study/studytag/word-24180.html,保险相关,保险产品相关
//xuexi.huize.com/study/studytag/word-24181.html,保险相关,保险产品相关
//xuexi.huize.com/study/studytag/word-24182.html,保险相关,保险产品相关
//xuexi.huize.com/study/studytag/word-24183.html,保险相关,保险产品相关
//xuexi.huize.com/study/studytag/word-24184.html,保险相关,保险产品相关
//xuexi.huize.com/study/studytag/word-24185.html,保险相关,保险产品相关
//xuexi.huize.com/study/studytag/word-24187.html,保险相关,保险产品相关
//xuexi.huize.com/study/studytag/word-24191.html,保险相关,保险产品相关
//xuexi.huize.com/study/studytag/word-24193.html,保险相关,保险产品相关
//xuexi.huize.com/study/studytag/word-24195.html,保险相关,保险产品相关
//xuexi.huize.com/study/studytag/word-24198.html,保险相关,保险产品相关
//xuexi.huize.com/study/studytag/word-24200.html,保险相关,保险产品相关
//xuexi.huize.com/study/studytag/word-24203.html,保险相关,保险产品相关
//xuexi.huize.com/study/studytag/word-24225.html,保险相关,保险产品相关
//xuexi.huize.com/study/studytag/word-24226.html,保险相关,保险产品相关
//xuexi.huize.com/study/studytag/word-24227.html,保险相关,保险产品相关
//xuexi.huize.com/study/studytag/word-24228.html,保险相关,保险产品相关
//xuexi.huize.com/study/studytag/word-24229.html,保险相关,保险产品相关
//xuexi.huize.com/study/studytag/word-24230.html,保险相关,保险产品相关
//xuexi.huize.com/study/studytag/word-24231.html,保险相关,保险产品相关
//xuexi.huize.com/study/studytag/word-24232.html,保险相关,保险产品相关
//xuexi.huize.com/study/studytag/word-24233.html,保险相关,保险产品相关
//xuexi.huize.com/study/studytag/word-24234.html,保险相关,保险产品相关
//xuexi.huize.com/study/studytag/word-24235.html,保险相关,保险产品相关
//xuexi.huize.com/study/studytag/word-24236.html,保险相关,保险产品相关
//xuexi.huize.com/study/studytag/word-24237.html,保险相关,保险产品相关
//xuexi.huize.com/study/studytag/word-24238.html,保险相关,保险产品相关
//xuexi.huize.com/study/studytag/word-24239.html,保险相关,保险产品相关
//xuexi.huize.com/study/studytag/word-24243.html,保险相关,保险产品相关
//xuexi.huize.com/study/studytag/word-24244.html,保险相关,保险产品相关
//xuexi.huize.com/study/studytag/word-24246.html,保险相关,保险产品相关
//xuexi.huize.com/study/studytag/word-24248.html,保险相关,保险产品相关
//xuexi.huize.com/study/studytag/word-24306.html,保险相关,保险产品相关
//xuexi.huize.com/study/studytag/word-24312.html,保险相关,保险产品相关
//xuexi.huize.com/study/studytag/word-24313.html,保险相关,保险产品相关
//xuexi.huize.com/study/studytag/word-24314.html,保险相关,保险产品相关
//xuexi.huize.com/study/studytag/word-24316.html,保险相关,保险产品相关
//xuexi.huize.com/study/studytag/word-24320.html,保险相关,保险产品相关
//xuexi.huize.com/study/studytag/word-24322.html,保险相关,保险产品相关
//xuexi.huize.com/study/studytag/word-24323.html,保险相关,保险产品相关
//xuexi.huize.com/study/studytag/word-24324.html,保险相关,保险产品相关
//xuexi.huize.com/study/studytag/word-24338.html,保险相关,保险产品相关
//xuexi.huize.com/study/studytag/word-24341.html,保险相关,保险产品相关
//xuexi.huize.com/study/studytag/word-24343.html,保险相关,保险产品相关
//xuexi.huize.com/study/studytag/word-24345.html,保险相关,保险产品相关
//xuexi.huize.com/study/studytag/word-24347.html,保险相关,保险产品相关
//xuexi.huize.com/study/studytag/word-24349.html,保险相关,保险产品相关
//xuexi.huize.com/study/studytag/word-24352.html,保险相关,保险产品相关
//xuexi.huize.com/study/studytag/word-24354.html,保险相关,保险产品相关
//xuexi.huize.com/study/studytag/word-24407.html,保险相关,保险产品相关
//xuexi.huize.com/study/studytag/word-24409.html,保险相关,保险产品相关
//xuexi.huize.com/study/studytag/word-24412.html,保险相关,保险产品相关
//xuexi.huize.com/study/studytag/word-24413.html,保险相关,保险产品相关
//xuexi.huize.com/study/studytag/word-24417.html,保险相关,保险产品相关
//xuexi.huize.com/study/studytag/word-24418.html,保险相关,保险产品相关
//xuexi.huize.com/study/studytag/word-24421.html,保险相关,保险产品相关
//xuexi.huize.com/study/studytag/word-24436.html,保险相关,保险产品相关
//xuexi.huize.com/study/studytag/word-24437.html,保险相关,保险产品相关
//xuexi.huize.com/study/studytag/word-24438.html,保险相关,保险产品相关
//xuexi.huize.com/study/studytag/word-24439.html,保险相关,保险产品相关
//xuexi.huize.com/study/studytag/word-24440.html,保险相关,保险产品相关
//xuexi.huize.com/study/studytag/word-24442.html,保险相关,保险产品相关
//xuexi.huize.com/study/studytag/word-24443.html,保险相关,保险产品相关
//xuexi.huize.com/study/studytag/word-24444.html,保险相关,保险产品相关
//xuexi.huize.com/study/studytag/word-24446.html,保险相关,保险产品相关
//xuexi.huize.com/study/studytag/word-24488.html,保险相关,保险产品相关
//xuexi.huize.com/study/studytag/word-24489.html,保险相关,保险产品相关
//xuexi.huize.com/study/studytag/word-24490.html,保险相关,保险产品相关
//xuexi.huize.com/study/studytag/word-24491.html,保险相关,保险产品相关
//xuexi.huize.com/study/studytag/word-24492.html,保险相关,保险产品相关
//xuexi.huize.com/study/studytag/word-24493.html,保险相关,保险产品相关
//xuexi.huize.com/study/studytag/word-24498.html,保险相关,保险产品相关
//xuexi.huize.com/study/studytag/word-24500.html,保险相关,保险产品相关
//xuexi.huize.com/study/studytag/word-24540.html,保险相关,保险产品相关
//xuexi.huize.com/study/studytag/word-24541.html,保险相关,保险产品相关
//xuexi.huize.com/study/studytag/word-24542.html,保险相关,保险产品相关
//xuexi.huize.com/study/studytag/word-24543.html,保险相关,保险产品相关
//xuexi.huize.com/study/studytag/word-24546.html,保险相关,保险产品相关
//xuexi.huize.com/study/studytag/word-24548.html,保险相关,保险产品相关
//xuexi.huize.com/study/studytag/word-24550.html,保险相关,保险产品相关
//xuexi.huize.com/study/studytag/word-24666.html,保险相关,保险产品相关
//xuexi.huize.com/study/studytag/word-24669.html,保险相关,保险产品相关
//xuexi.huize.com/study/studytag/word-24671.html,保险相关,保险产品相关
//xuexi.huize.com/study/studytag/word-24674.html,保险相关,保险产品相关
//xuexi.huize.com/study/studytag/word-24677.html,保险相关,保险产品相关
//xuexi.huize.com/study/studytag/word-24679.html,保险相关,保险产品相关
//xuexi.huize.com/study/studytag/word-24680.html,保险相关,保险产品相关
//xuexi.huize.com/study/studytag/word-24681.html,保险相关,保险产品相关
//xuexi.huize.com/study/studytag/word-24682.html,保险相关,保险产品相关
//xuexi.huize.com/study/studytag/word-24683.html,保险相关,保险产品相关
//xuexi.huize.com/study/studytag/word-24690.html,保险相关,保险产品相关
//xuexi.huize.com/study/studytag/word-24691.html,保险相关,保险产品相关
//xuexi.huize.com/study/studytag/word-24692.html,保险相关,保险产品相关
//xuexi.huize.com/study/studytag/word-24693.html,保险相关,保险产品相关
//xuexi.huize.com/study/studytag/word-24694.html,保险相关,保险产品相关
//xuexi.huize.com/study/studytag/word-24695.html,保险相关,保险产品相关
//xuexi.huize.com/study/studytag/word-24696.html,保险相关,保险产品相关
//xuexi.huize.com/study/studytag/word-24700.html,保险相关,保险产品相关
//xuexi.huize.com/study/studytag/word-24702.html,保险相关,保险产品相关
//xuexi.huize.com/study/studytag/word-24705.html,保险相关,保险产品相关
//xuexi.huize.com/study/studytag/word-24707.html,保险相关,保险产品相关
//xuexi.huize.com/study/studytag/word-24709.html,保险相关,保险产品相关
//xuexi.huize.com/study/studytag/word-24712.html,保险相关,保险产品相关
//xuexi.huize.com/study/studytag/word-24714.html,保险相关,保险产品相关
//xuexi.huize.com/study/studytag/word-24716.html,保险相关,保险产品相关
//xuexi.huize.com/study/studytag/word-24743.html,保险相关,保险产品相关
//xuexi.huize.com/study/studytag/word-24744.html,保险相关,保险产品相关
//xuexi.huize.com/study/studytag/word-24745.html,保险相关,保险产品相关
//xuexi.huize.com/study/studytag/word-24746.html,保险相关,保险产品相关
//xuexi.huize.com/study/studytag/word-24747.html,保险相关,保险产品相关
//xuexi.huize.com/study/studytag/word-24748.html,保险相关,保险产品相关
//xuexi.huize.com/study/studytag/word-24750.html,保险相关,保险产品相关
//xuexi.huize.com/study/studytag/word-24752.html,保险相关,保险产品相关
//xuexi.huize.com/study/studytag/word-24753.html,保险相关,保险产品相关
//xuexi.huize.com/study/studytag/word-24756.html,保险相关,保险产品相关
//xuexi.huize.com/study/studytag/word-24758.html,保险相关,保险产品相关
//xuexi.huize.com/study/studytag/word-24760.html,保险相关,保险产品相关
//xuexi.huize.com/study/studytag/word-24790.html,保险相关,保险产品相关
//xuexi.huize.com/study/studytag/word-24791.html,保险相关,保险产品相关
//xuexi.huize.com/study/studytag/word-24792.html,保险相关,保险产品相关
//xuexi.huize.com/study/studytag/word-24793.html,保险相关,保险产品相关
//xuexi.huize.com/study/studytag/word-24794.html,保险相关,保险产品相关
//xuexi.huize.com/study/studytag/word-24795.html,保险相关,保险产品相关
//xuexi.huize.com/study/studytag/word-24796.html,保险相关,保险产品相关
//xuexi.huize.com/study/studytag/word-24797.html,保险相关,保险产品相关
//xuexi.huize.com/study/studytag/word-24798.html,保险相关,保险产品相关
//xuexi.huize.com/study/studytag/word-24799.html,保险相关,保险产品相关
//xuexi.huize.com/study/studytag/word-24800.html,保险相关,保险产品相关
//xuexi.huize.com/study/studytag/word-24801.html,保险相关,保险产品相关
//xuexi.huize.com/study/studytag/word-24802.html,保险相关,保险产品相关
//xuexi.huize.com/study/studytag/word-24803.html,保险相关,保险产品相关
//xuexi.huize.com/study/studytag/word-24805.html,保险相关,保险产品相关
//xuexi.huize.com/study/studytag/word-24808.html,保险相关,保险产品相关
//xuexi.huize.com/study/studytag/word-24875.html,保险相关,保险产品相关
//xuexi.huize.com/study/studytag/word-24876.html,保险相关,保险产品相关
//xuexi.huize.com/study/studytag/word-24877.html,保险相关,保险产品相关
//xuexi.huize.com/study/studytag/word-24878.html,保险相关,保险产品相关
//xuexi.huize.com/study/studytag/word-24879.html,保险相关,保险产品相关
//xuexi.huize.com/study/studytag/word-24880.html,保险相关,保险产品相关
//xuexi.huize.com/study/studytag/word-24881.html,保险相关,保险产品相关
//xuexi.huize.com/study/studytag/word-24882.html,保险相关,保险产品相关
//xuexi.huize.com/study/studytag/word-24883.html,保险相关,保险产品相关
//xuexi.huize.com/study/studytag/word-24884.html,保险相关,保险产品相关
//xuexi.huize.com/study/studytag/word-24885.html,保险相关,保险产品相关
//xuexi.huize.com/study/studytag/word-24886.html,保险相关,保险产品相关
//xuexi.huize.com/study/studytag/word-24924.html,保险相关,保险产品相关
//xuexi.huize.com/study/studytag/word-24925.html,保险相关,保险产品相关
//xuexi.huize.com/study/studytag/word-24926.html,保险相关,保险产品相关
//xuexi.huize.com/study/studytag/word-24927.html,保险相关,保险产品相关
//xuexi.huize.com/study/studytag/word-24928.html,保险相关,保险产品相关
//xuexi.huize.com/study/studytag/word-24929.html,保险相关,保险产品相关
//xuexi.huize.com/study/studytag/word-24930.html,保险相关,保险产品相关
//xuexi.huize.com/study/studytag/word-24931.html,保险相关,保险产品相关
//xuexi.huize.com/study/studytag/word-24932.html,保险相关,保险产品相关
//xuexi.huize.com/study/studytag/word-24933.html,保险相关,保险产品相关
//xuexi.huize.com/study/studytag/word-24934.html,保险相关,保险产品相关
//xuexi.huize.com/study/studytag/word-24935.html,保险相关,保险产品相关
//xuexi.huize.com/study/studytag/word-24936.html,保险相关,保险产品相关
//xuexi.huize.com/study/studytag/word-24937.html,保险相关,保险产品相关
//xuexi.huize.com/study/studytag/word-24974.html,保险相关,保险产品相关
//xuexi.huize.com/study/studytag/word-24975.html,保险相关,保险产品相关
//xuexi.huize.com/study/studytag/word-24976.html,保险相关,保险产品相关
//xuexi.huize.com/study/studytag/word-24977.html,保险相关,保险产品相关
//xuexi.huize.com/study/studytag/word-24978.html,保险相关,保险产品相关
//xuexi.huize.com/study/studytag/word-24979.html,保险相关,保险产品相关
//xuexi.huize.com/study/studytag/word-24980.html,保险相关,保险产品相关
//xuexi.huize.com/study/studytag/word-24981.html,保险相关,保险产品相关
//xuexi.huize.com/study/studytag/word-24982.html,保险相关,保险产品相关
//xuexi.huize.com/study/studytag/word-24983.html,保险相关,保险产品相关
//xuexi.huize.com/study/studytag/word-24984.html,保险相关,保险产品相关
//xuexi.huize.com/study/studytag/word-24985.html,保险相关,保险产品相关
//xuexi.huize.com/study/studytag/word-24986.html,保险相关,保险产品相关
//xuexi.huize.com/study/studytag/word-24987.html,保险相关,保险产品相关
//xuexi.huize.com/study/studytag/word-24988.html,保险相关,保险产品相关
//xuexi.huize.com/study/studytag/word-24995.html,保险相关,保险产品相关
//xuexi.huize.com/study/studytag/word-24996.html,保险相关,保险产品相关
//xuexi.huize.com/study/studytag/word-24997.html,保险相关,保险产品相关
//xuexi.huize.com/study/studytag/word-24998.html,保险相关,保险产品相关
//xuexi.huize.com/study/studytag/word-24999.html,保险相关,保险产品相关
//xuexi.huize.com/study/studytag/word-25000.html,保险相关,保险产品相关
//xuexi.huize.com/study/studytag/word-25001.html,保险相关,保险产品相关
//xuexi.huize.com/study/studytag/word-25002.html,保险相关,保险产品相关
//xuexi.huize.com/study/studytag/word-25003.html,保险相关,保险产品相关
//xuexi.huize.com/study/studytag/word-25004.html,保险相关,保险产品相关
//xuexi.huize.com/study/studytag/word-25005.html,保险相关,保险产品相关
//xuexi.huize.com/study/studytag/word-25006.html,保险相关,保险产品相关
//xuexi.huize.com/study/studytag/word-25007.html,保险相关,保险产品相关
//xuexi.huize.com/study/studytag/word-25008.html,保险相关,保险产品相关
//xuexi.huize.com/study/studytag/word-25009.html,保险相关,保险产品相关
//xuexi.huize.com/study/studytag/word-25026.html,保险相关,保险产品相关
//xuexi.huize.com/study/studytag/word-25027.html,保险相关,保险产品相关
//xuexi.huize.com/study/studytag/word-25028.html,保险相关,保险产品相关
//xuexi.huize.com/study/studytag/word-25029.html,保险相关,保险产品相关
//xuexi.huize.com/study/studytag/word-25031.html,保险相关,保险产品相关
//xuexi.huize.com/study/studytag/word-25072.html,保险相关,保险产品相关
//xuexi.huize.com/study/studytag/word-25074.html,保险相关,保险产品相关
//xuexi.huize.com/study/studytag/word-25075.html,保险相关,保险产品相关
//xuexi.huize.com/study/studytag/word-25079.html,保险相关,保险产品相关
//xuexi.huize.com/study/studytag/word-25081.html,保险相关,保险产品相关
//xuexi.huize.com/study/studytag/word-25083.html,保险相关,保险产品相关
//xuexi.huize.com/study/studytag/word-25085.html,保险相关,保险产品相关
//xuexi.huize.com/study/studytag/word-25087.html,保险相关,保险产品相关
//xuexi.huize.com/study/studytag/word-25091.html,保险相关,保险产品相关
//xuexi.huize.com/study/studytag/word-25094.html,保险相关,保险产品相关
//xuexi.huize.com/study/studytag/word-25145.html,保险相关,保险产品相关
//xuexi.huize.com/study/studytag/word-25146.html,保险相关,保险产品相关
//xuexi.huize.com/study/studytag/word-25147.html,保险相关,保险产品相关
//xuexi.huize.com/study/studytag/word-25148.html,保险相关,保险产品相关
//xuexi.huize.com/study/studytag/word-25149.html,保险相关,保险产品相关
//xuexi.huize.com/study/studytag/word-25150.html,保险相关,保险产品相关
//xuexi.huize.com/study/studytag/word-25151.html,保险相关,保险产品相关
//xuexi.huize.com/study/studytag/word-25152.html,保险相关,保险产品相关
//xuexi.huize.com/study/studytag/word-25153.html,保险相关,保险产品相关
//xuexi.huize.com/study/studytag/word-25154.html,保险相关,保险产品相关
//xuexi.huize.com/study/studytag/word-25199.html,保险相关,保险产品相关
//xuexi.huize.com/study/studytag/word-25200.html,保险相关,保险产品相关
//xuexi.huize.com/study/studytag/word-25201.html,保险相关,保险产品相关
//xuexi.huize.com/study/studytag/word-25202.html,保险相关,保险产品相关
//xuexi.huize.com/study/studytag/word-25203.html,保险相关,保险产品相关
//xuexi.huize.com/study/studytag/word-25204.html,保险相关,保险产品相关
//xuexi.huize.com/study/studytag/word-25205.html,保险相关,保险产品相关
//xuexi.huize.com/study/studytag/word-25279.html,保险相关,保险产品相关
//xuexi.huize.com/study/studytag/word-25282.html,保险相关,保险产品相关
//xuexi.huize.com/study/studytag/word-25284.html,保险相关,保险产品相关
//xuexi.huize.com/study/studytag/word-25544.html,保险相关,保险产品相关
//xuexi.huize.com/study/studytag/word-25591.html,保险相关,保险产品相关
//xuexi.huize.com/study/studytag/word-25706.html,保险相关,保险产品相关
//xuexi.huize.com/study/studytag/word-25707.html,保险相关,保险产品相关
//xuexi.huize.com/study/studytag/word-25762.html,保险相关,保险产品相关
//xuexi.huize.com/study/studytag/word-25763.html,保险相关,保险产品相关
//xuexi.huize.com/study/studytag/word-25764.html,保险相关,保险产品相关
//xuexi.huize.com/study/studytag/word-25765.html,保险相关,保险产品相关
//xuexi.huize.com/study/studytag/word-25766.html,保险相关,保险产品相关
//xuexi.huize.com/study/studytag/word-25767.html,保险相关,保险产品相关
//xuexi.huize.com/study/studytag/word-25768.html,保险相关,保险产品相关
//xuexi.huize.com/study/studytag/word-25812.html,保险相关,保险产品相关
//xuexi.huize.com/study/studytag/word-25814.html,保险相关,保险产品相关
//xuexi.huize.com/study/studytag/word-25817.html,保险相关,保险产品相关
//xuexi.huize.com/study/studytag/word-25818.html,保险相关,保险产品相关
//xuexi.huize.com/study/studytag/word-25819.html,保险相关,保险产品相关
//xuexi.huize.com/study/studytag/word-25875.html,保险相关,保险产品相关
//xuexi.huize.com/study/studytag/word-25876.html,保险相关,保险产品相关
//xuexi.huize.com/study/studytag/word-25877.html,保险相关,保险产品相关
//xuexi.huize.com/study/studytag/word-25878.html,保险相关,保险产品相关
//xuexi.huize.com/study/studytag/word-25879.html,保险相关,保险产品相关
//xuexi.huize.com/study/studytag/word-25883.html,保险相关,保险产品相关
//xuexi.huize.com/study/studytag/word-25880.html,保险相关,保险产品相关
//xuexi.huize.com/study/studytag/word-25884.html,保险相关,保险产品相关
//xuexi.huize.com/study/studytag/word-25881.html,保险相关,保险产品相关
//xuexi.huize.com/study/studytag/word-25885.html,保险相关,保险产品相关
//xuexi.huize.com/study/studytag/word-25882.html,保险相关,保险产品相关
//xuexi.huize.com/study/studytag/word-25983.html,保险相关,保险产品相关
//xuexi.huize.com/study/studytag/word-25984.html,保险相关,保险产品相关
//xuexi.huize.com/study/studytag/word-25985.html,保险相关,保险产品相关
//xuexi.huize.com/study/studytag/word-25986.html,保险相关,保险产品相关
//xuexi.huize.com/study/studytag/word-26033.html,保险相关,保险产品相关
//xuexi.huize.com/study/studytag/word-26034.html,保险相关,保险产品相关
//xuexi.huize.com/study/studytag/word-26035.html,保险相关,保险产品相关
//xuexi.huize.com/study/studytag/word-26036.html,保险相关,保险产品相关
//xuexi.huize.com/study/studytag/word-26037.html,保险相关,保险产品相关
//xuexi.huize.com/study/studytag/word-26038.html,保险相关,保险产品相关
//xuexi.huize.com/study/studytag/word-26082.html,保险相关,保险产品相关
//xuexi.huize.com/study/studytag/word-26083.html,保险相关,保险产品相关
//xuexi.huize.com/study/studytag/word-26084.html,保险相关,保险产品相关
//xuexi.huize.com/study/studytag/word-26085.html,保险相关,保险产品相关
//xuexi.huize.com/study/studytag/word-26086.html,保险相关,保险产品相关
//xuexi.huize.com/study/studytag/word-26087.html,保险相关,保险产品相关
//xuexi.huize.com/study/studytag/word-26088.html,保险相关,保险产品相关
//xuexi.huize.com/study/studytag/word-26248.html,保险相关,保险产品相关
//xuexi.huize.com/study/studytag/word-26296.html,保险相关,保险产品相关
//xuexi.huize.com/study/studytag/word-26350.html,保险相关,保险产品相关
//xuexi.huize.com/study/studytag/word-26398.html,保险相关,保险产品相关
//xuexi.huize.com/study/studytag/word-26399.html,保险相关,保险产品相关
