name,title
“慧择无忧少儿意外伤害保障计划,大地附加个人意外伤害医疗保险条款
众行天下-水上运动保险,附加绑架与非法拘禁保险条款（互联网专用主站）
众行天下-水上运动保险,附加个人及宠物责任保险条款（互联网专用主站）
大麦甜蜜家定期寿险,华贵大麦甜蜜家定期寿险条款
众行天下-水上运动保险,附加紧急救援保险条款（互联网专用主站）
众行天下-水上运动保险,附加意外伤害救护车费用保险条款（互联网专用主站）
康瑞保重大疾病保险,瑞华附加投保人豁免保险费重大疾病保险条款
康瑞保重大疾病保险,瑞华康瑞保重大疾病保险条款
嘉多保重大疾病保险,光大永明附加投保人豁免保险费(2019版)重大疾病保险条款
嘉多保重大疾病保险,光大永明康保无忧恶性肿瘤疾病保险条款
嘉多保重大疾病保险,光大永明嘉多保重大疾病保险条款
众行天下-水上运动保险,附加户外个人现金丢失保险条款(互联网专用)
众行天下-水上运动保险,附加户外装备丢失保险条款(互联网专用)
众行天下-水上运动保险,户外人身意外伤害保险条款（互联网专用）
“慧择无忧”少儿意外伤害保障计划,大地个人意外伤害保险条款（2014）
众行天下-水上运动保险,附加旅行医疗保险条款(互联网专用主站)
众行天下-水上运动保险,附加每日住院津贴保险条款（互联网专用主站）
瑞泰瑞盈重大疾病保险,瑞泰附加瑞盈轻症疾病保险合同条款
慧馨安2.0少儿重大疾病保险,瑞泰完美童年重大疾病保险合同条款
慧馨安2.0少儿重大疾病保险,瑞泰附加投保人豁免重大疾病保险合同条款
环球无忧（成人）-慧择旅游保险,附加旅行期间家庭财产损失保险条款
环球无忧（成人）-慧择旅游保险,附加旅行个人责任及犬类宠物责任保险
环球无忧（成人）-慧择旅游保险,附加旅行银行卡盗刷保险条款
环球无忧（成人）-慧择旅游保险,附加旅行随身财物损失保险条款
环球无忧（成人）-慧择旅游保险,附加旅行证件损失保险条款
环球无忧（成人）-慧择旅游保险,附加旅行变更费用补偿保险条款
环球无忧（成人）-慧择旅游保险,附加旅行未成年子女送返费用补偿保险条款
环球无忧（成人）-慧择旅游保险,附加旅行亲友慰问探望费用补偿保险条款
环球无忧（成人）-慧择旅游保险,附加旅行身故遗体送返保险条款
环球无忧（成人）-慧择旅游保险,附加旅行紧急医疗运送和送返保险条款
众行天下-登山运动保险,附加骨折慰问金保险条款（互联网专用主站）
前程似锦（基础版）-慧择留学保险,附加旅行传染病强制隔离安慰保险条款
前程似锦（基础版）-慧择留学保险,附加旅行绑架或非法拘禁慰问保险条款
前程似锦（基础版）-慧择留学保险,附加旅行意外住院津贴保险条款
前程似锦（基础版）-慧择留学保险,附加旅行意外医疗费用保险条款
前程似锦（基础版）-慧择留学保险,附加旅行突发急性病医疗费用保险条款
众行天下-铁人三项运动保险,附加急性病身故保险条款（互联网专用主站）
众行天下-铁人三项运动保险,附加猝死保险条款（互联网专用主站）
环球无忧（成人）-慧择旅游保险,附加旅行医疗费用保险条款
环球无忧（成人）-慧择旅游保险,境外旅行人身意外伤害保险(慧择专用版)条款
瑞泰瑞盈重大疾病保险,瑞泰瑞盈重大疾病保险合同条款
多倍宝宝少儿重大疾病保险,瑞泰多倍宝宝重大疾病保险合同条款
乐游俄罗斯-慧择旅游保险,附加旅行缺席商业活动门票损失补偿保险条款
安享天下-慧择旅游保险,附加旅行个人现金损失保险条款
前程似锦（全面版）-慧择留学保险,附加境外留学缺考补偿保险条款
前程似锦（全面版）-慧择留学保险,附加境外留学缺课费用补偿保险条款
前程似锦（全面版）-慧择留学保险,附加境外留学学业中断费用补偿保险条款
乐游全球（境外直付版）-慧择旅游保险,附加旅行天气保险条款
乐游全球（境外直付版）-慧择旅游保险,附加旅行紧急状态期间保障保险条款
乐游全球（境外直付版）-慧择旅游保险,附加高风险运动意外伤害保险条款
乐游全球（境外直付版）-慧择旅游保险,附加旅行信用卡购物盗抢损失保险条款
乐游全球（境外直付版）-慧择旅游保险,附加旅行紧急救护车费用补偿保险条款
乐游全球（境外直付版）-慧择旅游保险,附加旅行ATM提款抢劫损失保险条款
乐游全球（境外直付版）-慧择旅游保险,附加旅行自驾车意外伤害保险条款
乐游全球（境外直付版）-慧择旅游保险,附加旅行公共交通工具意外伤害保险条款
乐游全球（境外直付版）-慧择旅游保险,附加旅行急性病身故保险条款
超级芯爱重大疾病保险,海保人寿附加投保人豁免保险费重大疾病保险条款
超级芯爱重大疾病保险,海保人寿海惠保重大疾病保险条款
超级芯爱重大疾病保险,海保人寿海惠保终身重大疾病保险条款
乐游全球（境外直付版）-慧择旅游保险,附加旅行食物中毒保险条款
乐游全球（境外直付版）-慧择旅游保险,附加旅行救援服务条款
乐游全球（境外直付版）-慧择旅游保险,附加非移民类签证拒签保险条款
乐游全球（境外直付版）-慧择旅游保险,附加旅行随身财物损失保险条款-智能手机及手提电脑
瑞和定期寿险（升级版）,瑞泰瑞和（升级版）定期寿险合同条款
前行无忧终身重大疾病保险,渤海人寿前行无忧终身重大疾病保险条款
达尔文超越者重大疾病保险,光大永明健康无忧D款重大疾病保险条款
挚爱一生（夫妻版）定期寿险,三峡美挚爱一生（夫妻版）定期寿险保险条款
爱相随定期寿险,三峡美爱相随定期寿险保险条款
小蜜蜂全年综合意外保险（超越版）,上海人寿交通工具意外伤害保险条款
小蜜蜂全年综合意外保险（超越版）,上海人寿大金刚个人综合意外伤害保险条款
康惠保旗舰版重大疾病保险,百年附加投保人豁免保险费重大疾病保险（2018版）
康惠保旗舰版重大疾病保险,百年康惠保（旗舰版）重大疾病保险条款
平安去旅行-慧择旅游保险,附加意外伤害医疗保险条款（互联网专用）
平安去旅行-慧择旅游保险,旅行意外伤害保险条款（互联网专用）
爱我宝贝少儿白血病保险,信美相互爱我宝贝少儿白血病疾病保险条款
自驾畅玩神州-慧择旅游保险,附加境内旅行亲友慰问探望保险条款（互联网专用）
自驾畅玩神州-慧择旅游保险,附加境内旅行医疗费用保险条款（互联网专用）
自驾畅玩神州-慧择旅游保险,附加公共交通工具意外伤害保险条款（互联网专用）
自驾畅玩神州-慧择旅游保险,附加猝死保险条款（互联网专用）
自驾畅玩神州-慧择旅游保险,附加自驾车意外伤害保险条款（互联网专用）
乐游全球（商旅无忧版）-慧择旅游保险,附加旅行机票升舱补偿保险条款
乐游全球（商旅无忧版）-慧择旅游保险,附加旅行猝死保险条款
乐游全球（商旅无忧版）-慧择旅游保险,附加旅行雇主慰问探访费用补偿保险条款
海岛潜水-慧择旅游保险,附加海洋生物伤害保险条款（互联网专用）
慧游游-慧择旅游保险,附加个人行李物品保险条款（互联网专用）
众行天下-环海南岛骑行保险（含搜救）,附加公共交通工具意外伤害保险条款（互联网专用主站）
众行天下-环海南岛骑行保险（含搜救）,附加自驾车意外伤害保险条款（互联网专用主站）
众行天下-赛事安心保险（青少年及少儿版）,附加户外猝死或突发性疾病身故保险条款（互联网专用）
众行天下-赛事安心保险（青少年及少儿版）,附加户外意外每日住院津贴保险条款（互联网专用）
乐游香港澳门-慧择旅游保险,附加旅行行李延误保险条款
乐游香港澳门-慧择旅游保险,附加旅行延误保险条款
自驾畅玩神州-慧择旅游保险,附加行李延误保险条款（互联网专用）
自驾畅玩神州-慧择旅游保险,附加银行卡盗刷保险条款（互联网专用）
自驾畅玩神州-慧择旅游保险,附加家居保障保险条款（互联网专用）
自驾畅玩神州-慧择旅游保险,附加个人及宠物责任保险条款（互联网专用）
自驾畅玩神州-慧择旅游保险,附加每日住院津贴保险条款（互联网专用）
乐游全球-境外体育赛事保险,附加证件遗失保险条款（互联网专用主站）
乐游全球-境外体育赛事保险,附加银行卡盗刷保险条款（互联网专用主站）
乐游全球-境外体育赛事保险,附加个人现金保险条款（互联网专用主站）
乐游全球-境外体育赛事保险,附加个人行李物品保险条款（互联网专用主站）
康惠保重大疾病保险-尊享版,百年康惠保（尊享版）重大疾病保险条款
百年康惠保重大疾病保险,百年附加康惠保特定疾病保险条款
百年康惠保重大疾病保险,百年康惠保重大疾病保险条款
孝亲宝老年恶性肿瘤疾病保险,德华安顾孝亲宝老年恶性肿瘤疾病保险条款
大麦定期寿险,华贵大麦定期寿险条款
长生福优加重大疾病保险,长生附加投保人豁免保险费重大疾病保险B款条款
长生福优加重大疾病保险,长生长生福优加重大疾病保险条款
定惠保定期寿险,百年定惠保定期寿险条款
大黄蜂少儿重疾险2018,和谐附加少儿重大疾病长期医疗保险条款
大黄蜂少儿重疾险2018,和谐健康宝宝少儿定期重大疾病保险
寿鑫宝恶性肿瘤疾病保险,长生寿鑫宝恶性肿瘤疾病保险条款
慧择少儿白血病专项保障保险,少儿白血病疾病保险条款
住院无忧保障计划,附加疾病住院费用补偿医疗保险条款
住院无忧保障计划,附加住院定额给付医疗保险条款
亚太个人综合意外险,个人人身意外伤害保险条款
亚太个人综合意外险,附加个人人身意外伤害医疗保险条款（2016版）
亚太个人综合意外险,交通意外伤害保险条款（B款）
溜溜游（海外专享版）-慧择旅游保险,附加旅行未成年子女住院陪同保险条款
住院无忧保障计划,附加意外伤害医疗费用保险条款
住院无忧保障计划,个人意外伤害保险条款
“安心无忧”意外保障计划,附加个人人身意外伤害住院津贴保险条款（2016版）
慧择个人账户资金安全保险,个人账户资金安全保险条款
职业无忧意外险(1-6类),附加意外伤害医疗保险条款
职业无忧意外险(1-6类),人身意外伤害保险条款
喜临门2元家财险,家庭财产综合险附加房屋住客意外伤害保险条款
喜临门2元家财险,家庭财产综合险条款
药神一号疾病保险,复星联合药神一号疾病保险条款
“定心丸”乐享一生百万医疗险（家庭计划）,复星联合乐享一生医疗保险条款
安享一生,安享一生癌症医疗保险（尊享版）条款
安享一生,安享一生癌症医疗保险（赴美版）条款
弘利相传终身寿险,弘康弘利相传终身寿险条款
达尔文1号重大疾病保险,复星联合附加康乐一生投保人豁免重大疾病保险（升级款）条款
达尔文1号重大疾病保险,复星联合优选重大疾病保险（A款）条款
一起慧99-百万医疗险无门诊计划,安心综合医疗保险条款（2017版）（B款）
亚太百万人生综合意外险,个人猝死保险条款
大白智能定寿,弘康智能定期寿险条款
相伴一生年金保险,弘康相伴一生年金保险条款
守护者疫苗无忧险,预防接种意外伤害保险条款（A款）
康乐一生重大疾病保险（2019版）,复星联合附加投保人豁免保险费重大疾病保险条款
康乐一生重大疾病保险（2019版）,复星联合康乐一生（2019版）重大疾病保险条款
守卫者2号重大疾病保险,复星联合附加第二次恶性肿瘤疾病保险条款
“慧飞行”个人航空意外险（一年期）,个人航空意外伤害保险条款（A款）
安享一生癌症医疗险,癌症医疗保险条款
守卫者2号重大疾病保险,复星联合优选重大疾病保险（B款）条款
妈咪保贝少儿重大疾病保险,复星联合妈咪保贝少儿重大疾病保险条款
通勤宝交通工具保障计划,交通意外伤害保险条款
哆啦A保重大疾病保险旗舰版,弘康附加恶性肿瘤疾病保险条款
哆啦A保重大疾病保险旗舰版,弘康附加投保人豁免保险费重大疾病保险条款
哆啦A保重大疾病保险旗舰版,弘康重大疾病医疗保险条款
哆啦A保重大疾病保险旗舰版,弘康附加多倍保疾病保险条款
哆啦A保重大疾病保险旗舰版,弘康多倍保重大疾病保险条款
健康保2.0重大疾病保险,健康保重大疾病保险（2.0版）条款
康爱保恶性肿瘤疾病保险,康爱保疾病保险条款
同佑e生保险产品计划,同方全球附加「同佑e生」两全保险条款
慧馨安少儿定期重大疾病保险-2018版Plus,和谐附加慧馨安少儿定期轻症疾病保险条款
宝贝启航2018少儿教育年金保险产品计划,招商信诺附加臻爱定期寿险条款
中华尊终身寿险,中华尊终身寿险条款
慧馨安少儿定期重大疾病保险-2018版Plus,和谐健康慧馨安少儿定期重大疾病保险
宝贝启航2018少儿教育年金保险产品计划,招商信诺附加启航重大疾病保险条款
宝贝启航2018少儿教育年金保险产品计划,招商信诺附加启航长期住院津贴医疗保险条款
健康一生重大疾病保险A款,弘康附加轻症B款疾病保险条款
珍爱未来B款少儿教育年金保险产品计划,招商信诺附加珍爱未来住院津贴长期医疗保险B款条款
健康一生重大疾病保险A款,弘康健康一生重大疾病保险A款条款
珍爱未来B款少儿教育年金保险产品计划,招商信诺附加珍爱未来少儿危重疾病保险B款条款
康乐一生重大疾病保险C款,复星联合康乐一生重大疾病保险（C款升级款）条款
百万全能医疗险,重大疾病医疗保险条款
百万全能医疗险,个人住院费用医疗保险（C款）条款
珍爱未来B款少儿教育年金保险产品计划,招商信诺珍爱未来少儿教育年金保险条款
珍爱未来B款少儿教育年金保险产品计划,招商信诺附加珍爱未来少儿特定疾病保险B款条款
宝贝启航2018少儿教育年金保险产品计划,招商信诺附加启航长期意外伤害医疗保险条款
宝贝启航2018少儿教育年金保险产品计划,招商信诺附加启航高中大学教育年金保险条款
宝贝启航2018少儿教育年金保险产品计划,招商信诺附加豁免保险费重大疾病保险B款条款
宝贝启航2018少儿教育年金保险产品计划,招商信诺启航教育年金保险条款
同佑e生保险产品计划,同方全球「同佑e生」重大疾病保险条款
一路平安交通工具意外伤害保险,一路平安交通工具附加意外伤害住院津贴保险条款
一路平安交通工具意外伤害保险,一路平安交通工具附加意外伤害医疗保险条款
超级马力意外伤害保险,华安附加个人意外伤害医疗保险条款
超级马力意外伤害保险,附加按职业类别调整保险金给付比例保险条款
超级马力意外伤害保险,个人人身意外伤害保险条款
谱蓝定制“灵牙丽”齿科保险,齿科医疗保险条款
超级马力意外伤害保险,禽流感特定疾病保险条款
阳光人寿i保C款终身重大疾病保险,阳光人寿附加豁免保险费F款疾病保险条款
阳光人寿i保C款终身重大疾病保险,阳光人寿i保C款终身重大疾病保险条款
慧择“年年无忧”综合意外险,附加意外伤害住院津贴保险条款
星悦重大疾病保险,复星保德信附加投保人豁免重大疾病保险B款条款
星悦重大疾病保险,复星保德信星悦重大疾病保险条款
星宝贝少儿年金保险,复星保德信星宝贝少儿年金保险条款
慧择-平安旅行意外保险,平安旅行意外伤害保险(2013版)条款（2014年新版）
慧择境内拓展训练意外保险,附加旅行每日住院津贴保险条款（2014版）
美亚“宝岛游踪”台湾旅行保障计划,美亚附加旅行行李延误保险条款
平安慧择靶向药重疾险（家庭单）,平安靶向药团体医疗保险条款
平安慧择靶向药重疾险（家庭单）,平安团体重大疾病保险条款
美亚“宝岛游踪”台湾旅行保障计划,美亚附加旅行延误保险条款
美亚“宝岛游踪”台湾旅行保障计划,美亚附加旅行个人责任保险条款
慧择网-平安交通意外保险,平安交通团体意外伤害保险[2013]205号条款
美亚“宝岛游踪”台湾旅行保障计划,美亚附加旅行者随身财产保险条款
美亚“宝岛游踪”台湾旅行保障计划,美亚附加旅行慰问探访费用补偿保险条款
美亚“宝岛游踪”台湾旅行保障计划,美亚附加旅行每日住院津贴收入保障保险条款
美亚“宝岛游踪”台湾旅行保障计划,美亚附加旅行医药补偿医疗保险条款
美亚“宝岛游踪”台湾旅行保障计划,美亚附加旅行运送和送返医疗保险条款
美亚“宝岛游踪”台湾旅行保障计划,美亚附加旅行身故遗体送返医疗保险条款
美亚“商旅无忧”个人旅行保障计划,美亚附加旅行银行卡盗刷保障保险(2010年第一版)
美亚“商旅无忧”个人旅行保障计划,美亚附加旅行劫机保险条款
美亚“商旅无忧”个人旅行保障计划,美亚附加旅行医药补偿医疗保险(2013年第一版)
美亚“锦绣前程”海外留学基础保障,美亚附加海外留学生运送和送返医疗保险条款(2009年第二版)
美亚“锦绣前程”海外留学基础保障,美亚附加海外留学生学业中断费用补偿保险条款(2009年第二版)
美亚“锦绣前程”海外留学基础保障,美亚附加海外留学生随身财产保险(2009年第二版)
美亚“锦绣前程”海外留学基础保障,美亚附加海外留学生慰问探访费用补偿保险条款(2009年第二版)
美亚“锦绣前程”海外留学基础保障,美亚附加海外留学生身故遗体送返医疗保险条款(2009年第二版)
美亚“锦绣前程”海外留学基础保障,美亚附加海外留学生旅行证件遗失保险条款(2009年第二版)
美亚“锦绣前程”海外留学基础保障,美亚附加海外留学生个人责任保险条款(2009年第二版)
美亚“锦绣前程”海外留学基础保障,美亚海外留学生意外伤害保险（2014年第一版）
美亚“万国游踪”境外旅行保障计划–全球版,美亚附加旅行每日住院津贴收入保障保险(2017年第一版)
美亚“万国游踪”境外旅行保障计划–申根版,美亚附加旅行延误保险(2017年第一版)
美亚“万国游踪”境外旅行保障计划–申根版,美亚附加旅行运送和送返医疗保险(2017年第一版)
美亚“万国游踪”境外旅行保障计划–申根版,美亚附加旅行双倍给付意外伤害保险(2017年第一版)
美亚“万国游踪”境外旅行保障计划–申根版,美亚附加旅行身故遗体送返医疗保险(2017年第一版)
美亚“万国游踪”境外旅行保障计划–申根版,美亚附加旅行慰问探访费用补偿保险(2017年第一版)
美亚“万国游踪”境外旅行保障计划–申根版,美亚附加旅行者随身财产保险（2017年第一版）
美亚“万国游踪”境外旅行保障计划–申根版,美亚附加旅行行李延误保险(2017年第一版)
美亚“万国游踪”境外旅行保障计划–申根版,美亚附加旅行银行卡盗刷保障保险(2017年第一版)
美亚“万国游踪”境外旅行保障计划–申根版,美亚附加旅行证件遗失保险(2017年第一版)
美亚“万国游踪”境外旅行保障计划–申根版,美亚附加未成年人旅行送返费用补偿保险(2017年第一版)
美亚“万国游踪”境外旅行保障计划–申根版,美亚附加旅行家居保障保险(2017第一版）
美亚“万国游踪”境外旅行保障计划–申根版,美亚附加旅行急性病身故健康保险（2017年第一版）
美亚“万国游踪”境外旅行保障计划–申根版,美亚附加旅行个人钱财保险（2017年第一版）
美亚“万国游踪”境外旅行保障计划–申根版,美亚附加旅行绑架及非法拘禁保险(2017年第一版)
美亚“万国游踪”境外旅行保障计划–申根版,美亚附加旅行变更保险(2017年第一版)
美亚“万国游踪”境外旅行保障计划–申根版,美亚附加旅行个人责任保险(2017年第一版)
美亚“万国游踪”境外旅行保障计划–申根版,美亚附加境外旅行医药补偿医疗保险（2017年第一版）
美亚“万国游踪”境外旅行保障计划–申根版,美亚旅行意外伤害保险仅承保境外旅行批单（2017年第一版）
美亚“万国游踪”境外旅行保障计划–申根版,美亚旅行意外伤害保险(2017年第一版)
美亚“商旅无忧”个人旅行保障计划,美亚附加旅行ATM提款抢劫保障保险(2013年第一版)
美亚“商旅无忧”个人旅行保障计划,美亚附加旅行个人钱财保险条款
美亚“商旅无忧”个人旅行保障计划,美亚附加旅行证件遗失保险条款
美亚“商旅无忧”个人旅行保障计划,美亚附加旅行家居保障保险条款
美亚“商旅无忧”个人旅行保障计划,美亚旅行意外伤害保险(2014年第二版)
美亚“商旅无忧”个人旅行保障计划,不承保国家或地区批单（二）
美亚“商旅无忧”个人旅行保障计划,美亚旅行意外伤害保险仅承保商务旅行批单
美亚“宝岛游踪”台湾旅行保障计划,美亚旅行意外伤害保险(2014年第一版)
美亚“宝岛游踪”台湾旅行保障计划,美亚旅行意外伤害保险仅承保境外旅行批单
慧择境内拓展训练意外保险,附加旅行意外医药补偿保险条款（2014版）
慧择境内拓展训练意外保险,扩展承保市内批单
慧择境内拓展训练意外保险,旅行人身意外伤害保险条款（2014版）
慧择境内拓展训练意外保险,旅行人身意外伤害保险条款仅承保境内旅行批单
慧择“年年无忧”综合意外险,附加意外伤害医疗保险条款
慧择“年年无忧”综合意外险,华泰财险个人人身意外伤害保险条款
欣享百万意外伤害保险,交通工具个人意外伤害保险条款
欣享百万意外伤害保险,附加重症住院津贴保险条款
欣享百万意外伤害保险,附加医疗费用范围扩展条款
欣享百万意外伤害保险,附加个人意外伤害医疗保险(A款)条款
慧择境内拓展训练意外保险,附加旅行身故遗体送返保险条款（2014版）
欣享百万意外伤害保险,附加个人意外伤害住院津贴保险(A款)条款
美亚“小探险家”旅行保障计划,美亚附加旅行绑架及非法拘禁保险条款
美亚“小探险家”旅行保障计划,美亚附加旅行变更保险条款
少儿门诊暖宝保,华泰财险门（急）诊医疗费用保险条款
少儿门诊暖宝保,附加住院医疗费用保险条款
少儿门诊暖宝保,华泰财险个人人身意外伤害保险条款
欣享百万意外伤害保险,个人意外伤害保险制裁国家限制及除外国家（A款）条款
美亚“小探险家”旅行保障计划,美亚小探险家旅行意外伤害保险(2014年第一版)
欣享百万意外伤害保险,个人意外伤害保险(A款)条款
慧择老年关爱(含重疾),附加意外伤害救护车费用保险（2019版）条款
一路平安交通工具意外伤害保险,一路平安交通工具意外伤害保险条款
慧择中年关爱(51-55周岁),附加意外伤害医疗保险（2018）A款条款
慧择中年关爱(51-55周岁),附加猝死保险（2019版）条款
慧择中年关爱(51-55周岁),附加意外伤害每日住院津贴保险（2019版）条款
慧择中年关爱(51-55周岁),附加公共交通工具意外伤害保险条款
慧择中年关爱(51-55周岁),附加个人重大疾病保险条款
慧择中年关爱(51-55周岁),个人人身意外伤害保险（2018）条款
慧择“回家看看”老年人意外保障计划,附加异地亲属慰问探望保险条款
美亚“锦绣前程”海外留学全面保障,美亚附加海外留学生医药补偿医疗保险条款(2009年第二版)
美亚“锦绣前程”海外留学基础保障,美亚附加海外留学生每日住院津贴收入保障保险条款(2009年第二版)
“满堂福”家庭财产保险,“满堂福”家庭财产综合保险条款
慧旅游-一日游,平安短期意外伤害医疗保险（2013版）条款
慧旅游-一日游,平安短期意外伤害保险（2013版）条款
平安少儿综合保险,平安学生一年定期寿险条款
平安少儿综合保险,P0310平安意外住院津贴医疗保险条款
平安少儿综合保险,平安附加学生幼儿住院医疗保险条款
平安少儿综合保险,平安少儿重大疾病保险条款
居民燃气综合保险,居民燃气综合保险条款
平安少儿综合保险,平安附加学生意外伤害医疗保险条款
平安少儿综合保险,平安附加学生残疾意外伤害保险（2013版）条款（2014年新版）
星宁意外保险,复星保德信星宁意外伤害保险条款
华泰全年无忧自驾车意外伤害保险,附加家庭辅助金保险条款
华泰全年无忧自驾车意外伤害保险,华泰财险交通工具意外伤害保险条款
华泰全球旅行保障计划,华泰财险附加住院探望保险条款
华泰全球旅行保障计划,华泰财险附加医疗运送和送返保险条款
慧择定海针定期寿险,复星保德信星安定期寿险条款
华泰全球旅行保障计划,附加旅行医疗费用保险条款
华泰全球旅行保障计划,附加旅行住院津贴保险条款
华泰全球旅行保障计划,华泰财险附加旅程延误保险条款
华泰全球旅行保障计划,华泰财险附加旅行个人第三者责任保险条款
e生保（6年保证续保版）,平安e生保（保证续保版）医疗保险条款
华泰全球旅行保障计划,华泰财险附加行李延误保险条款
华泰全球旅行保障计划,附加个人行李及随身物品保险条款
华泰全球旅行保障计划,华泰财险附加旅程阻碍保险（A款）条款
华泰全球旅行保障计划,华泰财险附加旅程取消保险条款
宝岛任我行,附加身故遗体送返保险条款
宝岛任我行,附加医疗运送和送返保险条款
平安e生保plus,平安e生保（2017）医疗保险条款（平安e生保plus）
宝岛任我行,附加旅行医疗费用保险条款
宝岛任我行,意外附加旅行险潜水特约
宝岛任我行,附加旅行慰问探望保险条款
华泰全球旅行保障计划,附加禽流感疾病扩展条款
i保定期寿险,i保定期寿险保险条款
华泰全球旅行保障计划,华泰全球附加个人现金丢失保险条款
华泰全球旅行保障计划,华泰财险附加旅行文件重置保险条款
华泰全球旅行保障计划,华泰财险附加未成年子女及旅伴送返保险条款
宝岛任我行,旅行意外伤害保险条款
吃货无忧险,附加食物中毒身故保险条款
吃货无忧险,急性肠胃炎医疗保险条款
驾校学员意外伤害保险,驾校学员附加意外伤害医疗保险条款
华泰全球旅行保障计划,华泰财险境外旅行人身意外伤害保险条款
驾校学员意外伤害保险,驾校学员人身意外伤害保险条款
安联全球旅行保险,附加旅行银行卡盗刷保障保险条款（2019版）
安联全球旅行保险,附加旅行变更保险条款（2019版）
安联全球旅行保险,附加旅行延误保险条款（2019版）
畅享自驾-安联境内自驾车保障,附加节假日自驾意外伤害保险条款（2016版）
畅享自驾-安联境内自驾车保障,附加自驾意外医疗保险条款（2016版）
畅享自驾-安联境内自驾车保障,附加道路救援保险条款（2019）
安联全球旅行保险,附加旅行申根签证拒签保险条款（2016版）
畅享自驾-安联境内自驾车保障,自驾意外伤害保险条款（2016年）
安联“畅享神州”境内旅行保险,附加旅行意外伤害医疗费用补偿保险条款（2019版）
安联全球旅行保险,附加旅行医疗费用保险条款（B款2019版）
安联全球旅行保险,附加旅行高尔夫设备保障保险条款（2015）
乐游全球-慧择旅游保险,平安预定旅行取消费用损失保险条款
乐游全球-慧择旅游保险,平安附加境外旅行期间家庭财产保险条款
乐游全球-慧择旅游保险,平安附加境外旅行医疗费用补偿保险条款
乐游全球-慧择旅游保险,平安附加旅行期间绑架及非法拘禁保险条款
乐游全球-慧择旅游保险,平安驾乘意外伤害保险条款
乐游全球-慧择旅游保险,平安附加旅行期间个人责任保险条款
乐游全球-慧择旅游保险,平安附加境外旅行票证损失保险条款
乐游全球-慧择旅游保险,平安附加旅行随身行李损失保险条款
臻爱医疗保险感恩版,附加住院医疗费用补偿保险条款（C款2019版）
乐游全球-慧择旅游保险,平安境外旅行附加紧急医疗救援保险（C款）条款
乐游全球-慧择旅游保险,平安旅行附加银行卡盗刷保险条款
乐游全球-慧择旅游保险,平安交通工具意外伤害保险条款
臻爱医疗保险感恩版,个人人身意外伤害保险条款（2016版）
环游四海-安联全球旅行,附加旅行传染病强制隔离补偿保险条款（2016版）
乐游全球-慧择旅游保险,平安附加旅行住院津贴保险条款
乐游全球-慧择旅游保险,平安境外旅游附加签证拒签补偿保险条款
平安全年交通工具意外险,平安全球交通工具意外伤害保险条款
小幸孕-安联母婴保障,附加意外终止妊娠慰问津贴保险条款（2017版）
京彩一生防癌医疗险,附加扩展质子重离子医疗保险条款（A款2019版）
小幸孕-安联母婴保障,附加妊娠难产津贴保险条款（2017版）
京彩一生防癌医疗险,附加特定疾病特需医疗保险条款
安联住院宝,附加疾病住院医疗费用补偿保险条款（2019版）
平安自驾游-携保旅游保险,平安旅行附加住院津贴保险条款
平安自驾游-携保旅游保险,平安境内紧急医疗救援服务条款
平安自驾游-携保旅游保险,平安个人旅行意外伤害保险条款
平安自驾游-携保旅游保险,平安附加自驾游意外伤害保险条款
平安自驾游-携保旅游保险,平安附加高原反应意外伤害保险条款
京彩一生防癌医疗险,附加恶性肿瘤医疗费用补偿保险条款（B款2019版）
安联住院宝,附加人身意外伤害医疗费用补偿保险条款（2016版）
小幸孕-安联母婴保障,附加新生儿先天性畸形疾病津贴保险条款（2017版）
小幸孕-安联母婴保障,附加新生儿先天性畸形疾病手术费用补偿保险条款（2017版）
平安自驾游-携保旅游保险,平安附加急性病医疗保险条款
小幸孕-安联母婴保障,附加生育身故保险条款（2017版）
小幸孕-安联母婴保障,附加妊娠疾病津贴保险条款（2017版）
京彩一生百万医疗险,附加住院医疗费用补偿保险条款（D款2019版）
京彩一生防癌医疗险,个人人身意外伤害保险条款（2016版）
邮轮旅游-慧择旅游保险,平安境外旅行附加旅行延误保险条款
小神童少儿综合意外险,平安附加自费医疗保险条款
小神童少儿综合意外险,平安个人意外伤害保险条款
小神童少儿综合意外险,平安附加意外伤害医疗保险条款
平安众行天下-携保户外运动保险,平安个人交通工具意外伤害保险条款
平安众行天下-携保户外运动保险,平安附加救护车费用补偿保险条款
邮轮旅游-慧择旅游保险,平安附加旅行期间家庭财产保险条款
邮轮旅游-慧择旅游保险,平安境外旅行紧急医疗救援服务条款（C款）
平安众行天下-携保户外运动保险,平安旅行附加银行卡、支票盗抢保险条款
邮轮旅游-慧择旅游保险,平安附加旅行急性病身故或全残保险条款
乐游全球-慧择旅游保险,平安附加境外旅行托运行李延误保险条款
乐游全球-慧择旅游保险,平安附加高风险运动意外伤害保险条款
邮轮旅游-慧择旅游保险,平安附加邮轮港口变更费用补偿保险条款
乐游全球-慧择旅游保险,平安附加旅行期间急性病身故或全残保险条款
邮轮旅游-慧择旅游保险,平安附加旅行票证损失保险条款
乐游全球-慧择旅游保险,平安境外旅行期间意外伤害保险条款
安联“畅享神州”境内旅行保险,附加旅行意外住院津贴保险条款（2016版）
安联全球旅行保险,附加旅行证件损失保险条款（2019版）
安联“畅享神州”境内旅行保险,附加仅承保境内旅行保险条款（2016版）
安联全球旅行保险,附加旅行个人钱财损失保险条款（2016版）
安联全球旅行保险,附加旅行自驾意外伤害保险条款（2016版）
安联全球旅行保险,附加个人行李及随身物品保险条款（2019版）
安联全球旅行保险,附加行李延误保险条款（2015）
安联全球旅行保险,附加旅行绑架及非法拘禁慰问保险条款（2016版）
安联全球旅行保险,附加旅行个人责任及犬类宠物责任保险（2019版）
安联全球旅行保险,附加旅行公共交通工具意外伤害保险条款（2016版）
安联全球旅行保险,附加旅行猝死保险条款（2016版）
安联全球旅行保险,附加旅行子女逾期停留费用补偿保险条款（2016版）
安联全球旅行保险,附加旅行亲友慰问探望保险条款（2016版）
安联全球旅行保险,附加旅行每日住院津贴保险条款（2016版）
安联全球旅行保险,附加旅行家居保障保险条款（2015）
安联全球旅行保险,附加旅行身故遗体送返保险条款（2016版）
安联全球旅行保险,附加未成年子女旅行送返保险条款（2016版）
安联全球旅行保险,附加仅承保境外旅行保险条款(2016版)
安联全球旅行保险,附加旅行医疗费用保险条款（2019版）
安联全球旅行保险,附加旅行紧急医疗运送和送返保险条款（2016版）
安联全球旅行保险,旅行人身意外伤害保险条款（2016版）
美牙牙齿科保险,附加意外伤害齿科医疗保险条款
平安“九九祥福”意外伤害保险,平安附加疾病身故保险条款
平安“九九祥福”意外伤害保险,平安附加意外伤害住院收入津贴保险条款
慧安心-少儿医疗保险计划,人保寿险附加学生平安意外伤害医疗保险（A款）条款
慧安心-少儿医疗保险计划,人保寿险附加学生平安疾病住院医疗保险（A款）条款
慧安心-少儿医疗保险计划,人保寿险附加学生平安定期寿险条款
慧安心-少儿医疗保险计划,人保寿险学生平安意外伤害保险（新标准版）条款
太平洋境外旅行综合保险尊贵计划(无门诊),附加境外旅行法律责任保险（2016版）条款
太平洋境外旅行综合保险尊贵计划(无门诊),附加境外个人旅行不便保险（2016版）条款
旅途安心保险计划(新),人保寿险附加一般交通工具意外伤害保险（新标准版）条款
旅途安心保险计划(新),人保寿险公共交通工具意外伤害保险（新标准版）条款
太平洋境外旅行综合保险尊贵计划(无门诊),意外伤害定义修改批单
旅途安心保险计划(新),人保寿险附加公共交通工具意外伤害保险（新标准版）条款
太平洋境外旅行综合保险尊贵计划(无门诊),境外旅行综合及紧急救援保险（2016版）条款
“账户保”个人账户资金安全险,个人账户资金损失保险条款
慧择安心保少儿疾病住院医疗保障,附加学生幼儿住院医疗保险条款
慧选意外心安保险计划(新),附加安祥意外伤害医疗保险条款（A款）
慧选意外心安保险计划(新),人保寿险安祥意外伤害保险（新标准版）条款
慧择安心保少儿疾病住院医疗保障,附加学生幼儿意外伤害门诊医疗保险条款
“学习无忧”疾病医疗学平险,附加学生幼儿安康保险（2016版）条款
慧择安心保少儿疾病住院医疗保障,学生幼儿人身意外伤害综合保险（2013版）条款
“驾乘无忧”意外伤害保险(5座),附加节假日意外伤害加倍给付保险条款
“驾乘无忧”意外伤害保险(5座),附加意外伤害医疗保险（2016版）条款
境内旅行及救援尊贵计划(含高风险),附加境内旅行个人法律责任保险（2013版）条款（2014年新版）
境内旅行及救援尊贵计划(含高风险),附加境内个人旅行随身行李损失保险（2013版）条款（2014年新版）
境内旅行及救援尊贵计划(含高风险),境内旅行综合及紧急救援保险（2013版）条款（2014年新版）
“驾乘无忧”意外伤害保险(5座),驾乘人员人身意外伤害保险（2013版）条款
“驾乘无忧”意外伤害保险(5座),附加意外伤害住院津贴保险条款
“快乐成长”儿童疫苗险,儿童预防接种意外伤害保险条款
“快乐成长”儿童疫苗险,附加儿童预防接种健康保险条款
众行天下-拓展训练保险,附加旅行异地亲属探望费用保险条款
众行天下-拓展训练保险,附加扩展中暑责任条款
众行天下-拓展训练保险,附加旅行紧急医疗转运及送返保险条款
众行天下-拓展训练保险,旅行人身意外伤害保险（2013版）条款
众行天下-拓展训练保险,附加意外伤害救护车费用保险条款
众行天下-拓展训练保险,附加旅行遗体或骨灰送返保险条款
众行天下-综合户外运动保险（0-8时投保5小时生效）,体育健身运动人身意外伤害保险（2013版）条款
众行天下-综合户外运动保险（0-8时投保5小时生效）,附加公共场所个人责任保险条款
众行天下-综合户外运动保险（0-8时投保5小时生效）,附加扩展高原反应责任条款
众行天下-综合户外运动保险,附加意外伤害骨折保险条款
众行天下-综合户外运动保险（0-8时投保5小时生效）,附加旅行绑架劫机慰问金保险条款
自驾畅玩神州-慧择旅游保险,附加旅行随行未成年人送返保险条款
自驾畅玩神州-慧择旅游保险,附加旅行托运行李延误保险条款
自驾畅玩神州-慧择旅游保险,附加猝死保险条款
自驾畅玩神州-慧择旅游保险,附加公共交通意外伤害保险（2013版）条款
自驾畅玩神州-慧择旅游保险,附加意外伤害和急性病医疗保险（2016版）条款
自驾畅玩神州-慧择旅游保险,附加旅行家居保障保险条款
自驾畅玩神州-慧择旅游保险,附加银行卡盗刷保障保险条款
自驾畅玩神州-慧择旅游保险,君安行人身意外伤害保险（2013版）条款
