age,company,deadline,evaluate,money,name,number,profession,sales,satisfaction
出生满28天-17周岁,中国大地财产保险股份有限公司,1年,好（29）++性价比高（13）++放心（8）++还不错（6）,60.00,“慧择无忧”少儿意外伤害保障计划,1份,,11572,99%
1-65周岁,中意财产保险有限公司,1天,,24.00,众行天下-水上运动保险,1份,,299,100%
1-65周岁,中意财产保险有限公司,1天,,51.00,众行天下-水上运动保险,1份,,143,100%
,华贵人寿保险股份有限公司,20年,,78.00,大麦甜蜜家定期寿险,,,724,100%
,瑞华健康保险股份有限公司,至70岁,,272.00,康瑞保重大疾病保险,,1-4类,24,100%
,光大永明人寿保险有限公司,至70岁,,367.00,嘉多保重大疾病保险,,1-4类,2246,100%
出生满30日-18周岁,中国大地财产保险股份有限公司,6月,好（27）++划算（4）++性价比高（3）++还会再买（2）,30.00,“慧择无忧”半年期学平险保障计划,1份,,7493,100%
,华贵人寿保险股份有限公司,30年,,107.00,大麦甜蜜家定期寿险,,,993,100%
,海保人寿保险股份有限公司,至60岁,,130.00,超级芯爱重大疾病保险,,1-6类,487,100%
,海保人寿保险股份有限公司,终身,,115.00,超级芯爱重大疾病保险,,1-6类,275,100%
,瑞泰人寿保险有限公司,至60岁,,467.00,瑞和定期寿险（升级版）,,,4762,100%
,海保人寿保险股份有限公司,至60岁,,90.00,超级芯爱重大疾病保险,,1-6类,2445,100%
,瑞泰人寿保险有限公司,15年,,162.77,慧馨安2.0少儿重大疾病保险,,,2553,100%
,瑞泰人寿保险有限公司,,,210.00,瑞泰瑞盈重大疾病保险,,,1502,100%
,瑞泰人寿保险有限公司,至70岁,,630.27,多倍宝宝少儿重大疾病保险,,,1925,100%
18-80周岁,新疆前海联合财产保险股份有限公司,1-5天,,240.00,环球无忧（成人）-慧择旅游保险,1份,,1052,100%
18-80周岁,新疆前海联合财产保险股份有限公司,1-5天,,96.00,环球无忧（成人）-慧择旅游保险,1份,,3038,100%
1-65周岁,中意财产保险有限公司,1天,,29.00,众行天下-滑雪运动保险,1份,,521,100%
1-65周岁,中意财产保险有限公司,1天,,8.00,众行天下-滑雪运动保险,1份,,1844,100%
12-40周岁,新疆前海联合财产保险股份有限公司,1-30天,,380.00,前程似锦（基础版）-慧择留学保险,1份,,714,100%
18-80周岁,新疆前海联合财产保险股份有限公司,1-5天,,48.00,环球无忧（成人）-慧择旅游保险,1份,,2102,100%
18-80周岁,新疆前海联合财产保险股份有限公司,1-5天,,144.00,环球无忧（成人）-慧择旅游保险,1份,,1037,100%
1-65周岁,中意财产保险有限公司,1天,,15.00,众行天下-登山运动保险,1份,,2843,100%
1-65周岁,中意财产保险有限公司,1天,,13.00,众行天下-铁人三项运动保险,1份,,384,100%
1-65周岁,中意财产保险有限公司,1天,,7.50,众行天下-铁人三项运动保险,1份,,197,100%
1-65周岁,中意财产保险有限公司,1天,,33.00,众行天下-登山运动保险,1份,,3080,100%
1-65周岁,中意财产保险有限公司,1天,,8.00,众行天下-登山运动保险,1份,,7405,100%
1-65周岁,中意财产保险有限公司,1天,划算（1）,9.00,众行天下-跑步运动保险,1份,,6379,100%
1-65周岁,中意财产保险有限公司,1天,划算（1）,7.70,众行天下-跑步运动保险,1份,,4117,100%
1-65周岁,中意财产保险有限公司,1天,,16.50,众行天下-铁人三项运动保险,1份,,758,100%
1-65周岁,中意财产保险有限公司,1天,,3.50,众行天下-铁人三项运动保险,1份,,546,100%
1-65周岁,中意财产保险有限公司,1天,,19.00,众行天下-滑雪运动保险,1份,,318,100%
1-65周岁,中意财产保险有限公司,1天,,8.30,众行天下-定向运动保险,1份,,1827,100%
1-65周岁,中意财产保险有限公司,1天,,12.10,众行天下-定向运动保险,1份,,259,100%
1-65周岁,中意财产保险有限公司,1天,,7.70,众行天下-定向运动保险,1份,,1603,100%
1-65周岁,中意财产保险有限公司,1天,划算（1）,14.80,众行天下-跑步运动保险,1份,,3647,100%
1-65周岁,中意财产保险有限公司,1天,,5.00,众行天下-定向运动保险,1份,,8481,100%
0-85周岁,新疆前海联合财产保险股份有限公司,1-5天,,120.00,乐游全球（境外直付版）-慧择旅游保险,1份,,39991,100%
0-85周岁,新疆前海联合财产保险股份有限公司,1-5天,,90.00,乐游全球（境外直付版）-慧择旅游保险,1份,,18658,100%
0-85周岁,新疆前海联合财产保险股份有限公司,1-5天,,60.00,乐游全球（境外直付版）-慧择旅游保险,1份,,17691,100%
1-65周岁,中意财产保险有限公司,1天,划算（1）,5.90,众行天下-跑步运动保险,1份,,15266,100%
1-65周岁,中意财产保险有限公司,1天,划算（1）,3.10,众行天下-跑步运动保险,1份,,34894,100%
出生满60天-17周岁,新疆前海联合财产保险股份有限公司,1-5天,,60.00,环球无忧（少儿）-慧择旅游保险,1份,,923,100%
1-65周岁,中意财产保险有限公司,1天,,44.00,众行天下-滑雪运动保险,1份,,143,100%
1-69周岁,新疆前海联合财产保险股份有限公司,1-5天,,50.00,乐游全球（无门诊版）-慧择旅游保险,1份,,40062,100%
0-70周岁,新疆前海联合财产保险股份有限公司,1-10天,,135.00,乐游俄罗斯-慧择旅游保险,1份,,777,100%
1-80周岁,新疆前海联合财产保险股份有限公司,1-4天,,30.00,安享天下-慧择旅游保险,1份,,37653,100%
1-65周岁,中意财产保险有限公司,1天,,28.00,众行天下-攀岩攀冰运动保险,1份,,630,100%
1-65周岁,中意财产保险有限公司,1天,,18.00,众行天下-攀岩攀冰运动保险,1份,,1512,100%
1-65周岁,中意财产保险有限公司,1天,,44.00,众行天下-攀岩攀冰运动保险,1份,,641,100%
0-85周岁,新疆前海联合财产保险股份有限公司,1-5天,,60.00,乐游日本韩国-慧择旅游保险,1份,,3866,100%
1-65周岁,中意财产保险有限公司,1天,,41.00,众行天下-攀岩攀冰运动保险,1份,,362,100%
0-85周岁,新疆前海联合财产保险股份有限公司,1-5天,,85.00,乐游日本韩国-慧择旅游保险,1份,,2737,100%
0-85周岁,新疆前海联合财产保险股份有限公司,1-5天,,30.00,乐游日本韩国-慧择旅游保险,1份,,4913,100%
1-65周岁,中意财产保险有限公司,1天,,16.50,众行天下-定向运动保险,1份,,310,100%
12-35周岁,新疆前海联合财产保险股份有限公司,1-2月,,1110.00,前程似锦（全面版）-慧择留学保险,1份,,229,100%
1-80周岁,新疆前海联合财产保险股份有限公司,1-4天,,185.00,安享天下-慧择旅游保险,1份,,8045,100%
12-35周岁,新疆前海联合财产保险股份有限公司,1-2月,,615.00,前程似锦（全面版）-慧择留学保险,1份,,381,100%
1-65周岁,中意财产保险有限公司,1天,,5.50,众行天下-球类运动保险,1份,,16846,100%
1-80周岁,新疆前海联合财产保险股份有限公司,1-4天,,90.00,安享天下-慧择旅游保险,1份,,6359,100%
1-65周岁,中意财产保险有限公司,1天,,15.60,众行天下-球类运动保险,1份,,4779,100%
1-65周岁,中意财产保险有限公司,1天,,10.80,众行天下-球类运动保险,1份,,13699,100%
1-65周岁,中意财产保险有限公司,1天,好（1）,4.80,众行天下-自行车运动保险,1份,,7247,100%
1-65周岁,中意财产保险有限公司,1天,,9.60,众行天下-球类运动保险,1份,,3255,100%
1-65周岁,中意财产保险有限公司,1天,好（1）,3.00,众行天下-综合户外运动保险,1份,,717278,100%
1-80周岁,新疆前海联合财产保险股份有限公司,1-4天,,130.00,安享天下-慧择旅游保险,1份,,6883,100%
1-65周岁,中意财产保险有限公司,1天,好（1）,15.00,众行天下-综合户外运动保险,1份,,12720,100%
1-65周岁,中意财产保险有限公司,1天,好（1）,10.00,众行天下-综合户外运动保险,1份,,46663,100%
1-65周岁,中意财产保险有限公司,1天,好（1）,5.00,众行天下-综合户外运动保险,1份,,71240,100%
1-65周岁,中意财产保险有限公司,1天,,84.00,众行天下-攀岩攀冰运动保险,1份,,248,100%
,渤海人寿保险股份有限公司,终身,,246.50,前行无忧终身重大疾病保险,,1-4类,320,100%
,光大永明人寿保险有限公司,至70岁,,976.00,达尔文超越者重大疾病保险,,1-4类,417,100%
,光大永明人寿保险有限公司,至70岁,,619.00,达尔文超越者重大疾病保险,,1-4类,2008,100%
18-59周岁,上海人寿保险股份有限公司,1年,,158.00,小蜜蜂全年综合意外保险（超越版）,1份,1-3类,4848,100%
18-59周岁,上海人寿保险股份有限公司,1年,,29.00,小蜜蜂全年综合意外保险（超越版）,1份,1-3类,3029,100%
,三峡人寿保险股份有限公司,20年,,81.00,挚爱一生（夫妻版）定期寿险,,1-6类,64,100%
,三峡人寿保险股份有限公司,10年,,18.00,爱相随定期寿险,,1-6类,3050,100%
,百年人寿保险股份有限公司,终身,,445.00,康惠保重大疾病保险-尊享版,,1-4类,209,100%
18-59周岁,上海人寿保险股份有限公司,1年,,90.00,小蜜蜂全年综合意外保险（超越版）,1份,1-3类,1523,100%
,百年人寿保险股份有限公司,至70周岁,,595.00,康惠保旗舰版重大疾病保险,,1-6类,13532,100%
1-80周岁,中意财产保险有限公司,1天,,1.00,平安去旅行-慧择旅游保险,1份,,397697,100%
1-65周岁,中意财产保险有限公司,1天,好（1）,13.20,众行天下-自行车运动保险,1份,,1287,100%
1-65周岁,中意财产保险有限公司,1天,好（1）,7.20,众行天下-自行车运动保险,1份,,3436,100%
,信美人寿相互保险社,至25岁,,488.00,爱我宝贝少儿白血病保险,,,116,100%
1-65周岁,中意财产保险有限公司,1天,好（1）,9.00,众行天下-自行车运动保险,1份,,2205,100%
1-65周岁,中意财产保险有限公司,1天,好（1）,19.80,众行天下-自行车运动保险,1份,,686,100%
1-85周岁,中意财产保险有限公司,1天,,45.00,自驾畅玩神州-慧择旅游保险,1份,,4751,100%
1-85周岁,中意财产保险有限公司,1天,,30.00,自驾畅玩神州-慧择旅游保险,1份,,3345,100%
1-85周岁,中意财产保险有限公司,1天,,20.00,自驾畅玩神州-慧择旅游保险,1份,,5272,100%
1-80周岁,中意财产保险有限公司,1天,,3.00,平安去旅行-慧择旅游保险,1份,,251418,100%
1-80周岁,中意财产保险有限公司,1天,,1.50,平安去旅行-慧择旅游保险,1份,,275939,100%
18-65周岁,新疆前海联合财产保险股份有限公司,1-7天,,140.00,乐游全球（商旅无忧版）-慧择旅游保险,1份,1-2类,1721,100%
18-60周岁,中意财产保险有限公司,1天,,20.00,海岛潜水-慧择旅游保险,1份,,269,100%
18-60周岁,中意财产保险有限公司,1天,,35.00,海岛潜水-慧择旅游保险,1份,,306,100%
1-85周岁,中意财产保险有限公司,1-2天,,15.00,慧游游-慧择旅游保险,1份,,15095,100%
1-85周岁,中意财产保险有限公司,1-2天,,10.00,慧游游-慧择旅游保险,1份,,21552,100%
12-35周岁,新疆前海联合财产保险股份有限公司,1-2月,,999.00,健康联合（HealthUnited）-慧择留学保险,1份,,5670,100%
12-35周岁,新疆前海联合财产保险股份有限公司,1-2月,,1945.00,留学智选（StudentMedisafe）-慧择留学保险,1份,,3962,100%
18-65周岁,新疆前海联合财产保险股份有限公司,1-7天,,260.00,乐游全球（商旅无忧版）-慧择旅游保险,1份,1-2类,1628,100%
出生满60天-90周岁,新疆前海联合财产保险股份有限公司,1-7天,,120.00,健康联合（HealthUnited）-慧择探亲保险,1份,,2365,100%
出生满60天-90周岁,新疆前海联合财产保险股份有限公司,1-7天,,190.00,健康联合（HealthUnited）-慧择探亲保险,1份,,3285,100%
出生满60天-90周岁,新疆前海联合财产保险股份有限公司,1-7天,,300.00,健康联合（HealthUnited）-慧择探亲保险,1份,,1991,100%
1-60周岁,中意财产保险有限公司,1天,,10.00,众行天下-赛事安心保险,1份,,11473,100%
1-60周岁,中意财产保险有限公司,1天,,10.00,众行天下-赛事安心保险,1份,,10989,100%
1-85周岁,中意财产保险有限公司,1-2天,,25.00,慧游游-慧择旅游保险,1份,,12743,100%
12-35周岁,新疆前海联合财产保险股份有限公司,1-2月,,554.00,健康联合（HealthUnited）-慧择留学保险,1份,,4556,100%
1-65周岁,中意财产保险有限公司,1-7天,,25.00,众行天下-环海南岛骑行保险（含搜救）,1份,,33,100%
1-65周岁,中意财产保险有限公司,1-7天,,49.00,众行天下-环青海湖骑行保险（含搜救）,1份,,41,100%
1-65周岁,中意财产保险有限公司,1-7天,,25.00,众行天下-环青海湖骑行保险（含搜救）,1份,,31,100%
1-65周岁,中意财产保险有限公司,1-7天,,39.00,众行天下-环海南岛骑行保险（含搜救）,1份,,18,100%
1-65周岁,中意财产保险有限公司,1-7天,,49.00,众行天下-环海南岛骑行保险（含搜救）,1份,,31,100%
0-85周岁,新疆前海联合财产保险股份有限公司,1天,,36.00,乐游香港澳门-慧择旅游保险,1份,,1893,100%
0-85周岁,新疆前海联合财产保险股份有限公司,1天,,8.50,乐游香港澳门-慧择旅游保险,1份,,2145,100%
1-16周岁,中意财产保险有限公司,1天,,3.00,众行天下-赛事安心保险（青少年及少儿版）,1份,,26007,100%
11-16周岁,中意财产保险有限公司,1天,,3.60,众行天下-赛事安心保险（青少年及少儿版）,1份,,495,100%
12-35周岁,新疆前海联合财产保险股份有限公司,1-2月,,1751.00,健康联合（HealthUnited）-慧择留学保险,1份,,2356,100%
1-65周岁,中意财产保险有限公司,1天,,35.00,众行天下-高原登山保险,1份,,419,100%
1-65周岁,中意财产保险有限公司,1天,,25.00,众行天下-高原登山保险,1份,,588,100%
1-65周岁,中意财产保险有限公司,1-7天,,39.00,众行天下-环青海湖骑行保险（含搜救）,1份,,49,100%
1-65周岁,中意财产保险有限公司,1天,,5.00,众行天下-综合户外运动保险（0-8时投保5小时生效）,1份,,5749,100%
0-85周岁,新疆前海联合财产保险股份有限公司,1天,,4.60,乐游香港澳门-慧择旅游保险,1份,,3455,100%
1-80周岁,中意财产保险有限公司,1天,,10.00,众行天下-全方位出行保险,1份,,750,100%
1-65周岁,中意财产保险有限公司,1天,,8.00,众行天下-综合户外运动保险（0-8时投保5小时生效）,1份,,1038,100%
1-80周岁,中意财产保险有限公司,1天,,3.00,众行天下-全方位出行保险,1份,,4236,100%
1-65周岁,中意财产保险有限公司,1-5天,,100.00,乐游全球-境外体育赛事保险,1份,,116,100%
1-65周岁,中意财产保险有限公司,1-5天,,125.00,乐游全球-境外体育赛事保险,1份,,287,100%
1-65周岁,中意财产保险有限公司,1天,,15.00,众行天下-高原登山保险,1份,,268,100%
1-65周岁,中意财产保险有限公司,1天,,3.00,众行天下-综合户外运动保险（自选型）,1份,,1,100%
1-80周岁,中意财产保险有限公司,1天,,5.00,众行天下-全方位出行保险,1份,,1399,100%
12-35周岁,新疆前海联合财产保险股份有限公司,1-2月,,1110.00,留学智选（StudentMedisafe）-慧择留学保险,1份,,8905,100%
12-35周岁,新疆前海联合财产保险股份有限公司,1-2月,,615.00,留学智选（StudentMedisafe）-慧择留学保险,1份,,2665,100%
出生满60天-90周岁,新疆前海联合财产保险股份有限公司,1-7天,,300.00,乐游全球（探亲版）-慧择旅游保险,1份,,1744,100%
12-35周岁,新疆前海联合财产保险股份有限公司,1-2月,,1945.00,前程似锦（全面版）-慧择留学保险,1份,,228,100%
,百年人寿保险股份有限公司,至60岁,,664.00,定惠保定期寿险,,1-4类,8144,100%
,百年人寿保险股份有限公司,,好（8）++专业（7）++热情（1）++赞（1）,190.00,百年康惠保重大疾病保险,,,5484,100%
,华贵人寿保险股份有限公司,10年,,61.00,大麦甜蜜家定期寿险,,,685,100%
,德华安顾人寿保险有限公司,10年,,461.00,孝亲宝老年恶性肿瘤疾病保险,,,205,100%
1-65周岁,中意财产保险有限公司,1天,,35.00,众行天下-水上运动保险,1份,,278,100%
18-65周岁,新疆前海联合财产保险股份有限公司,1-7天,,200.00,乐游全球（商旅无忧版）-慧择旅游保险,1份,1-2类,1534,100%
,华贵人寿保险股份有限公司,,,19.00,大麦定期寿险,,,5955,100%
,长生人寿保险有限公司,终身,,714.00,长生福优加重大疾病保险,,1类,163,100%
,长生人寿保险有限公司,终身,,907.00,长生福优加重大疾病保险,,1类,185,100%
出生满60天-90周岁,新疆前海联合财产保险股份有限公司,1-7天,,190.00,乐游全球（探亲版）-慧择旅游保险,1份,,1470,100%
出生满60天-90周岁,新疆前海联合财产保险股份有限公司,1-7天,,120.00,乐游全球（探亲版）-慧择旅游保险,1份,,1552,100%
1-65周岁,中意财产保险有限公司,1天,,22.00,众行天下-水上运动保险,1份,,330,100%
1-65周岁,中意财产保险有限公司,1天,,14.50,众行天下-水上运动保险,1份,,799,100%
,和谐健康保险股份有限公司,20年,,713.00,大黄蜂少儿重疾险2018,,,753,100%
,和谐健康保险股份有限公司,,好（20）++专业（5）++保费低（4）++性价比高（3）,90.00,慧馨安少儿定期重大疾病保险-2018版Plus,,,17398,100%
,长生人寿保险有限公司,终身,,250.00,寿鑫宝恶性肿瘤疾病保险,,,29,100%
48-60周岁,易安财产保险股份有限公司,1年,,328.00,住院无忧保障计划,1份,1-4类,271,96%
18-75周岁,易安财产保险股份有限公司,1年,好（27）++放心（13）++挺好的（5）++专业（4）,1.00,慧择个人账户资金安全保险,1份,,8126,99%
12-40周岁,新疆前海联合财产保险股份有限公司,1-30天,,240.00,前程似锦（基础版）-慧择留学保险,1份,,946,100%
出生满29天-18周岁,易安财产保险股份有限公司,1年,好（5）++经济实惠（2）++热情（2）++保费低（2）,16.00,慧择少儿白血病专项保障保险,1份,,894,100%
12-40周岁,新疆前海联合财产保险股份有限公司,1-30天,,90.00,前程似锦（基础版）-慧择留学保险,1份,,867,100%
18-47周岁,易安财产保险股份有限公司,1年,,209.00,住院无忧保障计划,1份,1-4类,710,96%
18-47周岁,易安财产保险股份有限公司,1年,,280.00,住院无忧保障计划,1份,1-4类,463,96%
3-70周岁,新疆前海联合财产保险股份有限公司,1-7天,,265.00,溜溜游（海外专享版）-慧择旅游保险,1份,,1244,100%
18-60周岁,亚太财产保险有限公司,1年,,90.00,亚太个人综合意外险,1份,1-3类,313,100%
3-70周岁,新疆前海联合财产保险股份有限公司,1-7天,,105.00,溜溜游（海外专享版）-慧择旅游保险,1份,,1252,100%
18-65周岁,亚太财产保险有限公司,1年,好（37）++性价比高（19）++专业（8）++挺好的（6）,180.00,“安心无忧”意外保障计划,1份,1-3类,3696,100%
3-70周岁,新疆前海联合财产保险股份有限公司,1-7天,,30.00,溜溜游（海外专享版）-慧择旅游保险,1份,,1985,100%
18-60周岁,亚太财产保险有限公司,1年,,29.00,亚太个人综合意外险,1份,1-3类,227,100%
18-65周岁,亚太财产保险有限公司,1年,好（37）++性价比高（19）++专业（8）++挺好的（6）,120.00,“安心无忧”意外保障计划,1份,1-3类,1757,100%
18-60周岁,泰康在线财产保险股份有限公司,1年,好（5）++很满意（1）,659.00,职业无忧意外险(1-6类),1份,1-6类,211,100%
18-60周岁,泰康在线财产保险股份有限公司,1年,好（5）++很满意（1）,939.00,职业无忧意外险(1-6类),1份,1-6类,295,100%
18-60周岁,泰康在线财产保险股份有限公司,1年,好（5）++很满意（1）,359.00,职业无忧意外险(1-6类),1份,1-6类,519,100%
18-65周岁,亚太财产保险有限公司,1年,好（37）++性价比高（19）++专业（8）++挺好的（6）,60.00,“安心无忧”意外保障计划,1份,1-3类,2739,100%
18-85周岁,泰康在线财产保险股份有限公司,1个月,好（2）++放心（1）++实用（1）,2.00,喜临门2元家财险,1份,,800,100%
0-70周岁,泰康在线财产保险股份有限公司,1月,好（7）++划算（1）++放心（1）++很满意（1）,5.00,通勤宝交通工具保障计划,1份,,690,100%
,复星联合健康保险股份有限公司,5年,,940.00,“定心丸”乐享一生百万医疗险（家庭计划）,1份,1-4类,1745,100%
,复星联合健康保险股份有限公司,1年,,81.00,药神一号疾病保险,1份,1-4类,165,100%
0-4周岁,安心财产保险有限责任公司,1年,,72.00,安享一生,1份,,237,100%
0-4周岁,安心财产保险有限责任公司,1年,,495.00,安享一生,1份,,105,100%
出生满28天-6周岁,安心财产保险有限责任公司,1年,,50.00,安享一生癌症医疗险,1份,,2294,100%
,弘康人寿保险股份有限公司,至60岁,,21.00,大白智能定寿,,,1011,100%
,弘康人寿保险股份有限公司,终身,,490.00,弘利相传终身寿险,,1-4类,500,100%
,复星联合健康保险股份有限公司,,,679.00,达尔文1号重大疾病保险,,,13882,100%
0-4周岁,安心财产保险有限责任公司,1年,好（54）++性价比高（21）++专业（8）++还不错（7）,279.00,一起慧99-百万医疗险无门诊计划,1份,1-4类,5181,98%
18-60周岁,亚太财产保险有限公司,1年,,299.00,亚太百万人生综合意外险,1份,1-3类,678,100%
,弘康人寿保险股份有限公司,终身,,1000.00,相伴一生年金保险,,,221,100%
出生满28天-17周岁,易安财产保险股份有限公司,1年,,35.00,守护者疫苗无忧险,1份,,123,100%
出生满28天-17周岁,易安财产保险股份有限公司,1年,,13.00,守护者疫苗无忧险,1份,,12,100%
,复星联合健康保险股份有限公司,至70岁,,102.00,妈咪保贝少儿重大疾病保险,,,3695,100%
,复星联合健康保险股份有限公司,至70岁,,513.50,守卫者2号重大疾病保险,,1-4类,5040,99%
,复星联合健康保险股份有限公司,至70岁,,159.50,康乐一生重大疾病保险（2019版）,,1-4类,1036,100%
,复星联合健康保险股份有限公司,1年,,9.00,药神一号疾病保险（含恶性肿瘤责任）,1份,1-4类,251,100%
出生满30天-90周岁,易安财产保险股份有限公司,1年,,75.00,“慧飞行”个人航空意外险（一年期）,1份,,21236,100%
出生满28天-17周岁,易安财产保险股份有限公司,1年,,30.00,守护者疫苗无忧险,1份,,32,100%
,弘康人寿保险股份有限公司,终身,,891.00,哆啦A保重大疾病保险旗舰版,,1-4类,145,100%
,弘康人寿保险股份有限公司,终身,,340.00,相伴一生年金保险,,,5,100%
出生满29天-18周岁,易安财产保险股份有限公司,1年,,1.60,慧择少儿白血病专项保障保险（赠险计划）,,,125,100%
出生满30天-90周岁,易安财产保险股份有限公司,1年,,195.00,“慧飞行”个人航空意外险（一年期）,1份,,13618,100%
18-60周岁,亚太财产保险有限公司,1年,,150.00,亚太个人综合意外险,1份,1-3类,466,100%
48-60周岁,易安财产保险股份有限公司,1年,,395.00,住院无忧保障计划,1份,1-4类,299,96%
,昆仑健康保险股份有限公司,至70周岁,,696.49,健康保2.0重大疾病保险,,,1061,100%
,昆仑健康保险股份有限公司,至80岁,,129.50,康爱保恶性肿瘤疾病保险,,,476,100%
,弘康人寿保险股份有限公司,终身,,880.00,哆啦A保重大疾病保险,,1-4类,7866,100%
,招商信诺人寿保险有限公司,,,314.42,宝贝启航2018少儿教育年金保险产品计划,,,1519,100%
,同方全球人寿保险有限公司,,,350.00,同佑e生保险产品计划,,,51,100%
,复星联合健康保险股份有限公司,5年,,188.00,“定心丸”乐享一生百万医疗险,1份,1-4类,5836,100%
,中华联合人寿保险股份有限公司,终身,,10000.00,中华尊终身寿险,,1-6类,117,100%
,招商信诺人寿保险有限公司,,,127.13,珍爱未来B款少儿教育年金保险产品计划,,,1247,100%
,弘康人寿保险股份有限公司,,性价比高（3）++热情（2）++好（2）++价格便宜（1）,380.00,健康一生重大疾病保险A款,,,2009,100%
,复星联合健康保险股份有限公司,至70岁,,709.00,康乐一生重大疾病保险C款,,1-4类,6354,100%
0-1周岁,泰康在线财产保险股份有限公司,1年,,401.00,百万全能医疗险,1份,1-4类,373,100%
0-1周岁,泰康在线财产保险股份有限公司,1年,,233.00,百万全能医疗险,1份,1-4类,392,100%
0-1周岁,泰康在线财产保险股份有限公司,1年,,149.00,百万全能医疗险,1份,1-4类,363,100%
18-50周岁,泰康在线财产保险股份有限公司,1年,,125.00,泰康在线全年综合意外保险2019版(成人版),1份,1-3类,221,100%
51-55周岁,泰康在线财产保险股份有限公司,1年,,1345.00,百万全能医疗险,1份,1-4类,305,100%
51-55周岁,泰康在线财产保险股份有限公司,1年,,1746.00,百万全能医疗险,1份,1-4类,305,100%
18-50周岁,泰康在线财产保险股份有限公司,1年,,128.00,泰康在线尊享意外险2019版,1份,1-3类,311,100%
18-50周岁,泰康在线财产保险股份有限公司,1年,,249.00,泰康在线尊享意外险2019版,1份,1-3类,352,100%
18-50周岁,泰康在线财产保险股份有限公司,1年,,164.00,泰康在线尊享意外险2019版,1份,1-3类,315,100%
18-50周岁,泰康在线财产保险股份有限公司,1年,,155.00,泰康在线全年综合意外保险2019版(成人版),1份,1-3类,215,100%
56-60周岁,史带财产保险股份有限公司,1年,好（2）,2468.00,慧择中年关爱(56-60周岁),1份,1-3类,29,100%
56-60周岁,史带财产保险股份有限公司,1年,好（16）++放心（4）++值得信赖（3）++赞（3）,2088.00,慧择中年关爱(56-60周岁),1份,1-3类,785,98%
,华安财产保险股份有限公司,1年,好（4）++价格便宜（1）++买了安心（1）,48.00,居民燃气综合保险,1份,,893,100%
,华安财产保险股份有限公司,1年,好（5）++赞（2）++性价比高（1）++专业（1）,399.00,“满堂福”家庭财产保险,1份,,798,100%
3-70周岁,华安财产保险股份有限公司,1年,好（7）++放心（4）++性价比高（1）++专业（1）,25.00,华安禽流感无忧疾病保险,1份,,1124,100%
51-55周岁,史带财产保险股份有限公司,1年,好（46）++放心（10）++挺好的（6）++划算（6）,898.00,慧择中年关爱(51-55周岁),1份,1-3类,75,100%
出生满30日-17周岁,华安财产保险股份有限公司,365天,好（41）++性价比高（19）++划算（14）++还不错（4）,37.13,一路平安交通工具意外伤害保险,1份,不限职业,76848,100%
51-55周岁,史带财产保险股份有限公司,1年,好（46）++放心（10）++挺好的（6）++划算（6）,1600.00,慧择中年关爱(51-55周岁),1份,1-3类,544,100%
18-60周岁,利宝保险有限公司,1年,,398.00,欣享百万意外伤害保险,1份,1-2类,64,100%
18-100周岁,富德财产保险股份有限公司,1年,,15000.00,谱蓝定制“灵牙丽”齿科保险,1份,,0,100%
18-65周岁,华安财产保险股份有限公司,1年,,100.00,超级马力意外伤害保险,1份,1-6类,1596,100%
,阳光人寿保险股份有限公司,终身,,3932.00,阳光人寿i保C款终身重大疾病保险,,1-4类,158,100%
51-55周岁,史带财产保险股份有限公司,1年,好（46）++放心（10）++挺好的（6）++划算（6）,1950.00,慧择中年关爱(51-55周岁),1份,1-3类,50,100%
18-60周岁,利宝保险有限公司,1年,,298.00,欣享百万意外伤害保险,1份,1-2类,42,100%
出生满30天-17周岁,华泰财产保险有限公司,1年,,580.00,少儿门诊暖宝保,1份,,2663,100%
3-17周岁,华泰财产保险有限公司,1年,好（132）++性价比高（47）++挺好的（24）++放心（14）,100.00,慧择“年年无忧”综合意外险,1份,1-4类,14032,99%
3-70周岁,华泰财产保险有限公司,1年,好（132）++性价比高（47）++挺好的（24）++放心（14）,50.00,慧择“年年无忧”综合意外险,1份,1-4类,18115,99%
18-70周岁,华泰财产保险有限公司,1年,好（132）++性价比高（47）++挺好的（24）++放心（14）,328.00,慧择“年年无忧”综合意外险,1份,1-4类,62707,99%
46-50周岁,史带财产保险股份有限公司,1年,好（27）++性价比高（15）++还不错（7）++经济实惠（6）,720.00,慧择白领健康保险,1份,1-3类,27925,100%
36-45周岁,史带财产保险股份有限公司,1年,好（27）++性价比高（15）++还不错（7）++经济实惠（6）,520.00,慧择白领健康保险,1份,1-3类,28298,100%
,复星保德信人寿保险有限公司,至80岁,,452.00,星悦重大疾病保险,,1-4类,3543,100%
,复星保德信人寿保险有限公司,至30岁,,5000.00,星宝贝少儿年金保险,5份,,1170,100%
0-80周岁,平安养老保险股份有限公司,2-3天,好（1191）++经济实惠（198）++放心（183）++性价比高（149）,1.90,慧择-平安旅行意外保险,1份,不限职业,572271,99%
0-80周岁,平安养老保险股份有限公司,2-3天,好（1191）++经济实惠（198）++放心（183）++性价比高（149）,5.00,慧择-平安旅行意外保险,1份,不限职业,293883,99%
0-80周岁,平安养老保险股份有限公司,1天,好（1191）++经济实惠（198）++放心（183）++性价比高（149）,2.20,慧择-平安旅行意外保险,1份,不限职业,1096111,99%
1-80周岁,史带财产保险股份有限公司,1天,好（76）++实用（17）++挺好的（10）++值得信赖（9）,2.20,慧择境内拓展训练意外保险,1份,,407705,100%
18-70周岁,华泰财产保险有限公司,1年,好（22）++性价比高（5）++很满意（2）++挺好的（2）,100.00,慧择“全年无忧”综合意外险,1份,1-4类,8485,100%
1-17周岁,美亚财产保险有限公司,1-3天,好（13）++放心（4）++很满意（3）++赞（3）,15.00,美亚“小探险家”旅行保障计划,1份,不限职业,1060,97%
1-17周岁,美亚财产保险有限公司,1-3天,好（13）++放心（4）++很满意（3）++赞（3）,60.00,美亚“小探险家”旅行保障计划,1份,不限职业,1528,97%
1-80周岁,美亚财产保险有限公司,1-15天,好（2）,55.00,美亚“宝岛游踪”台湾旅行保障计划,1份,,949,100%
1-80周岁,美亚财产保险有限公司,1-15天,好（2）,90.00,美亚“宝岛游踪”台湾旅行保障计划,1份,,535,100%
0-18,平安养老保险股份有限公司,1年,,119.00,平安慧择靶向药重疾险（家庭单）,1份,1-5类,3,100%
0-90周岁,平安养老保险股份有限公司,7天,好（9）++经济实惠（2）++放心（2）++值得信赖（1）,20.00,慧择网-平安交通意外保险,1份,不限职业,1723,100%
,史带财产保险股份有限公司,,好（27）++性价比高（15）++还不错（7）++经济实惠（6）,380.00,慧择白领健康保险,,,29131,100%
0-18,平安养老保险股份有限公司,1年,,176.00,平安慧择靶向药重疾险（家庭单）,1份,1-5类,3,100%
0-18,平安养老保险股份有限公司,1年,,62.00,平安慧择靶向药重疾险（家庭单）,1份,1-5类,6,100%
12-30周岁,美亚财产保险有限公司,1月,性价比高（1）++赞（1）++有耐心（1）++专业（1）,720.00,美亚“锦绣前程”海外留学基础保障,1份,不限职业,56,88%
18-80周岁,美亚财产保险有限公司,1年,划算（2）++好（2）++放心（1）++热情（1）,1458.00,美亚“商旅无忧”个人旅行保障计划,1份,1-3类,24,100%
18-80周岁,美亚财产保险有限公司,1年,划算（2）++好（2）++放心（1）++热情（1）,2528.00,美亚“商旅无忧”个人旅行保障计划,1份,1-3类,55,100%
1-17周岁,美亚财产保险有限公司,1-7天,好（22）++放心（11）++买了安心（3）++挺好的（3）,150.00,美亚“万国游踪”境外旅行保障计划–申根版,1份,不限职业,1416,100%
1-17周岁,美亚财产保险有限公司,1-7天,好（20）++赞（3）++值得信赖（2）++放心（2）,90.00,美亚“万国游踪”境外旅行保障计划–全球版,1份,不限职业,6487,100%
1-17周岁,美亚财产保险有限公司,1-7天,好（20）++赞（3）++值得信赖（2）++放心（2）,250.00,美亚“万国游踪”境外旅行保障计划–全球版,1份,不限职业,3638,100%
1-17周岁,美亚财产保险有限公司,1-7天,好（22）++放心（11）++买了安心（3）++挺好的（3）,120.00,美亚“万国游踪”境外旅行保障计划–申根版,1份,不限职业,3314,100%
1-17周岁,美亚财产保险有限公司,1-4天,好（18）++专业（6）++还会再买（2）++性价比高（2）,40.00,美亚“乐悠游”境外旅行保障计划,1份,不限职业,19828,100%
18-80周岁,美亚财产保险有限公司,1年,划算（2）++好（2）++放心（1）++热情（1）,968.00,美亚“商旅无忧”个人旅行保障计划,1份,1-3类,42,100%
1-17周岁,美亚财产保险有限公司,1-7天,好（20）++赞（3）++值得信赖（2）++放心（2）,155.00,美亚“万国游踪”境外旅行保障计划–全球版,1份,不限职业,5176,100%
,史带财产保险股份有限公司,,好（34）++放心（6）++划算（4）++产品不错（4）,1998.00,慧择老年关爱(含重疾),,,1303,100%
,史带财产保险股份有限公司,,好（34）++放心（6）++划算（4）++产品不错（4）,1798.00,慧择老年关爱(含重疾),,,6143,100%
0-80周岁,平安养老保险股份有限公司,1天,好（1191）++经济实惠（198）++放心（183）++性价比高（149）,0.80,慧择-平安旅行意外保险,1份,不限职业,3074943,99%
0-80周岁,平安养老保险股份有限公司,1-5天,好（1191）++经济实惠（198）++放心（183）++性价比高（149）,4.00,慧择-平安旅行意外保险,1份,不限职业,143772,99%
45-75周岁,史带财产保险股份有限公司,1年,好（6）++很满意（3）++放心（2）++性价比高（2）,99.00,慧择“回家看看”老年人意外保障计划,1份,1-4类,2081,97%
71-75周岁,史带财产保险股份有限公司,1年,,2198.00,慧择老年关爱(含重疾),1份,1-2类,15,100%
56-60周岁,史带财产保险股份有限公司,1年,好（2）,1198.00,慧择中年关爱(56-60周岁),1份,1-3类,25,100%
出生满30天-3周岁,泰康在线财产保险股份有限公司,1年,,719.00,幼儿住院保（2019版）,1份,,250,100%
出生满30天-3周岁,泰康在线财产保险股份有限公司,1年,,499.00,幼儿住院保（2019版）,1份,,266,100%
4-17周岁,泰康在线财产保险股份有限公司,1年,,239.00,少儿住院保（2019版）,1份,,245,100%
12-30周岁,美亚财产保险有限公司,1月,性价比高（1）++赞（1）++有耐心（1）++专业（1）,2075.00,美亚“锦绣前程”海外留学基础保障,1份,不限职业,9,88%
12-30周岁,美亚财产保险有限公司,1月,好（10）++放心（7）++很满意（3）++保障很全面（2）,1265.00,美亚“锦绣前程”海外留学全面保障,1份,不限职业,202,100%
12-30周岁,美亚财产保险有限公司,1月,性价比高（1）++赞（1）++有耐心（1）++专业（1）,1285.00,美亚“锦绣前程”海外留学基础保障,1份,不限职业,39,88%
12-30周岁,美亚财产保险有限公司,1月,好（10）++放心（7）++很满意（3）++保障很全面（2）,4265.00,美亚“锦绣前程”海外留学全面保障,1份,不限职业,169,100%
12-30周岁,美亚财产保险有限公司,1月,好（10）++放心（7）++很满意（3）++保障很全面（2）,2380.00,美亚“锦绣前程”海外留学全面保障,1份,不限职业,173,100%
18-49周岁,泰康在线财产保险股份有限公司,1年,,469.00,成人住院保（1-3类）（2019版）,1份,1-3类,247,100%
18-40周岁,泰康在线财产保险股份有限公司,1年,,30.00,泰康在线全年综合意外险（白领女性版）,1份,1类,213,100%
18-40周岁,泰康在线财产保险股份有限公司,1年,,35.00,泰康在线全年综合意外险（白领女性版）,1份,1类,276,100%
18-49周岁,泰康在线财产保险股份有限公司,1年,,349.00,成人住院保（1-3类）（2019版）,1份,1-3类,271,100%
18-49周岁,泰康在线财产保险股份有限公司,1年,,239.00,成人住院保（1-3类）（2019版）,1份,1-3类,267,100%
18-49周岁,泰康在线财产保险股份有限公司,1年,,239.00,成人住院保（4类）（2019版）,1份,4类,368,100%
0-80周岁,平安养老保险股份有限公司,1-5天,好（1191）++经济实惠（198）++放心（183）++性价比高（149）,11.00,慧择-平安旅行意外保险,1份,不限职业,493167,99%
0-80周岁,平安养老保险股份有限公司,1天,好（512）++实用（137）++放心（70）++性价比高（56）,1.00,慧旅游-一日游,1份,不限职业,3732604,99%
出生满30日-2周岁,平安养老保险股份有限公司,1年,好（87）++性价比高（23）++专业（13）++放心（13）,55.00,平安少儿综合保险,,,9260,99%
出生满30日-18周岁,平安养老保险股份有限公司,1年,好（105）++性价比高（33）++放心（20）++实用（11）,100.00,少儿平安综合保障计划,1份,,15024,98%
4-17周岁,泰康在线财产保险股份有限公司,1年,,329.00,少儿住院保（2019版）,1份,,255,100%
50-65周岁,泰康在线财产保险股份有限公司,1年,,419.00,老年住院保（4类）（2019版）,1份,4类,330,100%
0-80周岁,平安养老保险股份有限公司,1-3天,好（1191）++经济实惠（198）++放心（183）++性价比高（149）,3.00,慧择-平安旅行意外保险,1份,不限职业,1617265,99%
18-49周岁,泰康在线财产保险股份有限公司,1年,,349.00,成人住院保（4类）（2019版）,1份,4类,359,100%
50-65周岁,泰康在线财产保险股份有限公司,1年,,419.00,老年住院保（1-3类）（2019版）,1份,1-3类,394,100%
6-17周岁,泰康在线财产保险股份有限公司,1年,,33.00,泰康在线全年综合意外险（学生版）,1份,,383,100%
18-49周岁,泰康在线财产保险股份有限公司,1年,,469.00,成人住院保（4类）（2019版）,1份,4类,351,100%
出生满30天—17周岁,泰康在线财产保险股份有限公司,1年,,92.00,泰康在线全年综合意外保险2019版(少儿版),1份,1类,262,100%
18-40周岁,复星保德信人寿保险有限公司,,,560.00,星宁意外保险,1份,1-3类,0,100%
18-40周岁,复星保德信人寿保险有限公司,,,390.00,星宁意外保险,1份,1-3类,17,100%
18-40周岁,复星保德信人寿保险有限公司,,,200.00,星宁意外保险,1份,1-3类,233,100%
出生满30天—17周岁,泰康在线财产保险股份有限公司,1年,,133.00,泰康在线全年综合意外保险2019版(少儿版),1份,1类,543,100%
出生满30天—17周岁,泰康在线财产保险股份有限公司,1年,,73.00,泰康在线全年综合意外保险2019版(少儿版),1份,1类,289,100%
18-50周岁,泰康在线财产保险股份有限公司,1年,,231.00,泰康在线全年综合意外保险2019版(成人版),1份,1-3类,222,100%
18-70周岁,华泰财产保险有限公司,1年,好（3）++专业（1）++放心（1）,150.00,华泰全年无忧自驾车意外伤害保险,1份,除拒保职业,910,100%
1-17周岁,华泰财产保险有限公司,1-2天,好（119）++性价比高（28）++经济实惠（21）++热情（12）,374.00,华泰全球旅行保障计划,1份,不限职业,745,99%
,复星保德信人寿保险有限公司,至60岁,,424.00,慧择定海针定期寿险,,,1305,100%
18-40周岁,复星保德信人寿保险有限公司,,,700.00,星宁意外保险,1份,1-3类,0,100%
1-17周岁,华泰财产保险有限公司,1-2天,好（119）++性价比高（28）++经济实惠（21）++热情（12）,295.00,华泰全球旅行保障计划,1份,不限职业,489,99%
1-80周岁,华泰财产保险有限公司,1-2天,好（119）++性价比高（28）++经济实惠（21）++热情（12）,111.00,华泰全球旅行保障计划,1份,不限职业,24353,99%
,平安健康保险股份有限公司,1年,,219.00,e生保（6年保证续保版）,1份,,1248,100%
,平安健康保险股份有限公司,1年,,174.00,平安e生保plus,,,1898,100%
0-70周岁,利宝保险有限公司,1-16天,,86.00,宝岛任我行,1份,,8088,100%
,阳光人寿保险股份有限公司,至60岁,,44.00,i保定期寿险,,1类,2,100%
6-55周岁,华安财产保险股份有限公司,1年,性价比高（1）++好（1）,15.00,吃货无忧险,1份,,180,83%
,平安健康保险股份有限公司,1年,,202.00,平安e生保plus,,,1256,100%
18-65周岁,华安财产保险股份有限公司,1年,,100.00,驾校学员意外伤害保险,1份,,44,100%
1-17周岁,华泰财产保险有限公司,1-2天,好（119）++性价比高（28）++经济实惠（21）++热情（12）,173.00,华泰全球旅行保障计划,1份,不限职业,1721,99%
,华安财产保险股份有限公司,,,35.00,驾校学员意外伤害保险,,,112,100%
18-60周岁,华安财产保险股份有限公司,1年,好（5）++保费低（2）++保额高（1）++性价比高（1）,6.00,“账户保”个人账户资金安全险,1份,,3403,100%
出生满60天-17周岁,安联财产保险（中国）有限公司,1天,好（62）++放心（12）++很满意（6）++值得信赖（5）,145.00,安联全球旅行保险,1份,不限职业,1173,99%
出生满60天-17周岁,安联财产保险（中国）有限公司,1天,好（62）++放心（12）++很满意（6）++值得信赖（5）,115.00,安联全球旅行保险,1份,不限职业,2602,99%
出生满60天-17周岁,安联财产保险（中国）有限公司,1天,好（62）++放心（12）++很满意（6）++值得信赖（5）,185.00,安联全球旅行保险,1份,不限职业,3246,99%
出生满60天-17周岁,安联财产保险（中国）有限公司,1天,好（20）++挺好的（6）++性价比高（3）++投保简单（3）,35.00,安联“畅享神州”境内旅行保险,1份,不限职业,2327,100%
18-70周岁,安联财产保险（中国）有限公司,1-2天,好（35）++放心（10）++性价比高（7）++划算（7）,20.00,畅享自驾-安联境内自驾车保障,1份,1-2类,3099,99%
18-65周岁,华安财产保险股份有限公司,1年,,65.00,驾校学员意外伤害保险,1份,,34,100%
出生满60日-17周岁,安联财产保险（中国）有限公司,1天,好（20）++挺好的（6）++性价比高（3）++投保简单（3）,15.00,安联“畅享神州”境内旅行保险,1份,不限职业,10893,100%
8-70周岁,富德财产保险股份有限公司,1年,,42800.00,谱蓝定制“健齿无忧”齿科保险,1份,,0,100%
3-12周岁,富德财产保险股份有限公司,1年,,6888.00,谱蓝定制“牙仙子”齿科保险,1份,,0,100%
0-100周岁,富德财产保险股份有限公司,1年,,588.00,美牙牙齿科保险,1份,,52,100%
出生满60天-17周岁,安联财产保险（中国）有限公司,1天,好（62）++放心（12）++很满意（6）++值得信赖（5）,290.00,安联全球旅行保险,1份,不限职业,2101,99%
出生满30天-5周岁,安联财产保险（中国）有限公司,1年,,110.00,臻爱医疗保险感恩版,1份,1-4类,66,100%
18-70周岁,安联财产保险（中国）有限公司,1-2天,好（35）++放心（10）++性价比高（7）++划算（7）,30.00,畅享自驾-安联境内自驾车保障,1份,1-2类,6798,99%
出生满60天-17周岁,安联财产保险（中国）有限公司,1天,好（20）++挺好的（6）++性价比高（3）++投保简单（3）,25.00,安联“畅享神州”境内旅行保险,1份,不限职业,2567,100%
出生满60日-17周岁,安联财产保险（中国）有限公司,1-7天,好（12）++有耐心（3）++放心（3）++还不错（3）,130.00,环游四海-安联全球旅行,1份,,326,100%
出生满60日-17周岁,安联财产保险（中国）有限公司,1-7天,好（12）++有耐心（3）++放心（3）++还不错（3）,45.00,环游四海-安联全球旅行,1份,,1254,100%
0-85周岁,中国平安财产保险股份有限公司,1-5天,,75.00,乐游全球-慧择旅游保险,1份,,3352,100%
0-85周岁,中国平安财产保险股份有限公司,1-5天,,50.00,乐游全球-慧择旅游保险,1份,,3758,100%
18-70周岁,安联财产保险（中国）有限公司,1-2天,好（35）++放心（10）++性价比高（7）++划算（7）,10.00,畅享自驾-安联境内自驾车保障,1份,1-2类,4895,99%
出生满30天-5周岁,安联财产保险（中国）有限公司,1年,,1929.00,臻爱医疗保险感恩版,1份,1-4类,69,100%
出生满30天-5周岁,安联财产保险（中国）有限公司,1年,,2211.00,臻爱医疗保险感恩版,1份,1-4类,14,100%
出生满30天-5周岁,安联财产保险（中国）有限公司,1年,,189.00,臻爱医疗保险感恩版,1份,1-4类,36,100%
0-75周岁,中国平安财产保险股份有限公司,1年,好（16）++性价比高（4）++还不错（3）++实用（2）,100.00,平安全年交通工具意外险,1份,不限职业,3491,100%
出生满30天-5周岁,安联财产保险（中国）有限公司,1年,,186.00,臻爱医疗保险感恩版,1份,1-4类,37,100%
20-30周岁,安联财产保险（中国）有限公司,1年,,300.00,小幸孕-安联母婴保障,1份,1-4类,2,100%
20-30周岁,安联财产保险（中国）有限公司,1年,,150.00,小幸孕-安联母婴保障,1份,1-4类,10,100%
,安联财产保险（中国）有限公司,1年,,47.00,京彩一生防癌医疗险,1份,1-4类,322,100%
出生满60天-5周岁,安联财产保险（中国）有限公司,1年,,546.00,安联住院宝,1份,1-4类,372,100%
0-80周岁,中国平安财产保险股份有限公司,1-2天,,21.60,平安自驾游-携保旅游保险,1份,,1536,100%
0-80周岁,中国平安财产保险股份有限公司,1-2天,,14.40,平安自驾游-携保旅游保险,1份,,1123,100%
出生满30天-5周岁,安联财产保险（中国）有限公司,1年,,267.00,臻爱医疗保险感恩版,1份,1-4类,29,100%
出生满60天-5周岁,安联财产保险（中国）有限公司,1年,,775.00,安联住院宝,1份,1-4类,271,100%
20-30周岁,安联财产保险（中国）有限公司,1年,,750.00,小幸孕-安联母婴保障,1份,1-4类,19,100%
20-30周岁,安联财产保险（中国）有限公司,1年,,450.00,小幸孕-安联母婴保障,1份,1-4类,10,100%
,安联财产保险（中国）有限公司,1年,,89.00,京彩一生百万医疗险,1份,1-4类,277,100%
出生满60天-90周岁,中国平安财产保险股份有限公司,1-5天,,85.00,邮轮旅游-慧择旅游保险,1份,,688,100%
出生满60天-90周岁,中国平安财产保险股份有限公司,1-5天,,50.00,邮轮旅游-慧择旅游保险,1份,,1770,100%
0-17周岁,中国平安财产保险股份有限公司,1年,,60.00,小神童少儿综合意外险,1份,,483,100%
0-65周岁,中国平安财产保险股份有限公司,1天,,20.00,平安众行天下-携保户外运动保险,1份,,151,100%
0-17周岁,中国平安财产保险股份有限公司,1年,,90.00,小神童少儿综合意外险,1份,,320,100%
0-17周岁,中国平安财产保险股份有限公司,1年,,150.00,小神童少儿综合意外险,1份,,223,100%
0-65周岁,中国平安财产保险股份有限公司,1天,,10.00,平安众行天下-携保户外运动保险,1份,,534,100%
0-80周岁,中国平安财产保险股份有限公司,1-2天,,25.20,平安自驾游-携保旅游保险,1份,,1149,100%
0-65周岁,中国平安财产保险股份有限公司,1天,,30.00,平安众行天下-携保户外运动保险,1份,,369,100%
0-85周岁,中国平安财产保险股份有限公司,1-5天,,100.00,乐游全球-慧择旅游保险,1份,,7754,100%
18-60周岁,中国平安财产保险股份有限公司,1年,经济实惠（1）++好（1）++买份安心（1）++性价比高（1）,999.00,平安“九九祥福”意外伤害保险,1份,1-3类,346,100%
16-65周岁,中国平安财产保险股份有限公司,1年,好（38）++性价比高（19）++还不错（8）++挺好的（7）,234.40,平安吉祥人生全年保障计划,1份,1-3类,7229,100%
出生满31天-17周岁,中国人民人寿保险股份有限公司,1年,好（36）++挺好的（8）++性价比高（6）++保费低（5）,200.00,慧安心-少儿医疗保险计划,1份,,4870,100%
1-69周岁,中国太平洋财产保险股份有限公司,1天,好（216）++性价比高（39）++实用（27）++赞（20）,54.00,太平洋境外旅行综合保险尊贵计划(无门诊),1份,不限职业,12851,98%
1-69周岁,中国太平洋财产保险股份有限公司,1天,好（216）++性价比高（39）++实用（27）++赞（20）,96.00,太平洋境外旅行综合保险尊贵计划(无门诊),1份,不限职业,1250,98%
出生满60日-17周岁,安联财产保险（中国）有限公司,1-7天,好（12）++有耐心（3）++放心（3）++还不错（3）,370.00,环游四海-安联全球旅行,1份,,170,100%
出生满60日-17周岁,安联财产保险（中国）有限公司,1-7天,好（12）++有耐心（3）++放心（3）++还不错（3）,210.00,环游四海-安联全球旅行,1份,,1134,100%
18-70周岁,中国人民人寿保险股份有限公司,1年,产品不错（17）++好（7）++性价比高（5）++放心（3）,100.00,旅途安心保险计划(新),1份,不限职业,1775,100%
出生满30天-18周岁,中国太平洋财产保险股份有限公司,1年,好（145）++挺好的（26）++性价比高（26）++专业（15）,264.00,慧择安心保少儿疾病住院医疗保障,1份,,15296,99%
18-27周岁,中国太平洋财产保险股份有限公司,1年,好（10）++划算（3）++性价比高（3）++专业（1）,72.00,“学习无忧”疾病医疗学平险,1份,,177,100%
1-69周岁,中国太平洋财产保险股份有限公司,1天,好（216）++性价比高（39）++实用（27）++赞（20）,68.00,太平洋境外旅行综合保险尊贵计划(无门诊),1份,不限职业,2120,98%
18-65周岁,中国人民人寿保险股份有限公司,1年,性价比高（25）++好（14）++放心（5）++还不错（4）,100.00,慧选意外心安保险计划(新),1份,1-3类,7394,100%
1-69周岁,中国太平洋财产保险股份有限公司,1天,好（22）++放心（7）++价格便宜（2）++还不错（2）,16.94,境内旅行及救援尊贵计划(含高风险),1份,不限职业,1009,98%
11-17周岁,中国太平洋财产保险股份有限公司,1年,好（10）++划算（3）++性价比高（3）++专业（1）,192.00,“学习无忧”疾病医疗学平险,1份,,114,100%
1-65周岁,中国太平洋财产保险股份有限公司,1年,好（1）,275.00,“驾乘无忧”意外伤害保险(5座),1份,,115,100%
2-10周岁,中国太平洋财产保险股份有限公司,1年,好（10）++划算（3）++性价比高（3）++专业（1）,168.00,“学习无忧”疾病医疗学平险,1份,,799,100%
1-69周岁,中国太平洋财产保险股份有限公司,1天,好（22）++放心（7）++价格便宜（2）++还不错（2）,19.25,境内旅行及救援尊贵计划(含高风险),1份,不限职业,832,98%
1-69周岁,中国太平洋财产保险股份有限公司,1-3天,好（22）++划算（3）++放心（3）++保障很全面（2）,147.00,太平洋境外旅行尊贵计划(含门诊),1份,不限职业,1416,98%
出生满30日-12周岁,中国太平洋财产保险股份有限公司,1年,好（6）++性价比高（4）++放心（2）++还不错（2）,19.00,“快乐成长”儿童疫苗险,1份,,107,100%
出生满30日-12周岁,中国太平洋财产保险股份有限公司,1年,好（6）++性价比高（4）++放心（2）++还不错（2）,10.00,“快乐成长”儿童疫苗险,1份,,488,100%
1-65周岁,中国太平洋财产保险股份有限公司,1天,,5.00,众行天下-拓展训练保险,1份,,3628,100%
1-65周岁,中国太平洋财产保险股份有限公司,1天,,10.00,众行天下-拓展训练保险,1份,,1177,100%
出生满30日-12周岁,中国太平洋财产保险股份有限公司,1年,好（6）++性价比高（4）++放心（2）++还不错（2）,31.00,“快乐成长”儿童疫苗险,1份,,451,100%
1-69周岁,中国太平洋财产保险股份有限公司,1-3天,好（22）++划算（3）++放心（3）++保障很全面（2）,166.00,太平洋境外旅行尊贵计划(含门诊),1份,不限职业,4610,98%
1-65周岁,中国太平洋财产保险股份有限公司,1天,,2.20,众行天下-拓展训练保险,1份,,8731,100%
1-69周岁,中国太平洋财产保险股份有限公司,1-3天,好（22）++划算（3）++放心（3）++保障很全面（2）,133.00,太平洋境外旅行尊贵计划(含门诊),1份,不限职业,222,98%
1-69周岁,中国太平洋财产保险股份有限公司,1-3天,好（22）++划算（3）++放心（3）++保障很全面（2）,175.00,太平洋境外旅行尊贵计划(含门诊),1份,不限职业,2230,98%
1-80周岁,中国太平洋财产保险股份有限公司,1天,,3.00,平安去旅行-慧择旅游保险,1份,,299,100%
1-80周岁,中国太平洋财产保险股份有限公司,1天,,1.50,平安去旅行-慧择旅游保险,1份,,467,100%
1-80周岁,中国太平洋财产保险股份有限公司,1天,,1.00,平安去旅行-慧择旅游保险,1份,,828,100%
1-65周岁,中国太平洋财产保险股份有限公司,1天,,5.00,众行天下-综合户外运动保险（0-8时投保5小时生效）,1份,,222,100%
1-85周岁,中国太平洋财产保险股份有限公司,1天,,1.00,一日游-慧择旅游保险,1份,,44405,100%
1-65周岁,中国太平洋财产保险股份有限公司,1天,,10.00,众行天下-综合户外运动保险,1份,,104,100%
1-65周岁,中国太平洋财产保险股份有限公司,1天,,8.00,众行天下-综合户外运动保险（0-8时投保5小时生效）,1份,,4,100%
1-65周岁,中国太平洋财产保险股份有限公司,1天,,5.00,众行天下-综合户外运动保险,1份,,259,100%
1-65周岁,中国太平洋财产保险股份有限公司,1天,,15.00,众行天下-综合户外运动保险,1份,,23,100%
1-65周岁,中国太平洋财产保险股份有限公司,1天,,3.80,众行天下-综合户外运动保险,1份,,195,100%
1-85周岁,中国太平洋财产保险股份有限公司,1天,,30.00,自驾畅玩神州-慧择旅游保险,1份,,3,100%
1-85周岁,中国太平洋财产保险股份有限公司,1天,,20.00,自驾畅玩神州-慧择旅游保险,1份,,1,100%
1-85周岁,中国太平洋财产保险股份有限公司,1天,,45.00,自驾畅玩神州-慧择旅游保险,1份,,1,100%
