<assembly
	xmlns="http://maven.apache.org/plugins/maven-assembly-plugin/assembly/1.1.2"
	xmlns:xsi="http://www.w3.org/2001/XMLSchema-instance"
	xsi:schemaLocation="http://maven.apache.org/plugins/maven-assembly-plugin/assembly/1.1.2 http://maven.apache.org/xsd/assembly-1.1.2.xsd">
	<!-- TODO: a jarjar format would be better -->
	<id>jar-with-dependencies</id>
	<formats>
		<format>jar</format>
	</formats>
	<includeBaseDirectory>false</includeBaseDirectory>
	<dependencySets>
		<dependencySet>
			<outputDirectory>/</outputDirectory>
			<unpack>true</unpack>
			<unpackOptions>
				<excludes>
					<exclude>META-INF/services/org.apache.jena.system.JenaSubsystemLifecycle</exclude>
				</excludes>
			</unpackOptions>
			<scope>runtime</scope>
		</dependencySet>
	</dependencySets>
	<files>
		<file>
			<source>${project.basedir}/src/main/resources/META-INF/services/org.apache.jena.system.JenaSubsystemLifecycle</source>
			<outputDirectory>META-INF/services/</outputDirectory>
		</file>
	</files>
</assembly>