id	name
<http://www4.wiwiss.fu-berlin.de/drugbank/resource/drugs/DB00634>	Sulfacetamide
<http://www4.wiwiss.fu-berlin.de/drugbank/resource/drugs/DB00484>	Brimonidine
<http://www4.wiwiss.fu-berlin.de/drugbank/resource/drugs/DB00783>	Estradiol
<http://www4.wiwiss.fu-berlin.de/drugbank/resource/drugs/DB01220>	Rifaximin
<http://www4.wiwiss.fu-berlin.de/drugbank/resource/drugs/DB00776>	Oxcarbazepine
<http://www4.wiwiss.fu-berlin.de/drugbank/resource/drugs/DB00687>	Fludrocortisone
<http://www4.wiwiss.fu-berlin.de/drugbank/resource/drugs/DB00051>	Adalimumab
<http://www4.wiwiss.fu-berlin.de/drugbank/resource/drugs/DB00315>	Zolmitriptan
<http://www4.wiwiss.fu-berlin.de/drugbank/resource/drugs/DB03323>	Maltose
<http://www4.wiwiss.fu-berlin.de/drugbank/resource/drugs/DB00054>	Abciximab
<http://www4.wiwiss.fu-berlin.de/drugbank/resource/drugs/DB00741>	Hydrocortisone
<http://www4.wiwiss.fu-berlin.de/drugbank/resource/drugs/DB00074>	Basiliximab
<http://www4.wiwiss.fu-berlin.de/drugbank/resource/drugs/DB01170>	Guanethidine
<http://www4.wiwiss.fu-berlin.de/drugbank/resource/drugs/DB00846>	Flurandrenolide
<http://www4.wiwiss.fu-berlin.de/drugbank/resource/drugs/DB06439>	Tyloxapol
<http://www4.wiwiss.fu-berlin.de/drugbank/resource/drugs/DB00597>	Gadoteridol
<http://www4.wiwiss.fu-berlin.de/drugbank/resource/drugs/DB00775>	Tirofiban
<http://www4.wiwiss.fu-berlin.de/drugbank/resource/drugs/DB00934>	Maprotiline
<http://www4.wiwiss.fu-berlin.de/drugbank/resource/drugs/DB00410>	Mupirocin
<http://www4.wiwiss.fu-berlin.de/drugbank/resource/drugs/DB00261>	Anagrelide
<http://www4.wiwiss.fu-berlin.de/drugbank/resource/drugs/DB00198>	Oseltamivir
<http://www4.wiwiss.fu-berlin.de/drugbank/resource/drugs/DB00756>	Hexachlorophene
<http://www4.wiwiss.fu-berlin.de/drugbank/resource/drugs/DB00134>	L-Methionine
<http://www4.wiwiss.fu-berlin.de/drugbank/resource/drugs/DB00600>	Monobenzone
<http://www4.wiwiss.fu-berlin.de/drugbank/resource/drugs/DB00313>	Valproic Acid
<http://www4.wiwiss.fu-berlin.de/drugbank/resource/drugs/DB00201>	Caffeine
<http://www4.wiwiss.fu-berlin.de/drugbank/resource/drugs/DB01167>	Itraconazole
<http://www4.wiwiss.fu-berlin.de/drugbank/resource/drugs/DB00996>	Gabapentin
<http://www4.wiwiss.fu-berlin.de/drugbank/resource/drugs/DB00112>	Bevacizumab
<http://www4.wiwiss.fu-berlin.de/drugbank/resource/drugs/DB00252>	Phenytoin
<http://www4.wiwiss.fu-berlin.de/drugbank/resource/drugs/DB00339>	Pyrazinamide
<http://www4.wiwiss.fu-berlin.de/drugbank/resource/drugs/DB00543>	Amoxapine
<http://www4.wiwiss.fu-berlin.de/drugbank/resource/drugs/DB00570>	Vinblastine
<http://www4.wiwiss.fu-berlin.de/drugbank/resource/drugs/DB02731>	Thimerosal
<http://www4.wiwiss.fu-berlin.de/drugbank/resource/drugs/DB01627>	Lincomycin
<http://www4.wiwiss.fu-berlin.de/drugbank/resource/drugs/DB00790>	Perindopril
<http://www4.wiwiss.fu-berlin.de/drugbank/resource/drugs/DB00755>	Tretinoin
<http://www4.wiwiss.fu-berlin.de/drugbank/resource/drugs/DB00868>	Benzonatate
<http://www4.wiwiss.fu-berlin.de/drugbank/resource/drugs/DB00211>	Midodrine
<http://www4.wiwiss.fu-berlin.de/drugbank/resource/drugs/DB00231>	Temazepam
<http://www4.wiwiss.fu-berlin.de/drugbank/resource/drugs/DB00889>	Granisetron
<http://www4.wiwiss.fu-berlin.de/drugbank/resource/drugs/DB01205>	Flumazenil
<http://www4.wiwiss.fu-berlin.de/drugbank/resource/drugs/DB01004>	Ganciclovir
<http://www4.wiwiss.fu-berlin.de/drugbank/resource/drugs/DB00333>	Methadone
<http://www4.wiwiss.fu-berlin.de/drugbank/resource/drugs/DB01039>	Fenofibrate
<http://www4.wiwiss.fu-berlin.de/drugbank/resource/drugs/DB00752>	Tranylcypromine
<http://www4.wiwiss.fu-berlin.de/drugbank/resource/drugs/DB00264>	Metoprolol
<http://www4.wiwiss.fu-berlin.de/drugbank/resource/drugs/DB00586>	Diclofenac
<http://www4.wiwiss.fu-berlin.de/drugbank/resource/drugs/DB01172>	Kanamycin
<http://www4.wiwiss.fu-berlin.de/drugbank/resource/drugs/DB00216>	Eletriptan
<http://www4.wiwiss.fu-berlin.de/drugbank/resource/drugs/DB00429>	Carboprost Tromethamine
<http://www4.wiwiss.fu-berlin.de/drugbank/resource/drugs/DB01395>	Drospirenone
<http://www4.wiwiss.fu-berlin.de/drugbank/resource/drugs/DB00068>	Interferon beta-1b
<http://www4.wiwiss.fu-berlin.de/drugbank/resource/drugs/DB00537>	Ciprofloxacin
<http://www4.wiwiss.fu-berlin.de/drugbank/resource/drugs/DB00489>	Sotalol
<http://www4.wiwiss.fu-berlin.de/drugbank/resource/drugs/DB00369>	Cidofovir
<http://www4.wiwiss.fu-berlin.de/drugbank/resource/drugs/DB00763>	Methimazole
<http://www4.wiwiss.fu-berlin.de/drugbank/resource/drugs/DB00128>	L-Aspartic Acid
<http://www4.wiwiss.fu-berlin.de/drugbank/resource/drugs/DB01378>	Magnesium
<http://www4.wiwiss.fu-berlin.de/drugbank/resource/drugs/DB00081>	Tositumomab
<http://www4.wiwiss.fu-berlin.de/drugbank/resource/drugs/DB04173>	Fructose
<http://www4.wiwiss.fu-berlin.de/drugbank/resource/drugs/DB00772>	Malathion
<http://www4.wiwiss.fu-berlin.de/drugbank/resource/drugs/DB00108>	Natalizumab
<http://www4.wiwiss.fu-berlin.de/drugbank/resource/drugs/DB01216>	Finasteride
<http://www4.wiwiss.fu-berlin.de/drugbank/resource/drugs/DB01047>	Fluocinonide
<http://www4.wiwiss.fu-berlin.de/drugbank/resource/drugs/DB00020>	Sargramostim
<http://www4.wiwiss.fu-berlin.de/drugbank/resource/drugs/DB01274>	Arformoterol
<http://www4.wiwiss.fu-berlin.de/drugbank/resource/drugs/DB01390>	Sodium bicarbonate
<http://www4.wiwiss.fu-berlin.de/drugbank/resource/drugs/DB00780>	Phenelzine
<http://www4.wiwiss.fu-berlin.de/drugbank/resource/drugs/DB00518>	Albendazole
<http://www4.wiwiss.fu-berlin.de/drugbank/resource/drugs/DB00476>	Duloxetine
<http://www4.wiwiss.fu-berlin.de/drugbank/resource/drugs/DB00281>	Lidocaine
<http://www4.wiwiss.fu-berlin.de/drugbank/resource/drugs/DB00502>	Haloperidol
<http://www4.wiwiss.fu-berlin.de/drugbank/resource/drugs/DB00008>	Peginterferon alfa-2a
<http://www4.wiwiss.fu-berlin.de/drugbank/resource/drugs/DB00863>	Ranitidine
<http://www4.wiwiss.fu-berlin.de/drugbank/resource/drugs/DB00573>	Fenoprofen
<http://www4.wiwiss.fu-berlin.de/drugbank/resource/drugs/DB01046>	Lubiprostone
<http://www4.wiwiss.fu-berlin.de/drugbank/resource/drugs/DB01098>	Rosuvastatin
<http://www4.wiwiss.fu-berlin.de/drugbank/resource/drugs/DB00038>	Oprelvekin
<http://www4.wiwiss.fu-berlin.de/drugbank/resource/drugs/DB00565>	Cisatracurium Besylate
<http://www4.wiwiss.fu-berlin.de/drugbank/resource/drugs/DB03166>	Acetic Acid
<http://www4.wiwiss.fu-berlin.de/drugbank/resource/drugs/DB01222>	Budesonide
<http://www4.wiwiss.fu-berlin.de/drugbank/resource/drugs/DB00626>	Bacitracin
<http://www4.wiwiss.fu-berlin.de/drugbank/resource/drugs/DB01067>	Glipizide
<http://www4.wiwiss.fu-berlin.de/drugbank/resource/drugs/DB01280>	Nelarabine
<http://www4.wiwiss.fu-berlin.de/drugbank/resource/drugs/DB00061>	Pegademase bovine
<http://www4.wiwiss.fu-berlin.de/drugbank/resource/drugs/DB00984>	Nandrolone
<http://www4.wiwiss.fu-berlin.de/drugbank/resource/drugs/DB00676>	Benzyl Benzoate
<http://www4.wiwiss.fu-berlin.de/drugbank/resource/drugs/DB01175>	Escitalopram
<http://www4.wiwiss.fu-berlin.de/drugbank/resource/drugs/DB01218>	Halofantrine
<http://www4.wiwiss.fu-berlin.de/drugbank/resource/drugs/DB00998>	Frovatriptan
<http://www4.wiwiss.fu-berlin.de/drugbank/resource/drugs/DB00990>	Exemestane
<http://www4.wiwiss.fu-berlin.de/drugbank/resource/drugs/DB00246>	Ziprasidone
<http://www4.wiwiss.fu-berlin.de/drugbank/resource/drugs/DB00444>	Teniposide
<http://www4.wiwiss.fu-berlin.de/drugbank/resource/drugs/DB00696>	Ergotamine
<http://www4.wiwiss.fu-berlin.de/drugbank/resource/drugs/DB01032>	Probenecid
<http://www4.wiwiss.fu-berlin.de/drugbank/resource/drugs/DB00989>	Rivastigmine
<http://www4.wiwiss.fu-berlin.de/drugbank/resource/drugs/DB00647>	Propoxyphene
<http://www4.wiwiss.fu-berlin.de/drugbank/resource/drugs/DB00665>	Nilutamide
<http://www4.wiwiss.fu-berlin.de/drugbank/resource/drugs/DB00253>	Medrysone
<http://www4.wiwiss.fu-berlin.de/drugbank/resource/drugs/DB00502>	Haloperidol
<http://www4.wiwiss.fu-berlin.de/drugbank/resource/drugs/DB00361>	Vinorelbine
<http://www4.wiwiss.fu-berlin.de/drugbank/resource/drugs/DB00956>	Hydrocodone
<http://www4.wiwiss.fu-berlin.de/drugbank/resource/drugs/DB01130>	Prednicarbate
<http://www4.wiwiss.fu-berlin.de/drugbank/resource/drugs/DB01216>	Finasteride
<http://www4.wiwiss.fu-berlin.de/drugbank/resource/drugs/DB01186>	Pergolide
<http://www4.wiwiss.fu-berlin.de/drugbank/resource/drugs/DB00653>	Magnesium Sulfate
<http://www4.wiwiss.fu-berlin.de/drugbank/resource/drugs/DB04077>	Glycerol
<http://www4.wiwiss.fu-berlin.de/drugbank/resource/drugs/DB01162>	Terazosin
<http://www4.wiwiss.fu-berlin.de/drugbank/resource/drugs/DB00117>	L-Histidine
<http://www4.wiwiss.fu-berlin.de/drugbank/resource/drugs/DB00641>	Simvastatin
<http://www4.wiwiss.fu-berlin.de/drugbank/resource/drugs/DB00373>	Timolol
<http://www4.wiwiss.fu-berlin.de/drugbank/resource/drugs/DB01241>	Gemfibrozil
<http://www4.wiwiss.fu-berlin.de/drugbank/resource/drugs/DB01197>	Captopril
<http://www4.wiwiss.fu-berlin.de/drugbank/resource/drugs/DB00662>	Trimethobenzamide
<http://www4.wiwiss.fu-berlin.de/drugbank/resource/drugs/DB00968>	Methyldopa
<http://www4.wiwiss.fu-berlin.de/drugbank/resource/drugs/DB01181>	Ifosfamide
<http://www4.wiwiss.fu-berlin.de/drugbank/resource/drugs/DB01194>	Brinzolamide
<http://www4.wiwiss.fu-berlin.de/drugbank/resource/drugs/DB01225>	Enoxaparin
<http://www4.wiwiss.fu-berlin.de/drugbank/resource/drugs/DB00446>	Chloramphenicol
<http://www4.wiwiss.fu-berlin.de/drugbank/resource/drugs/DB00709>	Lamivudine
<http://www4.wiwiss.fu-berlin.de/drugbank/resource/drugs/DB00510>	Divalproex sodium
<http://www4.wiwiss.fu-berlin.de/drugbank/resource/drugs/DB00304>	Desogestrel
<http://www4.wiwiss.fu-berlin.de/drugbank/resource/drugs/DB01104>	Sertraline
<http://www4.wiwiss.fu-berlin.de/drugbank/resource/drugs/DB00110>	Palivizumab
<http://www4.wiwiss.fu-berlin.de/drugbank/resource/drugs/DB01259>	Lapatinib
<http://www4.wiwiss.fu-berlin.de/drugbank/resource/drugs/DB01334>	Doxacurium
<http://www4.wiwiss.fu-berlin.de/drugbank/resource/drugs/DB00656>	Trazodone
<http://www4.wiwiss.fu-berlin.de/drugbank/resource/drugs/DB00341>	Cetirizine
<http://www4.wiwiss.fu-berlin.de/drugbank/resource/drugs/DB00717>	Norethindrone
<http://www4.wiwiss.fu-berlin.de/drugbank/resource/drugs/DB00800>	Fenoldopam
<http://www4.wiwiss.fu-berlin.de/drugbank/resource/drugs/DB00958>	Carboplatin
<http://www4.wiwiss.fu-berlin.de/drugbank/resource/drugs/DB00294>	Etonogestrel
<http://www4.wiwiss.fu-berlin.de/drugbank/resource/drugs/DB01623>	Thiothixene
<http://www4.wiwiss.fu-berlin.de/drugbank/resource/drugs/DB00368>	Norepinephrine
<http://www4.wiwiss.fu-berlin.de/drugbank/resource/drugs/DB01053>	Penicillin G
<http://www4.wiwiss.fu-berlin.de/drugbank/resource/drugs/DB01268>	Sunitinib
<http://www4.wiwiss.fu-berlin.de/drugbank/resource/drugs/DB00328>	Indomethacin
<http://www4.wiwiss.fu-berlin.de/drugbank/resource/drugs/DB01009>	Ketoprofen
<http://www4.wiwiss.fu-berlin.de/drugbank/resource/drugs/DB00205>	Pyrimethamine
<http://www4.wiwiss.fu-berlin.de/drugbank/resource/drugs/DB01228>	Encainide
<http://www4.wiwiss.fu-berlin.de/drugbank/resource/drugs/DB00992>	Methyl aminolevulinate
<http://www4.wiwiss.fu-berlin.de/drugbank/resource/drugs/DB01005>	Hydroxyurea
<http://www4.wiwiss.fu-berlin.de/drugbank/resource/drugs/DB00742>	Mannitol
<http://www4.wiwiss.fu-berlin.de/drugbank/resource/drugs/DB00811>	Ribavirin
<http://www4.wiwiss.fu-berlin.de/drugbank/resource/drugs/DB01275>	Hydralazine
<http://www4.wiwiss.fu-berlin.de/drugbank/resource/drugs/DB00987>	Cytarabine
<http://www4.wiwiss.fu-berlin.de/drugbank/resource/drugs/DB00445>	Epirubicin
<http://www4.wiwiss.fu-berlin.de/drugbank/resource/drugs/DB00950>	Fexofenadine
<http://www4.wiwiss.fu-berlin.de/drugbank/resource/drugs/DB01109>	Heparin
<http://www4.wiwiss.fu-berlin.de/drugbank/resource/drugs/DB04299>	Maleic Acid
<http://www4.wiwiss.fu-berlin.de/drugbank/resource/drugs/DB00056>	Gemtuzumab ozogamicin
<http://www4.wiwiss.fu-berlin.de/drugbank/resource/drugs/DB01166>	Cilostazol
<http://www4.wiwiss.fu-berlin.de/drugbank/resource/drugs/DB00065>	Infliximab
<http://www4.wiwiss.fu-berlin.de/drugbank/resource/drugs/DB00254>	Doxycycline
<http://www4.wiwiss.fu-berlin.de/drugbank/resource/drugs/DB00978>	Lomefloxacin
<http://www4.wiwiss.fu-berlin.de/drugbank/resource/drugs/DB01053>	Penicillin G
<http://www4.wiwiss.fu-berlin.de/drugbank/resource/drugs/DB01043>	Memantine
<http://www4.wiwiss.fu-berlin.de/drugbank/resource/drugs/DB00937>	Diethylpropion
<http://www4.wiwiss.fu-berlin.de/drugbank/resource/drugs/DB00390>	Digoxin
<http://www4.wiwiss.fu-berlin.de/drugbank/resource/drugs/DB00515>	Cisplatin
<http://www4.wiwiss.fu-berlin.de/drugbank/resource/drugs/DB00862>	Vardenafil
<http://www4.wiwiss.fu-berlin.de/drugbank/resource/drugs/DB01337>	Pancuronium
<http://www4.wiwiss.fu-berlin.de/drugbank/resource/drugs/DB00843>	Donepezil
<http://www4.wiwiss.fu-berlin.de/drugbank/resource/drugs/DB00878>	Chlorhexidine
<http://www4.wiwiss.fu-berlin.de/drugbank/resource/drugs/DB00145>	Glycine
<http://www4.wiwiss.fu-berlin.de/drugbank/resource/drugs/DB01141>	Micafungin
<http://www4.wiwiss.fu-berlin.de/drugbank/resource/drugs/DB00531>	Cyclophosphamide
<http://www4.wiwiss.fu-berlin.de/drugbank/resource/drugs/DB00493>	Cefotaxime
<http://www4.wiwiss.fu-berlin.de/drugbank/resource/drugs/DB00436>	Bendroflumethiazide
<http://www4.wiwiss.fu-berlin.de/drugbank/resource/drugs/DB01276>	Exenatide
<http://www4.wiwiss.fu-berlin.de/drugbank/resource/drugs/DB06151>	Acetylcysteine
<http://www4.wiwiss.fu-berlin.de/drugbank/resource/drugs/DB00262>	Carmustine
<http://www4.wiwiss.fu-berlin.de/drugbank/resource/drugs/DB00397>	Phenylpropanolamine
<http://www4.wiwiss.fu-berlin.de/drugbank/resource/drugs/DB00324>	Fluorometholone
<http://www4.wiwiss.fu-berlin.de/drugbank/resource/drugs/DB00362>	Anidulafungin
<http://www4.wiwiss.fu-berlin.de/drugbank/resource/drugs/DB00855>	Aminolevulinic acid
<http://www4.wiwiss.fu-berlin.de/drugbank/resource/drugs/DB01083>	Orlistat
<http://www4.wiwiss.fu-berlin.de/drugbank/resource/drugs/DB00774>	Hydroflumethiazide
<http://www4.wiwiss.fu-berlin.de/drugbank/resource/drugs/DB00961>	Mepivacaine
<http://www4.wiwiss.fu-berlin.de/drugbank/resource/drugs/DB01501>	Difenoxin
<http://www4.wiwiss.fu-berlin.de/drugbank/resource/drugs/DB00624>	Testosterone
<http://www4.wiwiss.fu-berlin.de/drugbank/resource/drugs/DB00443>	Betamethasone
<http://www4.wiwiss.fu-berlin.de/drugbank/resource/drugs/DB01156>	Bupropion
<http://www4.wiwiss.fu-berlin.de/drugbank/resource/drugs/DB00363>	Clozapine
<http://www4.wiwiss.fu-berlin.de/drugbank/resource/drugs/DB01105>	Sibutramine
<http://www4.wiwiss.fu-berlin.de/drugbank/resource/drugs/DB00885>	Pemirolast
<http://www4.wiwiss.fu-berlin.de/drugbank/resource/drugs/DB00250>	Dapsone
<http://www4.wiwiss.fu-berlin.de/drugbank/resource/drugs/DB00128>	L-Aspartic Acid
<http://www4.wiwiss.fu-berlin.de/drugbank/resource/drugs/DB01091>	Butenafine
<http://www4.wiwiss.fu-berlin.de/drugbank/resource/drugs/DB01135>	Doxacurium chloride
<http://www4.wiwiss.fu-berlin.de/drugbank/resource/drugs/DB00442>	Entecavir
<http://www4.wiwiss.fu-berlin.de/drugbank/resource/drugs/DB00724>	Imiquimod
<http://www4.wiwiss.fu-berlin.de/drugbank/resource/drugs/DB00672>	Chlorpropamide
<http://www4.wiwiss.fu-berlin.de/drugbank/resource/drugs/DB00915>	Amantadine
<http://www4.wiwiss.fu-berlin.de/drugbank/resource/drugs/DB00731>	Nateglinide
<http://www4.wiwiss.fu-berlin.de/drugbank/resource/drugs/DB00897>	Triazolam
<http://www4.wiwiss.fu-berlin.de/drugbank/resource/drugs/DB00338>	Omeprazole
<http://www4.wiwiss.fu-berlin.de/drugbank/resource/drugs/DB00440>	Trimethoprim
<http://www4.wiwiss.fu-berlin.de/drugbank/resource/drugs/DB00200>	Hydroxocobalamin
<http://www4.wiwiss.fu-berlin.de/drugbank/resource/drugs/DB00971>	Selenium Sulfide
<http://www4.wiwiss.fu-berlin.de/drugbank/resource/drugs/DB00227>	Lovastatin
<http://www4.wiwiss.fu-berlin.de/drugbank/resource/drugs/DB00828>	Fosfomycin
<http://www4.wiwiss.fu-berlin.de/drugbank/resource/drugs/DB00742>	Mannitol
<http://www4.wiwiss.fu-berlin.de/drugbank/resource/drugs/DB01242>	Clomipramine
<http://www4.wiwiss.fu-berlin.de/drugbank/resource/drugs/DB00017>	Salmon Calcitonin
<http://www4.wiwiss.fu-berlin.de/drugbank/resource/drugs/DB00019>	Pegfilgrastim
<http://www4.wiwiss.fu-berlin.de/drugbank/resource/drugs/DB00728>	Rocuronium
<http://www4.wiwiss.fu-berlin.de/drugbank/resource/drugs/DB01014>	Balsalazide
<http://www4.wiwiss.fu-berlin.de/drugbank/resource/drugs/DB01217>	Anastrozole
<http://www4.wiwiss.fu-berlin.de/drugbank/resource/drugs/DB01137>	Levofloxacin
<http://www4.wiwiss.fu-berlin.de/drugbank/resource/drugs/DB01234>	Dexamethasone
<http://www4.wiwiss.fu-berlin.de/drugbank/resource/drugs/DB01085>	Pilocarpine
<http://www4.wiwiss.fu-berlin.de/drugbank/resource/drugs/DB00962>	Zaleplon
<http://www4.wiwiss.fu-berlin.de/drugbank/resource/drugs/DB03193>	Stearic acid
<http://www4.wiwiss.fu-berlin.de/drugbank/resource/drugs/DB00971>	Selenium Sulfide
<http://www4.wiwiss.fu-berlin.de/drugbank/resource/drugs/DB00853>	Temozolomide
<http://www4.wiwiss.fu-berlin.de/drugbank/resource/drugs/DB01677>	Fumarate
<http://www4.wiwiss.fu-berlin.de/drugbank/resource/drugs/DB00181>	Baclofen
<http://www4.wiwiss.fu-berlin.de/drugbank/resource/drugs/DB00631>	Clofarabine
<http://www4.wiwiss.fu-berlin.de/drugbank/resource/drugs/DB01260>	Desonide
<http://www4.wiwiss.fu-berlin.de/drugbank/resource/drugs/DB01179>	Podofilox
<http://www4.wiwiss.fu-berlin.de/drugbank/resource/drugs/DB00620>	Triamcinolone
<http://www4.wiwiss.fu-berlin.de/drugbank/resource/drugs/DB02546>	Vorinostat
<http://www4.wiwiss.fu-berlin.de/drugbank/resource/drugs/DB00413>	Pramipexole
<http://www4.wiwiss.fu-berlin.de/drugbank/resource/drugs/DB01190>	Clindamycin
<http://www4.wiwiss.fu-berlin.de/drugbank/resource/drugs/DB00908>	Quinidine
<http://www4.wiwiss.fu-berlin.de/drugbank/resource/drugs/DB00555>	Lamotrigine
<http://www4.wiwiss.fu-berlin.de/drugbank/resource/drugs/DB00877>	Sirolimus
<http://www4.wiwiss.fu-berlin.de/drugbank/resource/drugs/DB00556>	Perflutren
<http://www4.wiwiss.fu-berlin.de/drugbank/resource/drugs/DB00716>	Nedocromil
<http://www4.wiwiss.fu-berlin.de/drugbank/resource/drugs/DB00327>	Hydromorphone
<http://www4.wiwiss.fu-berlin.de/drugbank/resource/drugs/DB00316>	Acetaminophen
<http://www4.wiwiss.fu-berlin.de/drugbank/resource/drugs/DB00559>	Bosentan
<http://www4.wiwiss.fu-berlin.de/drugbank/resource/drugs/DB00945>	Aspirin
<http://www4.wiwiss.fu-berlin.de/drugbank/resource/drugs/DB00815>	Sodium lauryl sulfate
<http://www4.wiwiss.fu-berlin.de/drugbank/resource/drugs/DB00259>	Sulfanilamide
<http://www4.wiwiss.fu-berlin.de/drugbank/resource/drugs/DB01202>	Levetiracetam
<http://www4.wiwiss.fu-berlin.de/drugbank/resource/drugs/DB01024>	Mycophenolic acid
<http://www4.wiwiss.fu-berlin.de/drugbank/resource/drugs/DB00115>	Cyanocobalamin
<http://www4.wiwiss.fu-berlin.de/drugbank/resource/drugs/DB00204>	Dofetilide
<http://www4.wiwiss.fu-berlin.de/drugbank/resource/drugs/DB00973>	Ezetimibe
<http://www4.wiwiss.fu-berlin.de/drugbank/resource/drugs/DB01240>	Epoprostenol
<http://www4.wiwiss.fu-berlin.de/drugbank/resource/drugs/DB00367>	Levonorgestrel
<http://www4.wiwiss.fu-berlin.de/drugbank/resource/drugs/DB00722>	Lisinopril
<http://www4.wiwiss.fu-berlin.de/drugbank/resource/drugs/DB00678>	Losartan
<http://www4.wiwiss.fu-berlin.de/drugbank/resource/drugs/DB00700>	Eplerenone
<http://www4.wiwiss.fu-berlin.de/drugbank/resource/drugs/DB00893>	Iron Dextran
<http://www4.wiwiss.fu-berlin.de/drugbank/resource/drugs/DB01258>	Aliskiren
<http://www4.wiwiss.fu-berlin.de/drugbank/resource/drugs/DB00513>	Aminocaproic Acid
<http://www4.wiwiss.fu-berlin.de/drugbank/resource/drugs/DB00422>	Methylphenidate
<http://www4.wiwiss.fu-berlin.de/drugbank/resource/drugs/DB00497>	Oxycodone
<http://www4.wiwiss.fu-berlin.de/drugbank/resource/drugs/DB01128>	Bicalutamide
<http://www4.wiwiss.fu-berlin.de/drugbank/resource/drugs/DB01164>	Calcium Chloride
<http://www4.wiwiss.fu-berlin.de/drugbank/resource/drugs/DB00465>	Ketorolac
<http://www4.wiwiss.fu-berlin.de/drugbank/resource/drugs/DB00240>	Alclometasone
<http://www4.wiwiss.fu-berlin.de/drugbank/resource/drugs/DB00783>	Estradiol
<http://www4.wiwiss.fu-berlin.de/drugbank/resource/drugs/DB00734>	Risperidone
<http://www4.wiwiss.fu-berlin.de/drugbank/resource/drugs/DB00829>	Diazepam
<http://www4.wiwiss.fu-berlin.de/drugbank/resource/drugs/DB00679>	Thioridazine
<http://www4.wiwiss.fu-berlin.de/drugbank/resource/drugs/DB00966>	Telmisartan
<http://www4.wiwiss.fu-berlin.de/drugbank/resource/drugs/DB00746>	Deferoxamine
<http://www4.wiwiss.fu-berlin.de/drugbank/resource/drugs/DB00499>	Flutamide
<http://www4.wiwiss.fu-berlin.de/drugbank/resource/drugs/DB04465>	Lactose
<http://www4.wiwiss.fu-berlin.de/drugbank/resource/drugs/DB00674>	Galantamine
<http://www4.wiwiss.fu-berlin.de/drugbank/resource/drugs/DB00612>	Bisoprolol
<http://www4.wiwiss.fu-berlin.de/drugbank/resource/drugs/DB01369>	Quinupristin
<http://www4.wiwiss.fu-berlin.de/drugbank/resource/drugs/DB00252>	Phenytoin
<http://www4.wiwiss.fu-berlin.de/drugbank/resource/drugs/DB00675>	Tamoxifen
<http://www4.wiwiss.fu-berlin.de/drugbank/resource/drugs/DB00004>	Denileukin diftitox
<http://www4.wiwiss.fu-berlin.de/drugbank/resource/drugs/DB00640>	Adenosine
<http://www4.wiwiss.fu-berlin.de/drugbank/resource/drugs/DB00611>	Butorphanol
<http://www4.wiwiss.fu-berlin.de/drugbank/resource/drugs/DB00556>	Perflutren
<http://www4.wiwiss.fu-berlin.de/drugbank/resource/drugs/DB00594>	Amiloride
<http://www4.wiwiss.fu-berlin.de/drugbank/resource/drugs/DB00320>	Dihydroergotamine
<http://www4.wiwiss.fu-berlin.de/drugbank/resource/drugs/DB00486>	Nabilone
<http://www4.wiwiss.fu-berlin.de/drugbank/resource/drugs/DB00299>	Penciclovir
<http://www4.wiwiss.fu-berlin.de/drugbank/resource/drugs/DB00321>	Amitriptyline
<http://www4.wiwiss.fu-berlin.de/drugbank/resource/drugs/DB00479>	Amikacin
<http://www4.wiwiss.fu-berlin.de/drugbank/resource/drugs/DB00993>	Azathioprine
<http://www4.wiwiss.fu-berlin.de/drugbank/resource/drugs/DB00145>	Glycine
<http://www4.wiwiss.fu-berlin.de/drugbank/resource/drugs/DB00238>	Nevirapine
<http://www4.wiwiss.fu-berlin.de/drugbank/resource/drugs/DB00300>	Tenofovir
<http://www4.wiwiss.fu-berlin.de/drugbank/resource/drugs/DB03166>	Acetic Acid
<http://www4.wiwiss.fu-berlin.de/drugbank/resource/drugs/DB01221>	Ketamine
<http://www4.wiwiss.fu-berlin.de/drugbank/resource/drugs/DB00317>	Gefitinib
<http://www4.wiwiss.fu-berlin.de/drugbank/resource/drugs/DB01256>	Retapamulin
<http://www4.wiwiss.fu-berlin.de/drugbank/resource/drugs/DB00263>	Sulfisoxazole
<http://www4.wiwiss.fu-berlin.de/drugbank/resource/drugs/DB00013>	Urokinase
<http://www4.wiwiss.fu-berlin.de/drugbank/resource/drugs/DB00109>	Enfuvirtide
<http://www4.wiwiss.fu-berlin.de/drugbank/resource/drugs/DB00433>	Prochlorperazine
<http://www4.wiwiss.fu-berlin.de/drugbank/resource/drugs/DB00657>	Mecamylamine
<http://www4.wiwiss.fu-berlin.de/drugbank/resource/drugs/DB00139>	Succinic acid
<http://www4.wiwiss.fu-berlin.de/drugbank/resource/drugs/DB00712>	Flurbiprofen
<http://www4.wiwiss.fu-berlin.de/drugbank/resource/drugs/DB00748>	Carbinoxamine
<http://www4.wiwiss.fu-berlin.de/drugbank/resource/drugs/DB00873>	Loteprednol Etabonate
<http://www4.wiwiss.fu-berlin.de/drugbank/resource/drugs/DB01196>	Estramustine
<http://www4.wiwiss.fu-berlin.de/drugbank/resource/drugs/DB00503>	Ritonavir
<http://www4.wiwiss.fu-berlin.de/drugbank/resource/drugs/DB00232>	Methyclothiazide
<http://www4.wiwiss.fu-berlin.de/drugbank/resource/drugs/DB02772>	Sucrose
<http://www4.wiwiss.fu-berlin.de/drugbank/resource/drugs/DB00187>	Esmolol
<http://www4.wiwiss.fu-berlin.de/drugbank/resource/drugs/DB01035>	Procainamide
<http://www4.wiwiss.fu-berlin.de/drugbank/resource/drugs/DB00635>	Prednisone
<http://www4.wiwiss.fu-berlin.de/drugbank/resource/drugs/DB00251>	Terconazole
<http://www4.wiwiss.fu-berlin.de/drugbank/resource/drugs/DB01331>	Cefoxitin
<http://www4.wiwiss.fu-berlin.de/drugbank/resource/drugs/DB00524>	Metolazone
<http://www4.wiwiss.fu-berlin.de/drugbank/resource/drugs/DB00459>	Acitretin
<http://www4.wiwiss.fu-berlin.de/drugbank/resource/drugs/DB00627>	Niacin
<http://www4.wiwiss.fu-berlin.de/drugbank/resource/drugs/DB00624>	Testosterone
<http://www4.wiwiss.fu-berlin.de/drugbank/resource/drugs/DB00899>	Remifentanil
<http://www4.wiwiss.fu-berlin.de/drugbank/resource/drugs/DB01593>	Zinc
<http://www4.wiwiss.fu-berlin.de/drugbank/resource/drugs/DB00191>	Phentermine
<http://www4.wiwiss.fu-berlin.de/drugbank/resource/drugs/DB01106>	Levocabastine
<http://www4.wiwiss.fu-berlin.de/drugbank/resource/drugs/DB01377>	Magnesium oxide
<http://www4.wiwiss.fu-berlin.de/drugbank/resource/drugs/DB00625>	Efavirenz
<http://www4.wiwiss.fu-berlin.de/drugbank/resource/drugs/DB00887>	Bumetanide
<http://www4.wiwiss.fu-berlin.de/drugbank/resource/drugs/DB01277>	Mecasermin
<http://www4.wiwiss.fu-berlin.de/drugbank/resource/drugs/DB01200>	Bromocriptine
<http://www4.wiwiss.fu-berlin.de/drugbank/resource/drugs/DB00208>	Ticlopidine
<http://www4.wiwiss.fu-berlin.de/drugbank/resource/drugs/DB00592>	Piperazine
<http://www4.wiwiss.fu-berlin.de/drugbank/resource/drugs/DB00881>	Quinapril
<http://www4.wiwiss.fu-berlin.de/drugbank/resource/drugs/DB00552>	Pentostatin
<http://www4.wiwiss.fu-berlin.de/drugbank/resource/drugs/DB00168>	Aspartame
<http://www4.wiwiss.fu-berlin.de/drugbank/resource/drugs/DB00402>	Eszopiclone
<http://www4.wiwiss.fu-berlin.de/drugbank/resource/drugs/DB02325>	Isopropyl Alcohol
<http://www4.wiwiss.fu-berlin.de/drugbank/resource/drugs/DB00869>	Dorzolamide
<http://www4.wiwiss.fu-berlin.de/drugbank/resource/drugs/DB00607>	Nafcillin
<http://www4.wiwiss.fu-berlin.de/drugbank/resource/drugs/DB00964>	Apraclonidine
<http://www4.wiwiss.fu-berlin.de/drugbank/resource/drugs/DB00082>	Pegvisomant
<http://www4.wiwiss.fu-berlin.de/drugbank/resource/drugs/DB01138>	Sulfinpyrazone
<http://www4.wiwiss.fu-berlin.de/drugbank/resource/drugs/DB01111>	Colistimethate
<http://www4.wiwiss.fu-berlin.de/drugbank/resource/drugs/DB01101>	Capecitabine
<http://www4.wiwiss.fu-berlin.de/drugbank/resource/drugs/DB00343>	Diltiazem
<http://www4.wiwiss.fu-berlin.de/drugbank/resource/drugs/DB00268>	Ropinirole
<http://www4.wiwiss.fu-berlin.de/drugbank/resource/drugs/DB01189>	Desflurane
<http://www4.wiwiss.fu-berlin.de/drugbank/resource/drugs/DB00002>	Cetuximab
<http://www4.wiwiss.fu-berlin.de/drugbank/resource/drugs/DB00806>	Pentoxifylline
<http://www4.wiwiss.fu-berlin.de/drugbank/resource/drugs/DB01142>	Doxepin
<http://www4.wiwiss.fu-berlin.de/drugbank/resource/drugs/DB04272>	Citric Acid
<http://www4.wiwiss.fu-berlin.de/drugbank/resource/drugs/DB01618>	Molindone
<http://www4.wiwiss.fu-berlin.de/drugbank/resource/drugs/DB00872>	Conivaptan
<http://www4.wiwiss.fu-berlin.de/drugbank/resource/drugs/DB00500>	Tolmetin
<http://www4.wiwiss.fu-berlin.de/drugbank/resource/drugs/DB00759>	Tetracycline
<http://www4.wiwiss.fu-berlin.de/drugbank/resource/drugs/DB01073>	Fludarabine
<http://www4.wiwiss.fu-berlin.de/drugbank/resource/drugs/DB00049>	Rasburicase
<http://www4.wiwiss.fu-berlin.de/drugbank/resource/drugs/DB00747>	Scopolamine
<http://www4.wiwiss.fu-berlin.de/drugbank/resource/drugs/DB01075>	Diphenhydramine
<http://www4.wiwiss.fu-berlin.de/drugbank/resource/drugs/DB00764>	Mometasone
<http://www4.wiwiss.fu-berlin.de/drugbank/resource/drugs/DB01610>	Valganciclovir
<http://www4.wiwiss.fu-berlin.de/drugbank/resource/drugs/DB00013>	Urokinase
<http://www4.wiwiss.fu-berlin.de/drugbank/resource/drugs/DB04465>	Lactose
<http://www4.wiwiss.fu-berlin.de/drugbank/resource/drugs/DB00871>	Terbutaline
<http://www4.wiwiss.fu-berlin.de/drugbank/resource/drugs/DB00481>	Raloxifene
<http://www4.wiwiss.fu-berlin.de/drugbank/resource/drugs/DB00475>	Chlordiazepoxide
<http://www4.wiwiss.fu-berlin.de/drugbank/resource/drugs/DB00921>	Buprenorphine
<http://www4.wiwiss.fu-berlin.de/drugbank/resource/drugs/DB00715>	Paroxetine
<http://www4.wiwiss.fu-berlin.de/drugbank/resource/drugs/DB00499>	Flutamide
<http://www4.wiwiss.fu-berlin.de/drugbank/resource/drugs/DB00337>	Pimecrolimus
<http://www4.wiwiss.fu-berlin.de/drugbank/resource/drugs/DB00088>	Alglucerase
<http://www4.wiwiss.fu-berlin.de/drugbank/resource/drugs/DB01576>	Dextroamphetamine
<http://www4.wiwiss.fu-berlin.de/drugbank/resource/drugs/DB00196>	Fluconazole
<http://www4.wiwiss.fu-berlin.de/drugbank/resource/drugs/DB00840>	Hydroxypropyl cellulose
<http://www4.wiwiss.fu-berlin.de/drugbank/resource/drugs/DB01250>	Olsalazine
<http://www4.wiwiss.fu-berlin.de/drugbank/resource/drugs/DB01299>	Sulfadoxine
<http://www4.wiwiss.fu-berlin.de/drugbank/resource/drugs/DB00482>	Celecoxib
<http://www4.wiwiss.fu-berlin.de/drugbank/resource/drugs/DB00544>	Fluorouracil
<http://www4.wiwiss.fu-berlin.de/drugbank/resource/drugs/DB01324>	Polythiazide
<http://www4.wiwiss.fu-berlin.de/drugbank/resource/drugs/DB01270>	Ranibizumab
<http://www4.wiwiss.fu-berlin.de/drugbank/resource/drugs/DB01076>	Atorvastatin
<http://www4.wiwiss.fu-berlin.de/drugbank/resource/drugs/DB00001>	Lepirudin
<http://www4.wiwiss.fu-berlin.de/drugbank/resource/drugs/DB00896>	Rimexolone
<http://www4.wiwiss.fu-berlin.de/drugbank/resource/drugs/DB00331>	Metformin
<http://www4.wiwiss.fu-berlin.de/drugbank/resource/drugs/DB01776>	M-Cresol
<http://www4.wiwiss.fu-berlin.de/drugbank/resource/drugs/DB01211>	Clarithromycin
<http://www4.wiwiss.fu-berlin.de/drugbank/resource/drugs/DB00952>	Naratriptan
<http://www4.wiwiss.fu-berlin.de/drugbank/resource/drugs/DB00099>	Filgrastim
<http://www4.wiwiss.fu-berlin.de/drugbank/resource/drugs/DB00461>	Nabumetone
<http://www4.wiwiss.fu-berlin.de/drugbank/resource/drugs/DB01390>	Sodium bicarbonate
<http://www4.wiwiss.fu-berlin.de/drugbank/resource/drugs/DB00692>	Phentolamine
<http://www4.wiwiss.fu-berlin.de/drugbank/resource/drugs/DB03166>	Acetic Acid
<http://www4.wiwiss.fu-berlin.de/drugbank/resource/drugs/DB00969>	Alosetron
<http://www4.wiwiss.fu-berlin.de/drugbank/resource/drugs/DB00903>	Ethacrynic acid
<http://www4.wiwiss.fu-berlin.de/drugbank/resource/drugs/DB00489>	Sotalol
<http://www4.wiwiss.fu-berlin.de/drugbank/resource/drugs/DB02325>	Isopropyl Alcohol
<http://www4.wiwiss.fu-berlin.de/drugbank/resource/drugs/DB00604>	Cisapride
<http://www4.wiwiss.fu-berlin.de/drugbank/resource/drugs/DB00408>	Loxapine
<http://www4.wiwiss.fu-berlin.de/drugbank/resource/drugs/DB01084>	Emedastine
<http://www4.wiwiss.fu-berlin.de/drugbank/resource/drugs/DB00809>	Tropicamide
<http://www4.wiwiss.fu-berlin.de/drugbank/resource/drugs/DB01211>	Clarithromycin
<http://www4.wiwiss.fu-berlin.de/drugbank/resource/drugs/DB01224>	Quetiapine
<http://www4.wiwiss.fu-berlin.de/drugbank/resource/drugs/DB00713>	Oxacillin
<http://www4.wiwiss.fu-berlin.de/drugbank/resource/drugs/DB01203>	Nadolol
<http://www4.wiwiss.fu-berlin.de/drugbank/resource/drugs/DB06439>	Tyloxapol
<http://www4.wiwiss.fu-berlin.de/drugbank/resource/drugs/DB00558>	Zanamivir
<http://www4.wiwiss.fu-berlin.de/drugbank/resource/drugs/DB00206>	Reserpine
<http://www4.wiwiss.fu-berlin.de/drugbank/resource/drugs/DB00807>	Proparacaine
<http://www4.wiwiss.fu-berlin.de/drugbank/resource/drugs/DB00218>	Moxifloxacin
<http://www4.wiwiss.fu-berlin.de/drugbank/resource/drugs/DB00318>	Codeine
<http://www4.wiwiss.fu-berlin.de/drugbank/resource/drugs/DB01593>	Zinc
<http://www4.wiwiss.fu-berlin.de/drugbank/resource/drugs/DB00912>	Repaglinide
<http://www4.wiwiss.fu-berlin.de/drugbank/resource/drugs/DB00163>	Vitamin E
<http://www4.wiwiss.fu-berlin.de/drugbank/resource/drugs/DB00549>	Zafirlukast
<http://www4.wiwiss.fu-berlin.de/drugbank/resource/drugs/DB00815>	Sodium lauryl sulfate
<http://www4.wiwiss.fu-berlin.de/drugbank/resource/drugs/DB00900>	Didanosine
<http://www4.wiwiss.fu-berlin.de/drugbank/resource/drugs/DB00425>	Zolpidem
<http://www4.wiwiss.fu-berlin.de/drugbank/resource/drugs/DB00930>	Colesevelam
<http://www4.wiwiss.fu-berlin.de/drugbank/resource/drugs/DB00755>	Tretinoin
<http://www4.wiwiss.fu-berlin.de/drugbank/resource/drugs/DB00532>	Mephenytoin
<http://www4.wiwiss.fu-berlin.de/drugbank/resource/drugs/DB00545>	Pyridostigmine
<http://www4.wiwiss.fu-berlin.de/drugbank/resource/drugs/DB00695>	Furosemide
<http://www4.wiwiss.fu-berlin.de/drugbank/resource/drugs/DB00423>	Methocarbamol
<http://www4.wiwiss.fu-berlin.de/drugbank/resource/drugs/DB01273>	Varenicline
<http://www4.wiwiss.fu-berlin.de/drugbank/resource/drugs/DB00761>	Potassium Chloride
<http://www4.wiwiss.fu-berlin.de/drugbank/resource/drugs/DB00815>	Sodium lauryl sulfate
<http://www4.wiwiss.fu-berlin.de/drugbank/resource/drugs/DB00798>	Gentamicin
<http://www4.wiwiss.fu-berlin.de/drugbank/resource/drugs/DB00960>	Pindolol
<http://www4.wiwiss.fu-berlin.de/drugbank/resource/drugs/DB00125>	L-Arginine
<http://www4.wiwiss.fu-berlin.de/drugbank/resource/drugs/DB00062>	Human Serum Albumin
<http://www4.wiwiss.fu-berlin.de/drugbank/resource/drugs/DB00418>	Secobarbital
<http://www4.wiwiss.fu-berlin.de/drugbank/resource/drugs/DB00560>	Tigecycline
<http://www4.wiwiss.fu-berlin.de/drugbank/resource/drugs/DB05245>	Silver sulfadiazine
<http://www4.wiwiss.fu-berlin.de/drugbank/resource/drugs/DB00529>	Foscarnet
<http://www4.wiwiss.fu-berlin.de/drugbank/resource/drugs/DB00789>	Gadopentetate dimeglumine
<http://www4.wiwiss.fu-berlin.de/drugbank/resource/drugs/DB00925>	Phenoxybenzamine
<http://www4.wiwiss.fu-berlin.de/drugbank/resource/drugs/DB01281>	Abatacept
<http://www4.wiwiss.fu-berlin.de/drugbank/resource/drugs/DB00833>	Cefaclor
<http://www4.wiwiss.fu-berlin.de/drugbank/resource/drugs/DB00275>	Olmesartan
<http://www4.wiwiss.fu-berlin.de/drugbank/resource/drugs/DB06689>	Ethanolamine Oleate
<http://www4.wiwiss.fu-berlin.de/drugbank/resource/drugs/DB00178>	Ramipril
<http://www4.wiwiss.fu-berlin.de/drugbank/resource/drugs/DB04540>	Cholesterol
<http://www4.wiwiss.fu-berlin.de/drugbank/resource/drugs/DB00488>	Altretamine
<http://www4.wiwiss.fu-berlin.de/drugbank/resource/drugs/DB00254>	Doxycycline
<http://www4.wiwiss.fu-berlin.de/drugbank/resource/drugs/DB01020>	Isosorbide Mononitrate
<http://www4.wiwiss.fu-berlin.de/drugbank/resource/drugs/DB01037>	Selegiline
<http://www4.wiwiss.fu-berlin.de/drugbank/resource/drugs/DB00898>	Ethanol
<http://www4.wiwiss.fu-berlin.de/drugbank/resource/drugs/DB00569>	Fondaparinux sodium
<http://www4.wiwiss.fu-berlin.de/drugbank/resource/drugs/DB00750>	Prilocaine
<http://www4.wiwiss.fu-berlin.de/drugbank/resource/drugs/DB01099>	Flucytosine
<http://www4.wiwiss.fu-berlin.de/drugbank/resource/drugs/DB00702>	Icodextrin
<http://www4.wiwiss.fu-berlin.de/drugbank/resource/drugs/DB00605>	Sulindac
<http://www4.wiwiss.fu-berlin.de/drugbank/resource/drugs/DB01117>	Atovaquone
<http://www4.wiwiss.fu-berlin.de/drugbank/resource/drugs/DB00203>	Sildenafil
<http://www4.wiwiss.fu-berlin.de/drugbank/resource/drugs/DB00438>	Ceftazidime
<http://www4.wiwiss.fu-berlin.de/drugbank/resource/drugs/DB03793>	Benzoic Acid
<http://www4.wiwiss.fu-berlin.de/drugbank/resource/drugs/DB02325>	Isopropyl Alcohol
<http://www4.wiwiss.fu-berlin.de/drugbank/resource/drugs/DB00813>	Fentanyl
<http://www4.wiwiss.fu-berlin.de/drugbank/resource/drugs/DB00718>	Adefovir Dipivoxil
<http://www4.wiwiss.fu-berlin.de/drugbank/resource/drugs/DB00222>	Glimepiride
<http://www4.wiwiss.fu-berlin.de/drugbank/resource/drugs/DB00145>	Glycine
<http://www4.wiwiss.fu-berlin.de/drugbank/resource/drugs/DB00319>	Piperacillin
<http://www4.wiwiss.fu-berlin.de/drugbank/resource/drugs/DB00581>	Lactulose
<http://www4.wiwiss.fu-berlin.de/drugbank/resource/drugs/DB00447>	Loracarbef
<http://www4.wiwiss.fu-berlin.de/drugbank/resource/drugs/DB00168>	Aspartame
<http://www4.wiwiss.fu-berlin.de/drugbank/resource/drugs/DB00965>	Ethiodized oil
<http://www4.wiwiss.fu-berlin.de/drugbank/resource/drugs/DB01233>	Metoclopramide
<http://www4.wiwiss.fu-berlin.de/drugbank/resource/drugs/DB00894>	Testolactone
<http://www4.wiwiss.fu-berlin.de/drugbank/resource/drugs/DB02325>	Isopropyl Alcohol
<http://www4.wiwiss.fu-berlin.de/drugbank/resource/drugs/DB00967>	Desloratadine
<http://www4.wiwiss.fu-berlin.de/drugbank/resource/drugs/DB00024>	Thyrotropin Alfa
<http://www4.wiwiss.fu-berlin.de/drugbank/resource/drugs/DB00305>	Mitomycin
<http://www4.wiwiss.fu-berlin.de/drugbank/resource/drugs/DB01236>	Sevoflurane
<http://www4.wiwiss.fu-berlin.de/drugbank/resource/drugs/DB01188>	Ciclopirox
<http://www4.wiwiss.fu-berlin.de/drugbank/resource/drugs/DB00491>	Miglitol
<http://www4.wiwiss.fu-berlin.de/drugbank/resource/drugs/DB00184>	Nicotine
<http://www4.wiwiss.fu-berlin.de/drugbank/resource/drugs/DB00501>	Cimetidine
<http://www4.wiwiss.fu-berlin.de/drugbank/resource/drugs/DB00749>	Etodolac
<http://www4.wiwiss.fu-berlin.de/drugbank/resource/drugs/DB00836>	Loperamide
<http://www4.wiwiss.fu-berlin.de/drugbank/resource/drugs/DB00991>	Oxaprozin
<http://www4.wiwiss.fu-berlin.de/drugbank/resource/drugs/DB01362>	Iohexol
<http://www4.wiwiss.fu-berlin.de/drugbank/resource/drugs/DB00743>	Gadobenate Dimeglumine
<http://www4.wiwiss.fu-berlin.de/drugbank/resource/drugs/DB00588>	Fluticasone Propionate
<http://www4.wiwiss.fu-berlin.de/drugbank/resource/drugs/DB00431>	Lindane
<http://www4.wiwiss.fu-berlin.de/drugbank/resource/drugs/DB00582>	Voriconazole
<http://www4.wiwiss.fu-berlin.de/drugbank/resource/drugs/DB00947>	Fulvestrant
<http://www4.wiwiss.fu-berlin.de/drugbank/resource/drugs/DB00676>	Benzyl Benzoate
<http://www4.wiwiss.fu-berlin.de/drugbank/resource/drugs/DB01173>	Orphenadrine
<http://www4.wiwiss.fu-berlin.de/drugbank/resource/drugs/DB00585>	Nizatidine
<http://www4.wiwiss.fu-berlin.de/drugbank/resource/drugs/DB01638>	D-Sorbitol
<http://www4.wiwiss.fu-berlin.de/drugbank/resource/drugs/DB01255>	Lisdexamfetamine
<http://www4.wiwiss.fu-berlin.de/drugbank/resource/drugs/DB00288>	Amcinonide
<http://www4.wiwiss.fu-berlin.de/drugbank/resource/drugs/DB00535>	Cefdinir
<http://www4.wiwiss.fu-berlin.de/drugbank/resource/drugs/DB00210>	Adapalene
<http://www4.wiwiss.fu-berlin.de/drugbank/resource/drugs/DB01017>	Minocycline
<http://www4.wiwiss.fu-berlin.de/drugbank/resource/drugs/DB00014>	Goserelin
<http://www4.wiwiss.fu-berlin.de/drugbank/resource/drugs/DB01149>	Nefazodone
<http://www4.wiwiss.fu-berlin.de/drugbank/resource/drugs/DB01190>	Clindamycin
<http://www4.wiwiss.fu-berlin.de/drugbank/resource/drugs/DB01267>	Paliperidone
<http://www4.wiwiss.fu-berlin.de/drugbank/resource/drugs/DB00352>	Thioguanine
<http://www4.wiwiss.fu-berlin.de/drugbank/resource/drugs/DB00433>	Prochlorperazine
<http://www4.wiwiss.fu-berlin.de/drugbank/resource/drugs/DB00567>	Cephalexin
<http://www4.wiwiss.fu-berlin.de/drugbank/resource/drugs/DB00398>	Sorafenib
<http://www4.wiwiss.fu-berlin.de/drugbank/resource/drugs/DB00686>	Pentosan Polysulfate
<http://www4.wiwiss.fu-berlin.de/drugbank/resource/drugs/DB00619>	Imatinib
<http://www4.wiwiss.fu-berlin.de/drugbank/resource/drugs/DB01008>	Busulfan
<http://www4.wiwiss.fu-berlin.de/drugbank/resource/drugs/DB00451>	Levothyroxine
<http://www4.wiwiss.fu-berlin.de/drugbank/resource/drugs/DB00426>	Famciclovir
<http://www4.wiwiss.fu-berlin.de/drugbank/resource/drugs/DB00690>	Flurazepam
<http://www4.wiwiss.fu-berlin.de/drugbank/resource/drugs/DB00683>	Midazolam
<http://www4.wiwiss.fu-berlin.de/drugbank/resource/drugs/DB00706>	Tamsulosin
<http://www4.wiwiss.fu-berlin.de/drugbank/resource/drugs/DB04224>	Oleic Acid
<http://www4.wiwiss.fu-berlin.de/drugbank/resource/drugs/DB00680>	Moricizine
<http://www4.wiwiss.fu-berlin.de/drugbank/resource/drugs/DB01026>	Ketoconazole
<http://www4.wiwiss.fu-berlin.de/drugbank/resource/drugs/DB00557>	Hydroxyzine
<http://www4.wiwiss.fu-berlin.de/drugbank/resource/drugs/DB01254>	Dasatinib
<http://www4.wiwiss.fu-berlin.de/drugbank/resource/drugs/DB00661>	Verapamil
<http://www4.wiwiss.fu-berlin.de/drugbank/resource/drugs/DB01068>	Clonazepam
<http://www4.wiwiss.fu-berlin.de/drugbank/resource/drugs/DB01077>	Etidronic acid
<http://www4.wiwiss.fu-berlin.de/drugbank/resource/drugs/DB00575>	Clonidine
<http://www4.wiwiss.fu-berlin.de/drugbank/resource/drugs/DB00260>	Cycloserine
<http://www4.wiwiss.fu-berlin.de/drugbank/resource/drugs/DB00563>	Methotrexate
<http://www4.wiwiss.fu-berlin.de/drugbank/resource/drugs/DB00888>	Mechlorethamine
<http://www4.wiwiss.fu-berlin.de/drugbank/resource/drugs/DB00395>	Carisoprodol
<http://www4.wiwiss.fu-berlin.de/drugbank/resource/drugs/DB00847>	Cysteamine
<http://www4.wiwiss.fu-berlin.de/drugbank/resource/drugs/DB00994>	Neomycin
<http://www4.wiwiss.fu-berlin.de/drugbank/resource/drugs/DB00815>	Sodium lauryl sulfate
<http://www4.wiwiss.fu-berlin.de/drugbank/resource/drugs/DB01140>	Cefadroxil
<http://www4.wiwiss.fu-berlin.de/drugbank/resource/drugs/DB00702>	Icodextrin
<http://www4.wiwiss.fu-berlin.de/drugbank/resource/drugs/DB01186>	Pergolide
<http://www4.wiwiss.fu-berlin.de/drugbank/resource/drugs/DB00370>	Mirtazapine
<http://www4.wiwiss.fu-berlin.de/drugbank/resource/drugs/DB00168>	Aspartame
<http://www4.wiwiss.fu-berlin.de/drugbank/resource/drugs/DB01249>	Iodixanol
<http://www4.wiwiss.fu-berlin.de/drugbank/resource/drugs/DB00859>	Penicillamine
<http://www4.wiwiss.fu-berlin.de/drugbank/resource/drugs/DB00761>	Potassium Chloride
<http://www4.wiwiss.fu-berlin.de/drugbank/resource/drugs/DB00087>	Alemtuzumab
<http://www4.wiwiss.fu-berlin.de/drugbank/resource/drugs/DB00199>	Erythromycin
<http://www4.wiwiss.fu-berlin.de/drugbank/resource/drugs/DB01575>	Kaolin
<http://www4.wiwiss.fu-berlin.de/drugbank/resource/drugs/DB00889>	Granisetron
<http://www4.wiwiss.fu-berlin.de/drugbank/resource/drugs/DB01126>	Dutasteride
<http://www4.wiwiss.fu-berlin.de/drugbank/resource/drugs/DB00080>	Daptomycin
<http://www4.wiwiss.fu-berlin.de/drugbank/resource/drugs/DB00050>	Cetrorelix
<http://www4.wiwiss.fu-berlin.de/drugbank/resource/drugs/DB00384>	Triamterene
<http://www4.wiwiss.fu-berlin.de/drugbank/resource/drugs/DB00382>	Tacrine
<http://www4.wiwiss.fu-berlin.de/drugbank/resource/drugs/DB00417>	Penicillin V
<http://www4.wiwiss.fu-berlin.de/drugbank/resource/drugs/DB04835>	Maraviroc
<http://www4.wiwiss.fu-berlin.de/drugbank/resource/drugs/DB00396>	Progesterone
<http://www4.wiwiss.fu-berlin.de/drugbank/resource/drugs/DB00865>	Benzphetamine
<http://www4.wiwiss.fu-berlin.de/drugbank/resource/drugs/DB01278>	Pramlintide
<http://www4.wiwiss.fu-berlin.de/drugbank/resource/drugs/DB00976>	Telithromycin
<http://www4.wiwiss.fu-berlin.de/drugbank/resource/drugs/DB00571>	Propranolol
<http://www4.wiwiss.fu-berlin.de/drugbank/resource/drugs/DB00983>	Formoterol
<http://www4.wiwiss.fu-berlin.de/drugbank/resource/drugs/DB01416>	Cefpodoxime
<http://www4.wiwiss.fu-berlin.de/drugbank/resource/drugs/DB00097>	Choriogonadotropin alfa
<http://www4.wiwiss.fu-berlin.de/drugbank/resource/drugs/DB00237>	Butabarbital
<http://www4.wiwiss.fu-berlin.de/drugbank/resource/drugs/DB00802>	Alfentanil
<http://www4.wiwiss.fu-berlin.de/drugbank/resource/drugs/DB00521>	Carteolol
<http://www4.wiwiss.fu-berlin.de/drugbank/resource/drugs/DB03793>	Benzoic Acid
<http://www4.wiwiss.fu-berlin.de/drugbank/resource/drugs/DB01018>	Guanfacine
<http://www4.wiwiss.fu-berlin.de/drugbank/resource/drugs/DB00810>	Biperiden
<http://www4.wiwiss.fu-berlin.de/drugbank/resource/drugs/DB01243>	Chloroxine
<http://www4.wiwiss.fu-berlin.de/drugbank/resource/drugs/DB00381>	Amlodipine
<http://www4.wiwiss.fu-berlin.de/drugbank/resource/drugs/DB00310>	Chlorthalidone
<http://www4.wiwiss.fu-berlin.de/drugbank/resource/drugs/DB00530>	Erlotinib
<http://www4.wiwiss.fu-berlin.de/drugbank/resource/drugs/DB00285>	Venlafaxine
<http://www4.wiwiss.fu-berlin.de/drugbank/resource/drugs/DB00694>	Daunorubicin
<http://www4.wiwiss.fu-berlin.de/drugbank/resource/drugs/DB01157>	Trimetrexate
<http://www4.wiwiss.fu-berlin.de/drugbank/resource/drugs/DB00158>	Folic Acid
<http://www4.wiwiss.fu-berlin.de/drugbank/resource/drugs/DB00823>	Ethynodiol Diacetate
<http://www4.wiwiss.fu-berlin.de/drugbank/resource/drugs/DB00375>	Colestipol
<http://www4.wiwiss.fu-berlin.de/drugbank/resource/drugs/DB01214>	Metipranolol
<http://www4.wiwiss.fu-berlin.de/drugbank/resource/drugs/DB00220>	Nelfinavir
<http://www4.wiwiss.fu-berlin.de/drugbank/resource/drugs/DB04899>	Nesiritide
<http://www4.wiwiss.fu-berlin.de/drugbank/resource/drugs/DB01112>	Cefuroxime
<http://www4.wiwiss.fu-berlin.de/drugbank/resource/drugs/DB01029>	Irbesartan
<http://www4.wiwiss.fu-berlin.de/drugbank/resource/drugs/DB03843>	Formaldehyde
<http://www4.wiwiss.fu-berlin.de/drugbank/resource/drugs/DB01095>	Fluvastatin
<http://www4.wiwiss.fu-berlin.de/drugbank/resource/drugs/DB00839>	Tolazamide
<http://www4.wiwiss.fu-berlin.de/drugbank/resource/drugs/DB01050>	Ibuprofen
<http://www4.wiwiss.fu-berlin.de/drugbank/resource/drugs/DB01088>	Iloprost
<http://www4.wiwiss.fu-berlin.de/drugbank/resource/drugs/DB00289>	Atomoxetine
<http://www4.wiwiss.fu-berlin.de/drugbank/resource/drugs/DB01432>	Cholestyramine
<http://www4.wiwiss.fu-berlin.de/drugbank/resource/drugs/DB00819>	Acetazolamide
<http://www4.wiwiss.fu-berlin.de/drugbank/resource/drugs/DB00334>	Olanzapine
<http://www4.wiwiss.fu-berlin.de/drugbank/resource/drugs/DB01195>	Flecainide
<http://www4.wiwiss.fu-berlin.de/drugbank/resource/drugs/DB01118>	Amiodarone
<http://www4.wiwiss.fu-berlin.de/drugbank/resource/drugs/DB01136>	Carvedilol
<http://www4.wiwiss.fu-berlin.de/drugbank/resource/drugs/DB01261>	Sitagliptin
<http://www4.wiwiss.fu-berlin.de/drugbank/resource/drugs/DB00044>	Lutropin alfa
<http://www4.wiwiss.fu-berlin.de/drugbank/resource/drugs/DB01330>	Cefotetan
<http://www4.wiwiss.fu-berlin.de/drugbank/resource/drugs/DB00684>	Tobramycin
<http://www4.wiwiss.fu-berlin.de/drugbank/resource/drugs/DB01062>	Oxybutynin
<http://www4.wiwiss.fu-berlin.de/drugbank/resource/drugs/DB00917>	Dinoprostone
<http://www4.wiwiss.fu-berlin.de/drugbank/resource/drugs/DB00247>	Methysergide
<http://www4.wiwiss.fu-berlin.de/drugbank/resource/drugs/DB01410>	Ciclesonide
<http://www4.wiwiss.fu-berlin.de/drugbank/resource/drugs/DB00523>	Alitretinoin
<http://www4.wiwiss.fu-berlin.de/drugbank/resource/drugs/DB01041>	Thalidomide
<http://www4.wiwiss.fu-berlin.de/drugbank/resource/drugs/DB03255>	Phenol
<http://www4.wiwiss.fu-berlin.de/drugbank/resource/drugs/DB00322>	Floxuridine
<http://www4.wiwiss.fu-berlin.de/drugbank/resource/drugs/DB00642>	Pemetrexed
<http://www4.wiwiss.fu-berlin.de/drugbank/resource/drugs/DB00542>	Benazepril
<http://www4.wiwiss.fu-berlin.de/drugbank/resource/drugs/DB01036>	Tolterodine
<http://www4.wiwiss.fu-berlin.de/drugbank/resource/drugs/DB00840>	Hydroxypropyl cellulose
<http://www4.wiwiss.fu-berlin.de/drugbank/resource/drugs/DB00180>	Flunisolide
<http://www4.wiwiss.fu-berlin.de/drugbank/resource/drugs/DB00666>	Nafarelin
<http://www4.wiwiss.fu-berlin.de/drugbank/resource/drugs/DB00959>	Methylprednisolone
<http://www4.wiwiss.fu-berlin.de/drugbank/resource/drugs/DB00059>	Pegaspargase
<http://www4.wiwiss.fu-berlin.de/drugbank/resource/drugs/DB00744>	Zileuton
<http://www4.wiwiss.fu-berlin.de/drugbank/resource/drugs/DB01327>	Cefazolin
<http://www4.wiwiss.fu-berlin.de/drugbank/resource/drugs/DB04272>	Citric Acid
<http://www4.wiwiss.fu-berlin.de/drugbank/resource/drugs/DB00279>	Liothyronine
<http://www4.wiwiss.fu-berlin.de/drugbank/resource/drugs/DB00928>	Azacitidine
<http://www4.wiwiss.fu-berlin.de/drugbank/resource/drugs/DB00302>	Tranexamic Acid
<http://www4.wiwiss.fu-berlin.de/drugbank/resource/drugs/DB00975>	Dipyridamole
<http://www4.wiwiss.fu-berlin.de/drugbank/resource/drugs/DB00602>	Ivermectin
<http://www4.wiwiss.fu-berlin.de/drugbank/resource/drugs/DB00575>	Clonidine
<http://www4.wiwiss.fu-berlin.de/drugbank/resource/drugs/DB00304>	Desogestrel
<http://www4.wiwiss.fu-berlin.de/drugbank/resource/drugs/DB00972>	Azelastine
<http://www4.wiwiss.fu-berlin.de/drugbank/resource/drugs/DB00140>	Riboflavin
<http://www4.wiwiss.fu-berlin.de/drugbank/resource/drugs/DB00448>	Lansoprazole
<http://www4.wiwiss.fu-berlin.de/drugbank/resource/drugs/DB00840>	Hydroxypropyl cellulose
<http://www4.wiwiss.fu-berlin.de/drugbank/resource/drugs/DB00590>	Doxazosin
<http://www4.wiwiss.fu-berlin.de/drugbank/resource/drugs/DB02772>	Sucrose
<http://www4.wiwiss.fu-berlin.de/drugbank/resource/drugs/DB01044>	Gatifloxacin
<http://www4.wiwiss.fu-berlin.de/drugbank/resource/drugs/DB01155>	Gemifloxacin
<http://www4.wiwiss.fu-berlin.de/drugbank/resource/drugs/DB00654>	Latanoprost
<http://www4.wiwiss.fu-berlin.de/drugbank/resource/drugs/DB00905>	Bimatoprost
<http://www4.wiwiss.fu-berlin.de/drugbank/resource/drugs/DB00194>	Vidarabine
<http://www4.wiwiss.fu-berlin.de/drugbank/resource/drugs/DB00323>	Tolcapone
<http://www4.wiwiss.fu-berlin.de/drugbank/resource/drugs/DB00007>	Leuprolide
<http://www4.wiwiss.fu-berlin.de/drugbank/resource/drugs/DB00916>	Metronidazole
<http://www4.wiwiss.fu-berlin.de/drugbank/resource/drugs/DB01151>	Desipramine
<http://www4.wiwiss.fu-berlin.de/drugbank/resource/drugs/DB01232>	Saquinavir
<http://www4.wiwiss.fu-berlin.de/drugbank/resource/drugs/DB00860>	Prednisolone
<http://www4.wiwiss.fu-berlin.de/drugbank/resource/drugs/DB01124>	Tolbutamide
<http://www4.wiwiss.fu-berlin.de/drugbank/resource/drugs/DB00598>	Labetalol
<http://www4.wiwiss.fu-berlin.de/drugbank/resource/drugs/DB01598>	Imipenem
<http://www4.wiwiss.fu-berlin.de/drugbank/resource/drugs/DB00864>	Tacrolimus
<http://www4.wiwiss.fu-berlin.de/drugbank/resource/drugs/DB00578>	Carbenicillin
<http://www4.wiwiss.fu-berlin.de/drugbank/resource/drugs/DB01609>	Deferasirox
<http://www4.wiwiss.fu-berlin.de/drugbank/resource/drugs/DB01057>	Echothiophate Iodide
<http://www4.wiwiss.fu-berlin.de/drugbank/resource/drugs/DB00970>	Dactinomycin
<http://www4.wiwiss.fu-berlin.de/drugbank/resource/drugs/DB01339>	Vecuronium
<http://www4.wiwiss.fu-berlin.de/drugbank/resource/drugs/DB00572>	Atropine
<http://www4.wiwiss.fu-berlin.de/drugbank/resource/drugs/DB00943>	Zalcitabine
<http://www4.wiwiss.fu-berlin.de/drugbank/resource/drugs/DB00295>	Morphine
<http://www4.wiwiss.fu-berlin.de/drugbank/resource/drugs/DB00701>	Amprenavir
<http://www4.wiwiss.fu-berlin.de/drugbank/resource/drugs/DB03255>	Phenol
<http://www4.wiwiss.fu-berlin.de/drugbank/resource/drugs/DB01064>	Isoproterenol
<http://www4.wiwiss.fu-berlin.de/drugbank/resource/drugs/DB04930>	Permethrin
<http://www4.wiwiss.fu-berlin.de/drugbank/resource/drugs/DB01223>	Aminophylline
<http://www4.wiwiss.fu-berlin.de/drugbank/resource/drugs/DB00861>	Diflunisal
<http://www4.wiwiss.fu-berlin.de/drugbank/resource/drugs/DB01169>	Arsenic trioxide
<http://www4.wiwiss.fu-berlin.de/drugbank/resource/drugs/DB01069>	Promethazine
<http://www4.wiwiss.fu-berlin.de/drugbank/resource/drugs/DB00242>	Cladribine
<http://www4.wiwiss.fu-berlin.de/drugbank/resource/drugs/DB01042>	Melphalan
<http://www4.wiwiss.fu-berlin.de/drugbank/resource/drugs/DB01215>	Estazolam
<http://www4.wiwiss.fu-berlin.de/drugbank/resource/drugs/DB05246>	Methsuximide
<http://www4.wiwiss.fu-berlin.de/drugbank/resource/drugs/DB00740>	Riluzole
<http://www4.wiwiss.fu-berlin.de/drugbank/resource/drugs/DB00633>	Dexmedetomidine
<http://www4.wiwiss.fu-berlin.de/drugbank/resource/drugs/DB00449>	Dipivefrin
<http://www4.wiwiss.fu-berlin.de/drugbank/resource/drugs/DB04077>	Glycerol
<http://www4.wiwiss.fu-berlin.de/drugbank/resource/drugs/DB00332>	Ipratropium
<http://www4.wiwiss.fu-berlin.de/drugbank/resource/drugs/DB01048>	Abacavir
<http://www4.wiwiss.fu-berlin.de/drugbank/resource/drugs/DB00584>	Enalapril
<http://www4.wiwiss.fu-berlin.de/drugbank/resource/drugs/DB01284>	Cosyntropin
<http://www4.wiwiss.fu-berlin.de/drugbank/resource/drugs/DB00230>	Pregabalin
<http://www4.wiwiss.fu-berlin.de/drugbank/resource/drugs/DB00623>	Fluphenazine
<http://www4.wiwiss.fu-berlin.de/drugbank/resource/drugs/DB00745>	Modafinil
<http://www4.wiwiss.fu-berlin.de/drugbank/resource/drugs/DB00297>	Bupivacaine
<http://www4.wiwiss.fu-berlin.de/drugbank/resource/drugs/DB00650>	Leucovorin
<http://www4.wiwiss.fu-berlin.de/drugbank/resource/drugs/DB00460>	Verteporfin
<http://www4.wiwiss.fu-berlin.de/drugbank/resource/drugs/DB00353>	Methylergonovine
<http://www4.wiwiss.fu-berlin.de/drugbank/resource/drugs/DB00538>	Gadoversetamide
<http://www4.wiwiss.fu-berlin.de/drugbank/resource/drugs/DB01006>	Letrozole
<http://www4.wiwiss.fu-berlin.de/drugbank/resource/drugs/DB01150>	Cefprozil
<http://www4.wiwiss.fu-berlin.de/drugbank/resource/drugs/DB00359>	Sulfadiazine
<http://www4.wiwiss.fu-berlin.de/drugbank/resource/drugs/DB00207>	Azithromycin
<http://www4.wiwiss.fu-berlin.de/drugbank/resource/drugs/DB00249>	Idoxuridine
<http://www4.wiwiss.fu-berlin.de/drugbank/resource/drugs/DB00608>	Chloroquine
<http://www4.wiwiss.fu-berlin.de/drugbank/resource/drugs/DB00712>	Flurbiprofen
<http://www4.wiwiss.fu-berlin.de/drugbank/resource/drugs/DB00761>	Potassium Chloride
<http://www4.wiwiss.fu-berlin.de/drugbank/resource/drugs/DB00286>	Conjugated Estrogens
<http://www4.wiwiss.fu-berlin.de/drugbank/resource/drugs/DB01406>	Danazol
<http://www4.wiwiss.fu-berlin.de/drugbank/resource/drugs/DB00176>	Fluvoxamine
<http://www4.wiwiss.fu-berlin.de/drugbank/resource/drugs/DB00818>	Propofol
<http://www4.wiwiss.fu-berlin.de/drugbank/resource/drugs/DB00377>	Palonosetron
<http://www4.wiwiss.fu-berlin.de/drugbank/resource/drugs/DB00596>	Halobetasol Propionate
<http://www4.wiwiss.fu-berlin.de/drugbank/resource/drugs/DB00643>	Mebendazole
<http://www4.wiwiss.fu-berlin.de/drugbank/resource/drugs/DB00117>	L-Histidine
<http://www4.wiwiss.fu-berlin.de/drugbank/resource/drugs/DB01192>	Oxymorphone
<http://www4.wiwiss.fu-berlin.de/drugbank/resource/drugs/DB00265>	Crotamiton
<http://www4.wiwiss.fu-berlin.de/drugbank/resource/drugs/DB00826>	Natamycin
<http://www4.wiwiss.fu-berlin.de/drugbank/resource/drugs/DB01592>	Iron
<http://www4.wiwiss.fu-berlin.de/drugbank/resource/drugs/DB01093>	Dimethyl sulfoxide
<http://www4.wiwiss.fu-berlin.de/drugbank/resource/drugs/DB00880>	Chlorothiazide
<http://www4.wiwiss.fu-berlin.de/drugbank/resource/drugs/DB00864>	Tacrolimus
<http://www4.wiwiss.fu-berlin.de/drugbank/resource/drugs/DB03193>	Stearic acid
<http://www4.wiwiss.fu-berlin.de/drugbank/resource/drugs/DB00153>	Ergocalciferol
<http://www4.wiwiss.fu-berlin.de/drugbank/resource/drugs/DB00685>	Trovafloxacin
<http://www4.wiwiss.fu-berlin.de/drugbank/resource/drugs/DB00566>	Succimer
<http://www4.wiwiss.fu-berlin.de/drugbank/resource/drugs/DB00773>	Etoposide
<http://www4.wiwiss.fu-berlin.de/drugbank/resource/drugs/DB01079>	Tegaserod
<http://www4.wiwiss.fu-berlin.de/drugbank/resource/drugs/DB00929>	Misoprostol
<http://www4.wiwiss.fu-berlin.de/drugbank/resource/drugs/DB00615>	Rifabutin
<http://www4.wiwiss.fu-berlin.de/drugbank/resource/drugs/DB00526>	Oxaliplatin
<http://www4.wiwiss.fu-berlin.de/drugbank/resource/drugs/DB00514>	Dextromethorphan
<http://www4.wiwiss.fu-berlin.de/drugbank/resource/drugs/DB01380>	Cortisone acetate
<http://www4.wiwiss.fu-berlin.de/drugbank/resource/drugs/DB00591>	Fluocinolone Acetonide
<http://www4.wiwiss.fu-berlin.de/drugbank/resource/drugs/DB00277>	Theophylline
<http://www4.wiwiss.fu-berlin.de/drugbank/resource/drugs/DB01165>	Ofloxacin
<http://www4.wiwiss.fu-berlin.de/drugbank/resource/drugs/DB00939>	Meclofenamic acid
<http://www4.wiwiss.fu-berlin.de/drugbank/resource/drugs/DB01263>	Posaconazole
<http://www4.wiwiss.fu-berlin.de/drugbank/resource/drugs/DB00175>	Pravastatin
<http://www4.wiwiss.fu-berlin.de/drugbank/resource/drugs/DB00495>	Zidovudine
<http://www4.wiwiss.fu-berlin.de/drugbank/resource/drugs/DB00737>	Meclizine
<http://www4.wiwiss.fu-berlin.de/drugbank/resource/drugs/DB00554>	Piroxicam
<http://www4.wiwiss.fu-berlin.de/drugbank/resource/drugs/DB03864>	Monothioglycerol
<http://www4.wiwiss.fu-berlin.de/drugbank/resource/drugs/DB00668>	Epinephrine
<http://www4.wiwiss.fu-berlin.de/drugbank/resource/drugs/DB00841>	Dobutamine
<http://www4.wiwiss.fu-berlin.de/drugbank/resource/drugs/DB00200>	Hydroxocobalamin
<http://www4.wiwiss.fu-berlin.de/drugbank/resource/drugs/DB00053>	Imiglucerase
<http://www4.wiwiss.fu-berlin.de/drugbank/resource/drugs/DB00394>	Beclomethasone
<http://www4.wiwiss.fu-berlin.de/drugbank/resource/drugs/DB00284>	Acarbose
<http://www4.wiwiss.fu-berlin.de/drugbank/resource/drugs/DB00411>	Carbachol
<http://www4.wiwiss.fu-berlin.de/drugbank/resource/drugs/DB00753>	Isoflurane
<http://www4.wiwiss.fu-berlin.de/drugbank/resource/drugs/DB00918>	Almotriptan
<http://www4.wiwiss.fu-berlin.de/drugbank/resource/drugs/DB01019>	Bethanechol
<http://www4.wiwiss.fu-berlin.de/drugbank/resource/drugs/DB00697>	Tizanidine
<http://www4.wiwiss.fu-berlin.de/drugbank/resource/drugs/DB00270>	Isradipine
<http://www4.wiwiss.fu-berlin.de/drugbank/resource/drugs/DB00374>	Treprostinil
<http://www4.wiwiss.fu-berlin.de/drugbank/resource/drugs/DB01359>	Penbutolol
<http://www4.wiwiss.fu-berlin.de/drugbank/resource/drugs/DB01177>	Idarubicin
<http://www4.wiwiss.fu-berlin.de/drugbank/resource/drugs/DB00673>	Aprepitant
<http://www4.wiwiss.fu-berlin.de/drugbank/resource/drugs/DB00698>	Nitrofurantoin
<http://www4.wiwiss.fu-berlin.de/drugbank/resource/drugs/DB00835>	Brompheniramine
<http://www4.wiwiss.fu-berlin.de/drugbank/resource/drugs/DB00842>	Oxazepam
<http://www4.wiwiss.fu-berlin.de/drugbank/resource/drugs/DB01219>	Dantrolene
<http://www4.wiwiss.fu-berlin.de/drugbank/resource/drugs/DB00351>	Megestrol
<http://www4.wiwiss.fu-berlin.de/drugbank/resource/drugs/DB00335>	Atenolol
<http://www4.wiwiss.fu-berlin.de/drugbank/resource/drugs/DB00681>	Amphotericin B
<http://www4.wiwiss.fu-berlin.de/drugbank/resource/drugs/DB00213>	Pantoprazole
<http://www4.wiwiss.fu-berlin.de/drugbank/resource/drugs/DB00999>	Hydrochlorothiazide
<http://www4.wiwiss.fu-berlin.de/drugbank/resource/drugs/DB00879>	Emtricitabine
<http://www4.wiwiss.fu-berlin.de/drugbank/resource/drugs/DB00580>	Valdecoxib
<http://www4.wiwiss.fu-berlin.de/drugbank/resource/drugs/DB00393>	Nimodipine
<http://www4.wiwiss.fu-berlin.de/drugbank/resource/drugs/DB00225>	Gadodiamide
<http://www4.wiwiss.fu-berlin.de/drugbank/resource/drugs/DB00257>	Clotrimazole
<http://www4.wiwiss.fu-berlin.de/drugbank/resource/drugs/DB00039>	Palifermin
<http://www4.wiwiss.fu-berlin.de/drugbank/resource/drugs/DB00726>	Trimipramine
<http://www4.wiwiss.fu-berlin.de/drugbank/resource/drugs/DB00480>	Lenalidomide
<http://www4.wiwiss.fu-berlin.de/drugbank/resource/drugs/DB00609>	Ethionamide
<http://www4.wiwiss.fu-berlin.de/drugbank/resource/drugs/DB00980>	Ramelteon
<http://www4.wiwiss.fu-berlin.de/drugbank/resource/drugs/DB00477>	Chlorpromazine
<http://www4.wiwiss.fu-berlin.de/drugbank/resource/drugs/DB00770>	Alprostadil
<http://www4.wiwiss.fu-berlin.de/drugbank/resource/drugs/DB00751>	Epinastine
<http://www4.wiwiss.fu-berlin.de/drugbank/resource/drugs/DB00750>	Prilocaine
<http://www4.wiwiss.fu-berlin.de/drugbank/resource/drugs/DB00063>	Eptifibatide
<http://www4.wiwiss.fu-berlin.de/drugbank/resource/drugs/DB00371>	Meprobamate
<http://www4.wiwiss.fu-berlin.de/drugbank/resource/drugs/DB00649>	Stavudine
<http://www4.wiwiss.fu-berlin.de/drugbank/resource/drugs/DB00820>	Tadalafil
<http://www4.wiwiss.fu-berlin.de/drugbank/resource/drugs/DB00437>	Allopurinol
<http://www4.wiwiss.fu-berlin.de/drugbank/resource/drugs/DB03793>	Benzoic Acid
<http://www4.wiwiss.fu-berlin.de/drugbank/resource/drugs/DB00069>	Interferon alfacon-1
<http://www4.wiwiss.fu-berlin.de/drugbank/resource/drugs/DB00870>	Suprofen
<http://www4.wiwiss.fu-berlin.de/drugbank/resource/drugs/DB00312>	Pentobarbital
<http://www4.wiwiss.fu-berlin.de/drugbank/resource/drugs/DB01183>	Naloxone
<http://www4.wiwiss.fu-berlin.de/drugbank/resource/drugs/DB01264>	Darunavir
<http://www4.wiwiss.fu-berlin.de/drugbank/resource/drugs/DB00441>	Gemcitabine
<http://www4.wiwiss.fu-berlin.de/drugbank/resource/drugs/DB00125>	L-Arginine
<http://www4.wiwiss.fu-berlin.de/drugbank/resource/drugs/DB00350>	Minoxidil
<http://www4.wiwiss.fu-berlin.de/drugbank/resource/drugs/DB00540>	Nortriptyline
<http://www4.wiwiss.fu-berlin.de/drugbank/resource/drugs/DB00704>	Naltrexone
<http://www4.wiwiss.fu-berlin.de/drugbank/resource/drugs/DB00910>	Paricalcitol
<http://www4.wiwiss.fu-berlin.de/drugbank/resource/drugs/DB00765>	Metyrosine
<http://www4.wiwiss.fu-berlin.de/drugbank/resource/drugs/DB01041>	Thalidomide
<http://www4.wiwiss.fu-berlin.de/drugbank/resource/drugs/DB01332>	Ceftizoxime
<http://www4.wiwiss.fu-berlin.de/drugbank/resource/drugs/DB00813>	Fentanyl
<http://www4.wiwiss.fu-berlin.de/drugbank/resource/drugs/DB00676>	Benzyl Benzoate
<http://www4.wiwiss.fu-berlin.de/drugbank/resource/drugs/DB00986>	Glycopyrrolate
<http://www4.wiwiss.fu-berlin.de/drugbank/resource/drugs/DB01015>	Sulfamethoxazole
<http://www4.wiwiss.fu-berlin.de/drugbank/resource/drugs/DB01229>	Paclitaxel
<http://www4.wiwiss.fu-berlin.de/drugbank/resource/drugs/DB00754>	Ethotoin
<http://www4.wiwiss.fu-berlin.de/drugbank/resource/drugs/DB01377>	Magnesium oxide
<http://www4.wiwiss.fu-berlin.de/drugbank/resource/drugs/DB00768>	Olopatadine
<http://www4.wiwiss.fu-berlin.de/drugbank/resource/drugs/DB03904>	Urea
<http://www4.wiwiss.fu-berlin.de/drugbank/resource/drugs/DB00782>	Propantheline
<http://www4.wiwiss.fu-berlin.de/drugbank/resource/drugs/DB00904>	Ondansetron
<http://www4.wiwiss.fu-berlin.de/drugbank/resource/drugs/DB00825>	Menthol
<http://www4.wiwiss.fu-berlin.de/drugbank/resource/drugs/DB00682>	Warfarin
<http://www4.wiwiss.fu-berlin.de/drugbank/resource/drugs/DB00932>	Tipranavir
<http://www4.wiwiss.fu-berlin.de/drugbank/resource/drugs/DB00714>	Apomorphine
<http://www4.wiwiss.fu-berlin.de/drugbank/resource/drugs/DB00290>	Bleomycin
<http://www4.wiwiss.fu-berlin.de/drugbank/resource/drugs/DB00660>	Metaxalone
<http://www4.wiwiss.fu-berlin.de/drugbank/resource/drugs/DB01058>	Praziquantel
<http://www4.wiwiss.fu-berlin.de/drugbank/resource/drugs/DB00997>	Doxorubicin
<http://www4.wiwiss.fu-berlin.de/drugbank/resource/drugs/DB02772>	Sucrose
<http://www4.wiwiss.fu-berlin.de/drugbank/resource/drugs/DB00721>	Procaine
<http://www4.wiwiss.fu-berlin.de/drugbank/resource/drugs/DB01023>	Felodipine
<http://www4.wiwiss.fu-berlin.de/drugbank/resource/drugs/DB01159>	Halothane
<http://www4.wiwiss.fu-berlin.de/drugbank/resource/drugs/DB00669>	Sumatriptan
<http://www4.wiwiss.fu-berlin.de/drugbank/resource/drugs/DB00202>	Succinylcholine
<http://www4.wiwiss.fu-berlin.de/drugbank/resource/drugs/DB00603>	Medroxyprogesterone
<http://www4.wiwiss.fu-berlin.de/drugbank/resource/drugs/DB01033>	Mercaptopurine
<http://www4.wiwiss.fu-berlin.de/drugbank/resource/drugs/DB01022>	Phytonadione
<http://www4.wiwiss.fu-berlin.de/drugbank/resource/drugs/DB01082>	Streptomycin
<http://www4.wiwiss.fu-berlin.de/drugbank/resource/drugs/DB00808>	Indapamide
<http://www4.wiwiss.fu-berlin.de/drugbank/resource/drugs/DB00421>	Spironolactone
<http://www4.wiwiss.fu-berlin.de/drugbank/resource/drugs/DB00840>	Hydroxypropyl cellulose
<http://www4.wiwiss.fu-berlin.de/drugbank/resource/drugs/DB00415>	Ampicillin
<http://www4.wiwiss.fu-berlin.de/drugbank/resource/drugs/DB00356>	Chlorzoxazone
<http://www4.wiwiss.fu-berlin.de/drugbank/resource/drugs/DB00754>	Ethotoin
<http://www4.wiwiss.fu-berlin.de/drugbank/resource/drugs/DB01409>	Tiotropium
<http://www4.wiwiss.fu-berlin.de/drugbank/resource/drugs/DB01607>	Ticarcillin
<http://www4.wiwiss.fu-berlin.de/drugbank/resource/drugs/DB00626>	Bacitracin
<http://www4.wiwiss.fu-berlin.de/drugbank/resource/drugs/DB00281>	Lidocaine
<http://www4.wiwiss.fu-berlin.de/drugbank/resource/drugs/DB00478>	Rimantadine
<http://www4.wiwiss.fu-berlin.de/drugbank/resource/drugs/DB00648>	Mitotane
<http://www4.wiwiss.fu-berlin.de/drugbank/resource/drugs/DB00854>	Levorphanol
<http://www4.wiwiss.fu-berlin.de/drugbank/resource/drugs/DB00622>	Nicardipine
<http://www4.wiwiss.fu-berlin.de/drugbank/resource/drugs/DB00280>	Disopyramide
<http://www4.wiwiss.fu-berlin.de/drugbank/resource/drugs/DB00031>	Tenecteplase
<http://www4.wiwiss.fu-berlin.de/drugbank/resource/drugs/DB00364>	Sucralfate
<http://www4.wiwiss.fu-berlin.de/drugbank/resource/drugs/DB01367>	Rasagiline
<http://www4.wiwiss.fu-berlin.de/drugbank/resource/drugs/DB01390>	Sodium bicarbonate
<http://www4.wiwiss.fu-berlin.de/drugbank/resource/drugs/DB00688>	Mycophenolate mofetil
<http://www4.wiwiss.fu-berlin.de/drugbank/resource/drugs/DB00358>	Mefloquine
<http://www4.wiwiss.fu-berlin.de/drugbank/resource/drugs/DB00457>	Prazosin
<http://www4.wiwiss.fu-berlin.de/drugbank/resource/drugs/DB00938>	Salmeterol
<http://www4.wiwiss.fu-berlin.de/drugbank/resource/drugs/DB00073>	Rituximab
<http://www4.wiwiss.fu-berlin.de/drugbank/resource/drugs/DB00860>	Prednisolone
<http://www4.wiwiss.fu-berlin.de/drugbank/resource/drugs/DB00762>	Irinotecan
<http://www4.wiwiss.fu-berlin.de/drugbank/resource/drugs/DB01129>	Rabeprazole
<http://www4.wiwiss.fu-berlin.de/drugbank/resource/drugs/DB01143>	Amifostine
<http://www4.wiwiss.fu-berlin.de/drugbank/resource/drugs/DB00283>	Clemastine
<http://www4.wiwiss.fu-berlin.de/drugbank/resource/drugs/DB00519>	Trandolapril
<http://www4.wiwiss.fu-berlin.de/drugbank/resource/drugs/DB00553>	Methoxsalen
<http://www4.wiwiss.fu-berlin.de/drugbank/resource/drugs/DB00450>	Droperidol
<http://www4.wiwiss.fu-berlin.de/drugbank/resource/drugs/DB04711>	Iodipamide
<http://www4.wiwiss.fu-berlin.de/drugbank/resource/drugs/DB00995>	Auranofin
<http://www4.wiwiss.fu-berlin.de/drugbank/resource/drugs/DB00548>	Azelaic Acid
<http://www4.wiwiss.fu-berlin.de/drugbank/resource/drugs/DB00863>	Ranitidine
<http://www4.wiwiss.fu-berlin.de/drugbank/resource/drugs/DB03255>	Phenol
<http://www4.wiwiss.fu-berlin.de/drugbank/resource/drugs/DB01415>	Ceftibuten
<http://www4.wiwiss.fu-berlin.de/drugbank/resource/drugs/DB01238>	Aripiprazole
<http://www4.wiwiss.fu-berlin.de/drugbank/resource/drugs/DB00496>	Darifenacin
<http://www4.wiwiss.fu-berlin.de/drugbank/resource/drugs/DB00259>	Sulfanilamide
<http://www4.wiwiss.fu-berlin.de/drugbank/resource/drugs/DB00506>	Norgestrel
<http://www4.wiwiss.fu-berlin.de/drugbank/resource/drugs/DB00705>	Delavirdine
<http://www4.wiwiss.fu-berlin.de/drugbank/resource/drugs/DB00140>	Riboflavin
<http://www4.wiwiss.fu-berlin.de/drugbank/resource/drugs/DB00850>	Perphenazine
<http://www4.wiwiss.fu-berlin.de/drugbank/resource/drugs/DB00235>	Milrinone
<http://www4.wiwiss.fu-berlin.de/drugbank/resource/drugs/DB00876>	Eprosartan
<http://www4.wiwiss.fu-berlin.de/drugbank/resource/drugs/DB00898>	Ethanol
<http://www4.wiwiss.fu-berlin.de/drugbank/resource/drugs/DB00953>	Rizatriptan
<http://www4.wiwiss.fu-berlin.de/drugbank/resource/drugs/DB00376>	Trihexyphenidyl
<http://www4.wiwiss.fu-berlin.de/drugbank/resource/drugs/DB00387>	Procyclidine
<http://www4.wiwiss.fu-berlin.de/drugbank/resource/drugs/DB01179>	Podofilox
<http://www4.wiwiss.fu-berlin.de/drugbank/resource/drugs/DB00273>	Topiramate
<http://www4.wiwiss.fu-berlin.de/drugbank/resource/drugs/DB00497>	Oxycodone
<http://www4.wiwiss.fu-berlin.de/drugbank/resource/drugs/DB01601>	Lopinavir
<http://www4.wiwiss.fu-berlin.de/drugbank/resource/drugs/DB00732>	Atracurium
<http://www4.wiwiss.fu-berlin.de/drugbank/resource/drugs/DB00485>	Dicloxacillin
<http://www4.wiwiss.fu-berlin.de/drugbank/resource/drugs/DB00190>	Carbidopa
<http://www4.wiwiss.fu-berlin.de/drugbank/resource/drugs/DB04272>	Citric Acid
<http://www4.wiwiss.fu-berlin.de/drugbank/resource/drugs/DB01013>	Clobetasol
<http://www4.wiwiss.fu-berlin.de/drugbank/resource/drugs/DB01110>	Miconazole
<http://www4.wiwiss.fu-berlin.de/drugbank/resource/drugs/DB00844>	Nalbuphine
<http://www4.wiwiss.fu-berlin.de/drugbank/resource/drugs/DB00435>	Nitric Oxide
<http://www4.wiwiss.fu-berlin.de/drugbank/resource/drugs/DB00243>	Ranolazine
<http://www4.wiwiss.fu-berlin.de/drugbank/resource/drugs/DB00703>	Methazolamide
<http://www4.wiwiss.fu-berlin.de/drugbank/resource/drugs/DB01132>	Pioglitazone
<http://www4.wiwiss.fu-berlin.de/drugbank/resource/drugs/DB00066>	Follitropin beta
<http://www4.wiwiss.fu-berlin.de/drugbank/resource/drugs/DB04572>	Thiotepa
<http://www4.wiwiss.fu-berlin.de/drugbank/resource/drugs/DB00357>	Aminoglutethimide
<http://www4.wiwiss.fu-berlin.de/drugbank/resource/drugs/DB00223>	Diflorasone
<http://www4.wiwiss.fu-berlin.de/drugbank/resource/drugs/DB00520>	Caspofungin
<http://www4.wiwiss.fu-berlin.de/drugbank/resource/drugs/DB01210>	Levobunolol
<http://www4.wiwiss.fu-berlin.de/drugbank/resource/drugs/DB01223>	Aminophylline
<http://www4.wiwiss.fu-berlin.de/drugbank/resource/drugs/DB00951>	Isoniazid
<http://www4.wiwiss.fu-berlin.de/drugbank/resource/drugs/DB00722>	Lisinopril
<http://www4.wiwiss.fu-berlin.de/drugbank/resource/drugs/DB00814>	Meloxicam
<http://www4.wiwiss.fu-berlin.de/drugbank/resource/drugs/DB01421>	Paromomycin
<http://www4.wiwiss.fu-berlin.de/drugbank/resource/drugs/DB01611>	Hydroxychloroquine
<http://www4.wiwiss.fu-berlin.de/drugbank/resource/drugs/DB01185>	Fluoxymesterone
<http://www4.wiwiss.fu-berlin.de/drugbank/resource/drugs/DB01164>	Calcium Chloride
<http://www4.wiwiss.fu-berlin.de/drugbank/resource/drugs/DB00355>	Aztreonam
<http://www4.wiwiss.fu-berlin.de/drugbank/resource/drugs/DB00215>	Citalopram
<http://www4.wiwiss.fu-berlin.de/drugbank/resource/drugs/DB00061>	Pegademase bovine
<http://www4.wiwiss.fu-berlin.de/drugbank/resource/drugs/DB01577>	Methamphetamine
<http://www4.wiwiss.fu-berlin.de/drugbank/resource/drugs/DB00708>	Sufentanil
<http://www4.wiwiss.fu-berlin.de/drugbank/resource/drugs/DB00982>	Isotretinoin
<http://www4.wiwiss.fu-berlin.de/drugbank/resource/drugs/DB04398>	Lactic Acid
<http://www4.wiwiss.fu-berlin.de/drugbank/resource/drugs/DB03864>	Monothioglycerol
<http://www4.wiwiss.fu-berlin.de/drugbank/resource/drugs/DB00788>	Naproxen
<http://www4.wiwiss.fu-berlin.de/drugbank/resource/drugs/DB03193>	Stearic acid
<http://www4.wiwiss.fu-berlin.de/drugbank/resource/drugs/DB00136>	Calcitriol
<http://www4.wiwiss.fu-berlin.de/drugbank/resource/drugs/DB01182>	Propafenone
<http://www4.wiwiss.fu-berlin.de/drugbank/resource/drugs/DB00472>	Fluoxetine
<http://www4.wiwiss.fu-berlin.de/drugbank/resource/drugs/DB01320>	Fosphenytoin
<http://www4.wiwiss.fu-berlin.de/drugbank/resource/drugs/DB00307>	Bexarotene
<http://www4.wiwiss.fu-berlin.de/drugbank/resource/drugs/DB00561>	Doxapram
<http://www4.wiwiss.fu-berlin.de/drugbank/resource/drugs/DB00742>	Mannitol
<http://www4.wiwiss.fu-berlin.de/drugbank/resource/drugs/DB00857>	Terbinafine
<http://www4.wiwiss.fu-berlin.de/drugbank/resource/drugs/DB01390>	Sodium bicarbonate
<http://www4.wiwiss.fu-berlin.de/drugbank/resource/drugs/DB00107>	Oxytocin
<http://www4.wiwiss.fu-berlin.de/drugbank/resource/drugs/DB01060>	Amoxicillin
<http://www4.wiwiss.fu-berlin.de/drugbank/resource/drugs/DB00727>	Nitroglycerin
<http://www4.wiwiss.fu-berlin.de/drugbank/resource/drugs/DB00758>	Clopidogrel
<http://www4.wiwiss.fu-berlin.de/drugbank/resource/drugs/DB03994>	Ethanolamine
<http://www4.wiwiss.fu-berlin.de/drugbank/resource/drugs/DB00646>	Nystatin
<http://www4.wiwiss.fu-berlin.de/drugbank/resource/drugs/DB01329>	Cefoperazone
<http://www4.wiwiss.fu-berlin.de/drugbank/resource/drugs/DB00595>	Oxytetracycline
<http://www4.wiwiss.fu-berlin.de/drugbank/resource/drugs/DB01413>	Cefepime
<http://www4.wiwiss.fu-berlin.de/drugbank/resource/drugs/DB00330>	Ethambutol
<http://www4.wiwiss.fu-berlin.de/drugbank/resource/drugs/DB01045>	Rifampin
<http://www4.wiwiss.fu-berlin.de/drugbank/resource/drugs/DB00799>	Tazarotene
<http://www4.wiwiss.fu-berlin.de/drugbank/resource/drugs/DB00909>	Zonisamide
<http://www4.wiwiss.fu-berlin.de/drugbank/resource/drugs/DB00618>	Demeclocycline
<http://www4.wiwiss.fu-berlin.de/drugbank/resource/drugs/DB00412>	Rosiglitazone
<http://www4.wiwiss.fu-berlin.de/drugbank/resource/drugs/DB00593>	Ethosuximide
<http://www4.wiwiss.fu-berlin.de/drugbank/resource/drugs/DB00933>	Mesoridazine
<http://www4.wiwiss.fu-berlin.de/drugbank/resource/drugs/DB00492>	Fosinopril
<http://www4.wiwiss.fu-berlin.de/drugbank/resource/drugs/DB00177>	Valsartan
<http://www4.wiwiss.fu-berlin.de/drugbank/resource/drugs/DB00707>	Porfimer
<http://www4.wiwiss.fu-berlin.de/drugbank/resource/drugs/DB00539>	Toremifene
<http://www4.wiwiss.fu-berlin.de/drugbank/resource/drugs/DB00721>	Procaine
<http://www4.wiwiss.fu-berlin.de/drugbank/resource/drugs/DB01136>	Carvedilol
<http://www4.wiwiss.fu-berlin.de/drugbank/resource/drugs/DB04299>	Maleic Acid
<http://www4.wiwiss.fu-berlin.de/drugbank/resource/drugs/DB01269>	Panitumumab
<http://www4.wiwiss.fu-berlin.de/drugbank/resource/drugs/DB01579>	Phendimetrazine
<http://www4.wiwiss.fu-berlin.de/drugbank/resource/drugs/DB00186>	Lorazepam
<http://www4.wiwiss.fu-berlin.de/drugbank/resource/drugs/DB00490>	Buspirone
<http://www4.wiwiss.fu-berlin.de/drugbank/resource/drugs/DB00736>	Esomeprazole
<http://www4.wiwiss.fu-berlin.de/drugbank/resource/drugs/DB01119>	Diazoxide
<http://www4.wiwiss.fu-berlin.de/drugbank/resource/drugs/DB01212>	Ceftriaxone
<http://www4.wiwiss.fu-berlin.de/drugbank/resource/drugs/DB00344>	Protriptyline
<http://www4.wiwiss.fu-berlin.de/drugbank/resource/drugs/DB03793>	Benzoic Acid
<http://www4.wiwiss.fu-berlin.de/drugbank/resource/drugs/DB01012>	Cinacalcet
<http://www4.wiwiss.fu-berlin.de/drugbank/resource/drugs/DB01087>	Primaquine
<http://www4.wiwiss.fu-berlin.de/drugbank/resource/drugs/DB01059>	Norfloxacin
<http://www4.wiwiss.fu-berlin.de/drugbank/resource/drugs/DB00757>	Dolasetron
<http://www4.wiwiss.fu-berlin.de/drugbank/resource/drugs/DB00652>	Pentazocine
<http://www4.wiwiss.fu-berlin.de/drugbank/resource/drugs/DB00458>	Imipramine
<http://www4.wiwiss.fu-berlin.de/drugbank/resource/drugs/DB00432>	Trifluridine
<http://www4.wiwiss.fu-berlin.de/drugbank/resource/drugs/DB04272>	Citric Acid
<http://www4.wiwiss.fu-berlin.de/drugbank/resource/drugs/DB00804>	Dicyclomine
<http://www4.wiwiss.fu-berlin.de/drugbank/resource/drugs/DB04224>	Oleic Acid
<http://www4.wiwiss.fu-berlin.de/drugbank/resource/drugs/DB00760>	Meropenem
<http://www4.wiwiss.fu-berlin.de/drugbank/resource/drugs/DB00195>	Betaxolol
<http://www4.wiwiss.fu-berlin.de/drugbank/resource/drugs/DB00292>	Etomidate
<http://www4.wiwiss.fu-berlin.de/drugbank/resource/drugs/DB01030>	Topotecan
<http://www4.wiwiss.fu-berlin.de/drugbank/resource/drugs/DB00547>	Desoximetasone
<http://www4.wiwiss.fu-berlin.de/drugbank/resource/drugs/DB00974>	Edetic Acid
<http://www4.wiwiss.fu-berlin.de/drugbank/resource/drugs/DB00831>	Trifluoperazine
<http://www4.wiwiss.fu-berlin.de/drugbank/resource/drugs/DB00314>	Capreomycin
<http://www4.wiwiss.fu-berlin.de/drugbank/resource/drugs/DB00035>	Desmopressin
<http://www4.wiwiss.fu-berlin.de/drugbank/resource/drugs/DB01247>	Isocarboxazid
<http://www4.wiwiss.fu-berlin.de/drugbank/resource/drugs/DB03166>	Acetic Acid
<http://www4.wiwiss.fu-berlin.de/drugbank/resource/drugs/DB00601>	Linezolid
<http://www4.wiwiss.fu-berlin.de/drugbank/resource/drugs/DB01081>	Diphenoxylate
<http://www4.wiwiss.fu-berlin.de/drugbank/resource/drugs/DB00091>	Cyclosporine
<http://www4.wiwiss.fu-berlin.de/drugbank/resource/drugs/DB02731>	Thimerosal
<http://www4.wiwiss.fu-berlin.de/drugbank/resource/drugs/DB00927>	Famotidine
<http://www4.wiwiss.fu-berlin.de/drugbank/resource/drugs/DB00287>	Travoprost
<http://www4.wiwiss.fu-berlin.de/drugbank/resource/drugs/DB00422>	Methylphenidate
<http://www4.wiwiss.fu-berlin.de/drugbank/resource/drugs/DB01072>	Atazanavir
<http://www4.wiwiss.fu-berlin.de/drugbank/resource/drugs/DB01020>	Isosorbide Mononitrate
<http://www4.wiwiss.fu-berlin.de/drugbank/resource/drugs/DB05260>	Gallium nitrate
<http://www4.wiwiss.fu-berlin.de/drugbank/resource/drugs/DB01233>	Metoclopramide
<http://www4.wiwiss.fu-berlin.de/drugbank/resource/drugs/DB00798>	Gentamicin
<http://www4.wiwiss.fu-berlin.de/drugbank/resource/drugs/DB00346>	Alfuzosin
<http://www4.wiwiss.fu-berlin.de/drugbank/resource/drugs/DB00957>	Norgestimate
<http://www4.wiwiss.fu-berlin.de/drugbank/resource/drugs/DB00248>	Cabergoline
<http://www4.wiwiss.fu-berlin.de/drugbank/resource/drugs/DB00963>	Bromfenac
<http://www4.wiwiss.fu-berlin.de/drugbank/resource/drugs/DB01011>	Metyrapone
<http://www4.wiwiss.fu-berlin.de/drugbank/resource/drugs/DB01097>	Leflunomide
<http://www4.wiwiss.fu-berlin.de/drugbank/resource/drugs/DB00104>	Octreotide
<http://www4.wiwiss.fu-berlin.de/drugbank/resource/drugs/DB00668>	Epinephrine
<http://www4.wiwiss.fu-berlin.de/drugbank/resource/drugs/DB03193>	Stearic acid
<http://www4.wiwiss.fu-berlin.de/drugbank/resource/drugs/DB00988>	Dopamine
<http://www4.wiwiss.fu-berlin.de/drugbank/resource/drugs/DB01148>	Flavoxate
<http://www4.wiwiss.fu-berlin.de/drugbank/resource/drugs/DB00693>	Fluorescein
<http://www4.wiwiss.fu-berlin.de/drugbank/resource/drugs/DB01204>	Mitoxantrone
<http://www4.wiwiss.fu-berlin.de/drugbank/resource/drugs/DB01193>	Acebutolol
<http://www4.wiwiss.fu-berlin.de/drugbank/resource/drugs/DB00911>	Tinidazole
<http://www4.wiwiss.fu-berlin.de/drugbank/resource/drugs/DB00188>	Bortezomib
<http://www4.wiwiss.fu-berlin.de/drugbank/resource/drugs/DB04398>	Lactic Acid
<http://www4.wiwiss.fu-berlin.de/drugbank/resource/drugs/DB00735>	Naftifine
<http://www4.wiwiss.fu-berlin.de/drugbank/resource/drugs/DB00404>	Alprazolam
<http://www4.wiwiss.fu-berlin.de/drugbank/resource/drugs/DB00072>	Trastuzumab
<http://www4.wiwiss.fu-berlin.de/drugbank/resource/drugs/DB00471>	Montelukast
<http://www4.wiwiss.fu-berlin.de/drugbank/resource/drugs/DB05259>	Glatiramer Acetate
<http://www4.wiwiss.fu-berlin.de/drugbank/resource/drugs/DB00759>	Tetracycline
<http://www4.wiwiss.fu-berlin.de/drugbank/resource/drugs/DB00454>	Meperidine
<http://www4.wiwiss.fu-berlin.de/drugbank/resource/drugs/DB00224>	Indinavir
<http://www4.wiwiss.fu-berlin.de/drugbank/resource/drugs/DB00241>	Butalbital
<http://www4.wiwiss.fu-berlin.de/drugbank/resource/drugs/DB00434>	Cyproheptadine
<http://www4.wiwiss.fu-berlin.de/drugbank/resource/drugs/DB00621>	Oxandrolone
<http://www4.wiwiss.fu-berlin.de/drugbank/resource/drugs/DB00379>	Mexiletine
<http://www4.wiwiss.fu-berlin.de/drugbank/resource/drugs/DB00468>	Quinine
<http://www4.wiwiss.fu-berlin.de/drugbank/resource/drugs/DB00438>	Ceftazidime
<http://www4.wiwiss.fu-berlin.de/drugbank/resource/drugs/DB00825>	Menthol
<http://www4.wiwiss.fu-berlin.de/drugbank/resource/drugs/DB00512>	Vancomycin
<http://www4.wiwiss.fu-berlin.de/drugbank/resource/drugs/DB00193>	Tramadol
<http://www4.wiwiss.fu-berlin.de/drugbank/resource/drugs/DB00779>	Nalidixic Acid
<http://www4.wiwiss.fu-berlin.de/drugbank/resource/drugs/DB04398>	Lactic Acid
<http://www4.wiwiss.fu-berlin.de/drugbank/resource/drugs/DB00564>	Carbamazepine
<http://www4.wiwiss.fu-berlin.de/drugbank/resource/drugs/DB01232>	Saquinavir
<http://www4.wiwiss.fu-berlin.de/drugbank/resource/drugs/DB00239>	Oxiconazole
<http://www4.wiwiss.fu-berlin.de/drugbank/resource/drugs/DB00795>	Sulfasalazine
<http://www4.wiwiss.fu-berlin.de/drugbank/resource/drugs/DB00464>	Sodium Tetradecyl Sulfate
<http://www4.wiwiss.fu-berlin.de/drugbank/resource/drugs/DB01115>	Nifedipine
<http://www4.wiwiss.fu-berlin.de/drugbank/resource/drugs/DB00550>	Propylthiouracil
<http://www4.wiwiss.fu-berlin.de/drugbank/resource/drugs/DB01213>	Fomepizole
<http://www4.wiwiss.fu-berlin.de/drugbank/resource/drugs/DB01164>	Calcium Chloride
<http://www4.wiwiss.fu-berlin.de/drugbank/resource/drugs/DB01378>	Magnesium
<http://www4.wiwiss.fu-berlin.de/drugbank/resource/drugs/DB01591>	Solifenacin
<http://www4.wiwiss.fu-berlin.de/drugbank/resource/drugs/DB00542>	Benazepril
<http://www4.wiwiss.fu-berlin.de/drugbank/resource/drugs/DB00794>	Primidone
<http://www4.wiwiss.fu-berlin.de/drugbank/resource/drugs/DB00781>	Polymyxin B Sulfate
<http://www4.wiwiss.fu-berlin.de/drugbank/resource/drugs/DB00730>	Thiabendazole
<http://www4.wiwiss.fu-berlin.de/drugbank/resource/drugs/DB00822>	Disulfiram
<http://www4.wiwiss.fu-berlin.de/drugbank/resource/drugs/DB00784>	Mefenamic acid
<http://www4.wiwiss.fu-berlin.de/drugbank/resource/drugs/DB00919>	Spectinomycin
<http://www4.wiwiss.fu-berlin.de/drugbank/resource/drugs/DB06285>	Teriparatide
<http://www4.wiwiss.fu-berlin.de/drugbank/resource/drugs/DB00291>	Chlorambucil
<http://www4.wiwiss.fu-berlin.de/drugbank/resource/drugs/DB00906>	Tiagabine
<http://www4.wiwiss.fu-berlin.de/drugbank/resource/drugs/DB00303>	Ertapenem
<http://www4.wiwiss.fu-berlin.de/drugbank/resource/drugs/DB00536>	Guanidine
<http://www4.wiwiss.fu-berlin.de/drugbank/resource/drugs/DB00160>	L-Alanine
<http://www4.wiwiss.fu-berlin.de/drugbank/resource/drugs/DB04224>	Oleic Acid
<http://www4.wiwiss.fu-berlin.de/drugbank/resource/drugs/DB01201>	Rifapentine
<http://www4.wiwiss.fu-berlin.de/drugbank/resource/drugs/DB00258>	Calcium Acetate
<http://www4.wiwiss.fu-berlin.de/drugbank/resource/drugs/DB04844>	Tetrabenazine
<http://www4.wiwiss.fu-berlin.de/drugbank/resource/drugs/DB00380>	Dexrazoxane
<http://www4.wiwiss.fu-berlin.de/drugbank/resource/drugs/DB04465>	Lactose
<http://www4.wiwiss.fu-berlin.de/drugbank/resource/drugs/DB00796>	Candesartan
<http://www4.wiwiss.fu-berlin.de/drugbank/resource/drugs/DB01248>	Docetaxel
<http://www4.wiwiss.fu-berlin.de/drugbank/resource/drugs/DB01291>	Pirbuterol
<http://www4.wiwiss.fu-berlin.de/drugbank/resource/drugs/DB01345>	Potassium
<http://www4.wiwiss.fu-berlin.de/drugbank/resource/drugs/DB02579>	Acrylic Acid
<http://www4.wiwiss.fu-berlin.de/drugbank/resource/drugs/DB01230>	Pemoline
<http://www4.wiwiss.fu-berlin.de/drugbank/resource/drugs/DB00023>	Asparaginase
<http://www4.wiwiss.fu-berlin.de/drugbank/resource/drugs/DB01265>	Telbivudine
<http://www4.wiwiss.fu-berlin.de/drugbank/resource/drugs/DB00883>	Isosorbide Dinitrate
<http://www4.wiwiss.fu-berlin.de/drugbank/resource/drugs/DB00924>	Cyclobenzaprine
<http://www4.wiwiss.fu-berlin.de/drugbank/resource/drugs/DB00541>	Vincristine
<http://www4.wiwiss.fu-berlin.de/drugbank/resource/drugs/DB00979>	Cyclopentolate
<http://www4.wiwiss.fu-berlin.de/drugbank/resource/drugs/DB00231>	Temazepam
<http://www4.wiwiss.fu-berlin.de/drugbank/resource/drugs/DB01127>	Econazole
<http://www4.wiwiss.fu-berlin.de/drugbank/resource/drugs/DB00185>	Cevimeline
<http://www4.wiwiss.fu-berlin.de/drugbank/resource/drugs/DB00245>	Benztropine
<http://www4.wiwiss.fu-berlin.de/drugbank/resource/drugs/DB00698>	Nitrofurantoin
<http://www4.wiwiss.fu-berlin.de/drugbank/resource/drugs/DB00400>	Griseofulvin
<http://www4.wiwiss.fu-berlin.de/drugbank/resource/drugs/DB01029>	Irbesartan
<http://www4.wiwiss.fu-berlin.de/drugbank/resource/drugs/DB00920>	Ketotifen
<http://www4.wiwiss.fu-berlin.de/drugbank/resource/drugs/DB00428>	Streptozocin
