ID,http://www.okkam.org/ontology_person1.owl#surname,http://www.okkam.org/ontology_person1.owl#soc_sec_id,http://www.okkam.org/ontology_person1.owl#phone_numer,http://www.okkam.org/ontology_person1.owl#has_address,http://www.okkam.org/ontology_person1.owl#date_of_birth,http://www.okkam.org/ontology_person1.owl#given_name,http://www.okkam.org/ontology_person1.owl#age
http://www.okkam.org/oaie/person1-Person2190,ciccarello,9084426,08 49011134,http://www.okkam.org/oaie/person1-address2190,,catherine,32
http://www.okkam.org/oaie/person1-Person5570,brownwood,2866517,04 79533836,http://www.okkam.org/oaie/person1-address5570,19820107,alexandra,23
http://www.okkam.org/oaie/person1-Person3320,dempsey,6844197,03 44299403,http://www.okkam.org/oaie/person1-address3320,19860726,justin,
http://www.okkam.org/oaie/person1-Person4970,papadopoulos,8085569,03 39811308,http://www.okkam.org/oaie/person1-address4970,19880629,kate,30
http://www.okkam.org/oaie/person1-Person3440,bowden,2136243,03 83303200,http://www.okkam.org/oaie/person1-address3440,19070310,angelica,
http://www.okkam.org/oaie/person1-Person3960,hampton,7314079,02 24822131,http://www.okkam.org/oaie/person1-address3960,19751220,tayah,22
http://www.okkam.org/oaie/person1-Person3820,krieg,8361906,03 98144804,http://www.okkam.org/oaie/person1-address3820,19010329,alana,
http://www.okkam.org/oaie/person1-Person4820,beaglehole,5965585,04 06424714,http://www.okkam.org/oaie/person1-address4820,19861022,jake,35
http://www.okkam.org/oaie/person1-Person3220,forster,8881164,08 52784833,http://www.okkam.org/oaie/person1-address3220,19360409,blaize,27
http://www.okkam.org/oaie/person1-Person3580,whittle,8669648,02 81281746,http://www.okkam.org/oaie/person1-address3580,19210114,taylah,32
http://www.okkam.org/oaie/person1-Person5470,clarke,9356606,07 36149736,http://www.okkam.org/oaie/person1-address5470,,mitchell,33
http://www.okkam.org/oaie/person1-Person3020,jolley,2736025,04 91389478,http://www.okkam.org/oaie/person1-address3020,19811005,bayley,
http://www.okkam.org/oaie/person1-Person2950,kaines,6304287,03 04125338,http://www.okkam.org/oaie/person1-address2950,19670429,joshua,30
http://www.okkam.org/oaie/person1-Person5370,james,1531711,08 82515216,http://www.okkam.org/oaie/person1-address5370,19880516,amy,25
http://www.okkam.org/oaie/person1-Person3120,rennell,4207865,04 75382509,http://www.okkam.org/oaie/person1-address3120,19221007,mackenzie,39
http://www.okkam.org/oaie/person1-Person5270,oliver,8091813,02 60025365,http://www.okkam.org/oaie/person1-address5270,19001122,samuel,30
http://www.okkam.org/oaie/person1-Person2810,hall,2132212,02 80672052,http://www.okkam.org/oaie/person1-address2810,19530907,talan,28
http://www.okkam.org/oaie/person1-Person3970,miller,3508486,03 34117034,http://www.okkam.org/oaie/person1-address3970,19601130,brigette,34
http://www.okkam.org/oaie/person1-Person3310,wyatt,2985524,08 71371972,http://www.okkam.org/oaie/person1-address3310,,owen,32
http://www.okkam.org/oaie/person1-Person2180,martin,3124829,07 22051449,http://www.okkam.org/oaie/person1-address2180,19430907,shane,20
http://www.okkam.org/oaie/person1-Person5580,doecke,4868786,02 16714217,http://www.okkam.org/oaie/person1-address5580,19371129,mikayla,29
http://www.okkam.org/oaie/person1-Person5480,terry,1088922,02 75263377,http://www.okkam.org/oaie/person1-address5480,19050120,tiana,31
http://www.okkam.org/oaie/person1-Person3430,johnson,2325653,03 84977624,http://www.okkam.org/oaie/person1-address3430,19920326,chevonne,
http://www.okkam.org/oaie/person1-Person4960,noye,5336585,02 75629343,http://www.okkam.org/oaie/person1-address4960,19571102,william,30
http://www.okkam.org/oaie/person1-Person3830,edwards,7846017,03 59485988,http://www.okkam.org/oaie/person1-address3830,19020823,jaimee,27
http://www.okkam.org/oaie/person1-Person3570,tran,8157886,07 39382823,http://www.okkam.org/oaie/person1-address3570,19441212,madison,25
http://www.okkam.org/oaie/person1-Person3210,flemming,3588292,04 78877909,http://www.okkam.org/oaie/person1-address3210,19860516,bailee,
http://www.okkam.org/oaie/person1-Person4810,beaumont,2332597,03 37727632,http://www.okkam.org/oaie/person1-address4810,,alexander,29
http://www.okkam.org/oaie/person1-Person2960,nguyen,6019921,07 87011370,http://www.okkam.org/oaie/person1-address2960,19790914,michael,22
http://www.okkam.org/oaie/person1-Person3010,mortimer,8904216,08 07077134,http://www.okkam.org/oaie/person1-address3010,19500502,max,31
http://www.okkam.org/oaie/person1-Person5380,dodd,5799354,08 77895128,http://www.okkam.org/oaie/person1-address5380,,riley,
http://www.okkam.org/oaie/person1-Person3980,luxton,6661945,03 79479192,http://www.okkam.org/oaie/person1-address3980,19700627,lachlan,
http://www.okkam.org/oaie/person1-Person5280,webb,6314773,07 52425705,http://www.okkam.org/oaie/person1-address5280,19760529,brooke,
http://www.okkam.org/oaie/person1-Person4950,ward,4692763,02 65858457,http://www.okkam.org/oaie/person1-address4950,19601206,callum,21
http://www.okkam.org/oaie/person1-Person3110,robinson,2850698,04 71280724,http://www.okkam.org/oaie/person1-address3110,19551213,tara,
http://www.okkam.org/oaie/person1-Person2820,walters,2827811,03 18215712,http://www.okkam.org/oaie/person1-address2820,19840611,matthew,26
http://www.okkam.org/oaie/person1-Person3300,anderson,3407217,07 12505516,http://www.okkam.org/oaie/person1-address3300,19721017,jesse,31
http://www.okkam.org/oaie/person1-Person4990,noom,2481975,07 50374137,http://www.okkam.org/oaie/person1-address4990,19260509,ethan,24
http://www.okkam.org/oaie/person1-Person3940,mann,2737877,03 98977329,http://www.okkam.org/oaie/person1-address3940,,bailey,29
http://www.okkam.org/oaie/person1-Person4700,clapp,7653301,04 03878919,http://www.okkam.org/oaie/person1-address4700,19160830,jayden,29
http://www.okkam.org/oaie/person1-Person3340,breen,6919969,08 21204165,http://www.okkam.org/oaie/person1-address3340,19760828,chloe,35
http://www.okkam.org/oaie/person1-Person3460,panetta,9342044,02 36702205,http://www.okkam.org/oaie/person1-address3460,19150919,samantha,
http://www.okkam.org/oaie/person1-Person5590,black,1593864,02 24689617,http://www.okkam.org/oaie/person1-address5590,19780102,melanie,31
http://www.okkam.org/oaie/person1-Person5450,anderson,2552627,03 53184141,http://www.okkam.org/oaie/person1-address5450,19090813,laura,26
http://www.okkam.org/oaie/person1-Person3200,selth,4866172,08 94782852,http://www.okkam.org/oaie/person1-address3200,19080214,molly,24
http://www.okkam.org/oaie/person1-Person3840,greenwood,7543837,04 55077405,http://www.okkam.org/oaie/person1-address3840,19920729,lachlan,34
http://www.okkam.org/oaie/person1-Person3560,mercer,1782661,02 64138587,http://www.okkam.org/oaie/person1-address3560,19390502,mia,35
http://www.okkam.org/oaie/person1-Person4800,nuske,1057728,07 28757728,http://www.okkam.org/oaie/person1-address4800,19740630,thomas,31
http://www.okkam.org/oaie/person1-Person2980,rathbone,3849785,04 25453248,http://www.okkam.org/oaie/person1-address2980,19191123,william,24
http://www.okkam.org/oaie/person1-Person3000,pellicone,7283974,02 59282571,http://www.okkam.org/oaie/person1-address3000,19971101,shelby,36
http://www.okkam.org/oaie/person1-Person2970,feher,4992699,04 60557719,http://www.okkam.org/oaie/person1-address2970,19520603,mitchell,22
http://www.okkam.org/oaie/person1-Person2930,johnson,1401954,04 46740679,http://www.okkam.org/oaie/person1-address2930,19660305,jye,
http://www.okkam.org/oaie/person1-Person5250,trimmer,1544712,02 42850177,http://www.okkam.org/oaie/person1-address5250,19760330,thomas,
http://www.okkam.org/oaie/person1-Person5390,arnel,1935012,08 94410052,http://www.okkam.org/oaie/person1-address5390,,taliah,31
http://www.okkam.org/oaie/person1-Person3140,mcmillan,7352574,07 07784899,http://www.okkam.org/oaie/person1-address3140,19460825,seth,
http://www.okkam.org/oaie/person1-Person2830,sands,3917251,04 13895341,http://www.okkam.org/oaie/person1-address2830,19220906,erin,23
http://www.okkam.org/oaie/person1-Person4980,richardson-horn,5923704,08 09673563,http://www.okkam.org/oaie/person1-address4980,19600401,quinn,26
http://www.okkam.org/oaie/person1-Person3950,gill,7204663,07 76846984,http://www.okkam.org/oaie/person1-address3950,,jessica,33
http://www.okkam.org/oaie/person1-Person3450,scrivener,6132526,08 18390123,http://www.okkam.org/oaie/person1-address3450,19840108,joshua,29
http://www.okkam.org/oaie/person1-Person3330,schultz,5924784,04 39033345,http://www.okkam.org/oaie/person1-address3330,19330829,harrison,
http://www.okkam.org/oaie/person1-Person5460,edwards,6421132,04 77447589,http://www.okkam.org/oaie/person1-address5460,19410217,zebediah,25
http://www.okkam.org/oaie/person1-Person2990,newton,8615441,07 84968581,http://www.okkam.org/oaie/person1-address2990,19650913,jake,28
http://www.okkam.org/oaie/person1-Person3550,williams,5528960,03 94361789,http://www.okkam.org/oaie/person1-address3550,19820923,jake,23
http://www.okkam.org/oaie/person1-Person3850,ruggiero,9312951,04 71691382,http://www.okkam.org/oaie/person1-address3850,,daniel,20
http://www.okkam.org/oaie/person1-Person3860,berkin,5633393,,http://www.okkam.org/oaie/person1-address3860,19850704,max,29
http://www.okkam.org/oaie/person1-Person2940,foord,8449559,02 81086338,http://www.okkam.org/oaie/person1-address2940,19831211,neneh,29
http://www.okkam.org/oaie/person1-Person2840,siow,6681202,08 49675628,http://www.okkam.org/oaie/person1-address2840,19360121,shelby,32
http://www.okkam.org/oaie/person1-Person3130,mccann,5694895,03 15961202,http://www.okkam.org/oaie/person1-address3130,19440224,harry,
http://www.okkam.org/oaie/person1-Person5260,roberts,4798780,02 69246463,http://www.okkam.org/oaie/person1-address5260,19340205,jackson,29
http://www.okkam.org/oaie/person1-Person3260,menz,7072826,02 99846928,http://www.okkam.org/oaie/person1-address3260,19710917,alexandra,36
http://www.okkam.org/oaie/person1-Person4080,koslowicz,9089611,08 02488993,http://www.okkam.org/oaie/person1-address4080,19871216,diamond,21
http://www.okkam.org/oaie/person1-Person2710,chippett,2259856,02 27796699,http://www.okkam.org/oaie/person1-address2710,19020505,meagan,28
http://www.okkam.org/oaie/person1-Person3480,webb,7509103,03 75391541,http://www.okkam.org/oaie/person1-address3480,19001113,max,34
http://www.okkam.org/oaie/person1-Person4720,nattrass,7816298,02 05452481,http://www.okkam.org/oaie/person1-address4720,,kallie,27
http://www.okkam.org/oaie/person1-Person3360,freeman,9790436,07 87377816,http://www.okkam.org/oaie/person1-address3360,19920730,lachlan-john,40
http://www.okkam.org/oaie/person1-Person5330,munday,1358004,08 29113806,http://www.okkam.org/oaie/person1-address5330,,alexandra,
http://www.okkam.org/oaie/person1-Person4920,mac kell,4545772,04 07774708,http://www.okkam.org/oaie/person1-address4920,19380314,benjamin,
http://www.okkam.org/oaie/person1-Person3680,richardson,1920972,,http://www.okkam.org/oaie/person1-address3680,19230824,charlie,36
http://www.okkam.org/oaie/person1-Person4490,mendrecki,8987759,02 93676229,http://www.okkam.org/oaie/person1-address4490,19550403,rosie,30
http://www.okkam.org/oaie/person1-Person4390,gregurke,1843975,03 52322722,http://www.okkam.org/oaie/person1-address4390,19821222,,16
http://www.okkam.org/oaie/person1-Person4870,mac gregor,4506552,02 31268683,http://www.okkam.org/oaie/person1-address4870,19320330,alexandra,24
http://www.okkam.org/oaie/person1-Person5230,lambert,9549413,08 98515575,http://www.okkam.org/oaie/person1-address5230,19290130,kai,29
http://www.okkam.org/oaie/person1-Person2910,price,5618245,04 81562195,http://www.okkam.org/oaie/person1-address2910,19431026,charli,29
http://www.okkam.org/oaie/person1-Person3870,sheehy,1990382,03 39264905,http://www.okkam.org/oaie/person1-address3870,19251125,matthew,32
http://www.okkam.org/oaie/person1-Person4090,dennis,1418075,04 02828627,http://www.okkam.org/oaie/person1-address4090,19780829,lachlan,35
http://www.okkam.org/oaie/person1-Person3250,hueppauff,1772460,07 34406511,http://www.okkam.org/oaie/person1-address3250,19660421,james,41
http://www.okkam.org/oaie/person1-Person2720,baker,9253068,08 42787650,http://www.okkam.org/oaie/person1-address2720,19030709,carly,
http://www.okkam.org/oaie/person1-Person3470,mitchell,8601704,07 61293692,http://www.okkam.org/oaie/person1-address3470,19650721,mitchell,22
http://www.okkam.org/oaie/person1-Person4710,saloukvadze,1380414,04 41328094,http://www.okkam.org/oaie/person1-address4710,19480818,zarlia,32
http://www.okkam.org/oaie/person1-Person3350,carruthers,2413046,03 59352593,http://www.okkam.org/oaie/person1-address3350,19050207,connor,28
http://www.okkam.org/oaie/person1-Person5340,matuszczak,9692163,03 74953981,http://www.okkam.org/oaie/person1-address5340,19271216,stephanie,25
http://www.okkam.org/oaie/person1-Person4910,miller,6788521,08 75426520,http://www.okkam.org/oaie/person1-address4910,19250919,jackson,23
http://www.okkam.org/oaie/person1-Person3670,sucic,2563892,08 62462398,http://www.okkam.org/oaie/person1-address3670,,mikayla,31
http://www.okkam.org/oaie/person1-Person4380,castle,2383433,02 35061601,http://www.okkam.org/oaie/person1-address4380,19821009,sylvie,
http://www.okkam.org/oaie/person1-Person4860,luckie,2118310,04 66303381,http://www.okkam.org/oaie/person1-address4860,,samuel,
http://www.okkam.org/oaie/person1-Person4480,coote,6000210,03 76728873,http://www.okkam.org/oaie/person1-address4480,,rachel,33
http://www.okkam.org/oaie/person1-Person5240,foale,5880419,07 91710883,http://www.okkam.org/oaie/person1-address5240,19720922,alivia,27
http://www.okkam.org/oaie/person1-Person3880,pilkington,8044531,07 05369478,http://www.okkam.org/oaie/person1-address3880,19861014,jayden,35
http://www.okkam.org/oaie/person1-Person2920,needs,5242098,04 10841364,http://www.okkam.org/oaie/person1-address2920,19370411,stephanie,29
http://www.okkam.org/oaie/person1-Person4840,woodcroft,9149910,08 67097838,http://www.okkam.org/oaie/person1-address4840,19190430,liam,24
http://www.okkam.org/oaie/person1-Person3240,roberts,3382407,03 07826982,http://www.okkam.org/oaie/person1-address3240,19080922,elli,
http://www.okkam.org/oaie/person1-Person3380,barnes,2433653,02 09761966,http://www.okkam.org/oaie/person1-address3380,19350928,brianna,
http://www.okkam.org/oaie/person1-Person5490,harmer,9132222,,http://www.okkam.org/oaie/person1-address5490,19611023,elise,
http://www.okkam.org/oaie/person1-Person4370,zunic,1865260,04 33845267,http://www.okkam.org/oaie/person1-address4370,19800920,thomas,
http://www.okkam.org/oaie/person1-Person4750,forrest,2366803,03 59224209,http://www.okkam.org/oaie/person1-address4750,,joshua,25
http://www.okkam.org/oaie/person1-Person3990,kourteff,5838787,07 89045196,http://www.okkam.org/oaie/person1-address3990,19011228,olivia,18
http://www.okkam.org/oaie/person1-Person5350,dennis,3938430,07 61836160,http://www.okkam.org/oaie/person1-address5350,19840503,harley,28
http://www.okkam.org/oaie/person1-Person3100,armstrong,3253505,08 67716699,http://www.okkam.org/oaie/person1-address3100,19130825,reeve,23
http://www.okkam.org/oaie/person1-Person4940,sorrentino,6958518,04 25002754,http://www.okkam.org/oaie/person1-address4940,19751027,emiily,30
http://www.okkam.org/oaie/person1-Person3890,stewart,9710059,03 83761614,http://www.okkam.org/oaie/person1-address3890,19231019,,19
http://www.okkam.org/oaie/person1-Person4850,berry,9202002,02 95371412,http://www.okkam.org/oaie/person1-address4850,19770729,lauren,34
http://www.okkam.org/oaie/person1-Person5210,drummond,9532530,07 52451582,http://www.okkam.org/oaie/person1-address5210,19390520,charlotte,33
http://www.okkam.org/oaie/person1-Person4830,honner,4960898,,http://www.okkam.org/oaie/person1-address4830,19550904,harry,24
http://www.okkam.org/oaie/person1-Person3230,winburn,9325905,04 24330911,http://www.okkam.org/oaie/person1-address3230,19081012,emiily,22
http://www.okkam.org/oaie/person1-Person2700,parr,5695318,04 95898138,http://www.okkam.org/oaie/person1-address2700,19050613,matthew,31
http://www.okkam.org/oaie/person1-Person3590,beck,8245153,02 29304181,http://www.okkam.org/oaie/person1-address3590,19311020,emiily,29
http://www.okkam.org/oaie/person1-Person3370,coupe,9762585,07 01578693,http://www.okkam.org/oaie/person1-address3370,19071229,dylan,19
http://www.okkam.org/oaie/person1-Person4730,tscharke,9870418,08 10132821,http://www.okkam.org/oaie/person1-address4730,19350630,teagan,31
http://www.okkam.org/oaie/person1-Person3490,carpenter,6203151,04 19954125,http://www.okkam.org/oaie/person1-address3490,,amelia,32
http://www.okkam.org/oaie/person1-Person2600,schunke,1149450,03 11334668,http://www.okkam.org/oaie/person1-address2600,19920322,abbey,31
http://www.okkam.org/oaie/person1-Person4740,kirchner,3398555,08 74707608,http://www.okkam.org/oaie/person1-address4740,19290305,benjamin,
http://www.okkam.org/oaie/person1-Person4360,munzer,1194552,04 91139681,http://www.okkam.org/oaie/person1-address4360,19471104,jayde,24
http://www.okkam.org/oaie/person1-Person2800,russel,6232674,03 31473964,http://www.okkam.org/oaie/person1-address2800,19840225,kane,
http://www.okkam.org/oaie/person1-Person3690,mckenzie,1786280,04 27123526,http://www.okkam.org/oaie/person1-address3690,19731007,xanthe,
http://www.okkam.org/oaie/person1-Person5360,bassett,1063381,07 71580487,http://www.okkam.org/oaie/person1-address5360,19830205,zac,32
http://www.okkam.org/oaie/person1-Person4930,atkinson,9033186,08 21069577,http://www.okkam.org/oaie/person1-address4930,19740809,diamond,21
http://www.okkam.org/oaie/person1-Person3790,roberts,4709903,07 77662701,http://www.okkam.org/oaie/person1-address3790,19411106,hayden,26
http://www.okkam.org/oaie/person1-Person2900,bartel,3860172,08 79469872,http://www.okkam.org/oaie/person1-address2900,19490209,sean,27
http://www.okkam.org/oaie/person1-Person5220,,3252635,02 65131035,http://www.okkam.org/oaie/person1-address5220,19361102,keahley,23
http://www.okkam.org/oaie/person1-Person1670,franklin,9942729,04 69540909,http://www.okkam.org/oaie/person1-address1670,19890905,daniel,
http://www.okkam.org/oaie/person1-Person3780,anderson,1372521,08 57678267,http://www.okkam.org/oaie/person1-address3780,19340612,stephanie,25
http://www.okkam.org/oaie/person1-Person4140,holman,2754664,03 20713660,http://www.okkam.org/oaie/person1-address4140,19960227,lacey,29
http://www.okkam.org/oaie/person1-Person4240,applegate,7939611,04 44387978,http://www.okkam.org/oaie/person1-address4240,19830807,jacqueline,31
http://www.okkam.org/oaie/person1-Person170,scott,8025334,02 66641325,http://www.okkam.org/oaie/person1-address170,,nicholas,29
http://www.okkam.org/oaie/person1-Person3640,rose,6232206,02 94598397,http://www.okkam.org/oaie/person1-address3640,,mitchell,
http://www.okkam.org/oaie/person1-Person4770,mcguinness,9176117,03 29962050,http://www.okkam.org/oaie/person1-address4770,19160929,shannon,27
http://www.okkam.org/oaie/person1-Person1770,,8797897,08 68276978,http://www.okkam.org/oaie/person1-address1770,19750113,hayley,36
http://www.okkam.org/oaie/person1-Person940,gartner,5269749,03 29064160,http://www.okkam.org/oaie/person1-address940,19711028,caleb,30
http://www.okkam.org/oaie/person1-Person1760,,6234683,02 14142802,http://www.okkam.org/oaie/person1-address1760,19141223,courtney,
http://www.okkam.org/oaie/person1-Person800,ng,8857610,08 75556844,http://www.okkam.org/oaie/person1-address800,,braedon,26
http://www.okkam.org/oaie/person1-Person4040,matthews,7324089,02 89083657,http://www.okkam.org/oaie/person1-address4040,19790905,isabella,
http://www.okkam.org/oaie/person1-Person3630,fowler,5972052,03 76024990,http://www.okkam.org/oaie/person1-address3630,19550731,jenna,34
http://www.okkam.org/oaie/person1-Person1620,sorrentino,6260084,07 73208154,http://www.okkam.org/oaie/person1-address1620,19150517,shawn,30
http://www.okkam.org/oaie/person1-Person3770,pinson,6293830,07 28039522,http://www.okkam.org/oaie/person1-address3770,19921212,luke,28
http://www.okkam.org/oaie/person1-Person1680,slater,7061784,02 49030855,http://www.okkam.org/oaie/person1-address1680,19241009,rachel,27
http://www.okkam.org/oaie/person1-Person4150,florez,3207625,04 18934334,http://www.okkam.org/oaie/person1-address4150,,lucy,30
http://www.okkam.org/oaie/person1-Person4250,belmonte,1138556,07 04761144,http://www.okkam.org/oaie/person1-address4250,19880103,flynn,
http://www.okkam.org/oaie/person1-Person160,cruickshank,7291590,02 50193710,http://www.okkam.org/oaie/person1-address160,19610701,daniel,30
http://www.okkam.org/oaie/person1-Person1780,van oevelen,2415595,07 29609393,http://www.okkam.org/oaie/person1-address1780,19500804,heath,25
http://www.okkam.org/oaie/person1-Person4760,scharber,1202952,08 57657543,http://www.okkam.org/oaie/person1-address4760,19580510,diamond,26
http://www.okkam.org/oaie/person1-Person3620,blackburn,9198362,07 74014749,http://www.okkam.org/oaie/person1-address3620,19890504,zac,
http://www.okkam.org/oaie/person1-Person950,vozzo,2983622,03 14455359,http://www.okkam.org/oaie/person1-address950,19531029,mitchell,20
http://www.okkam.org/oaie/person1-Person1630,cuming,6505364,03 66631830,http://www.okkam.org/oaie/person1-address1630,19670113,james,
http://www.okkam.org/oaie/person1-Person810,gray,4424714,08 77958622,http://www.okkam.org/oaie/person1-address810,19290422,amy,29
http://www.okkam.org/oaie/person1-Person4050,curl,3327094,02 12953820,http://www.okkam.org/oaie/person1-address4050,19430906,ebony,30
http://www.okkam.org/oaie/person1-Person4120,pym,9067005,02 24345331,http://www.okkam.org/oaie/person1-address4120,19200826,jack,21
http://www.okkam.org/oaie/person1-Person290,work,6337605,07 71589108,http://www.okkam.org/oaie/person1-address290,19670331,joel,
http://www.okkam.org/oaie/person1-Person4890,hughes,1006447,08 37932023,http://www.okkam.org/oaie/person1-address4890,19011020,lily,24
http://www.okkam.org/oaie/person1-Person3760,gerlach,5417426,03 97341470,http://www.okkam.org/oaie/person1-address3760,19340328,alyssa,34
http://www.okkam.org/oaie/person1-Person1790,davidson,8191845,07 89846023,http://www.okkam.org/oaie/person1-address1790,19431209,kiria,
http://www.okkam.org/oaie/person1-Person3660,weston,9426837,07 74468091,http://www.okkam.org/oaie/person1-address3660,19250120,amber,26
http://www.okkam.org/oaie/person1-Person190,oakley,8804104,,http://www.okkam.org/oaie/person1-address190,19590307,samantha,
http://www.okkam.org/oaie/person1-Person2010,gill,6184438,03 00020141,http://www.okkam.org/oaie/person1-address2010,19210222,charlotte,
http://www.okkam.org/oaie/person1-Person4260,fairington,2573921,03 05755138,http://www.okkam.org/oaie/person1-address4260,19300707,hayden,
http://www.okkam.org/oaie/person1-Person4790,howell,7682574,08 64922448,http://www.okkam.org/oaie/person1-address4790,19240603,tony,30
http://www.okkam.org/oaie/person1-Person1500,gay,6225823,03 16924817,http://www.okkam.org/oaie/person1-address1500,19771225,dale,23
http://www.okkam.org/oaie/person1-Person920,hancox,4803339,02 96905717,http://www.okkam.org/oaie/person1-address920,19350612,cain,
http://www.okkam.org/oaie/person1-Person1640,hamilton,7515631,08 97348712,http://www.okkam.org/oaie/person1-address1640,19641022,jack,25
http://www.okkam.org/oaie/person1-Person4060,donohue,9236305,08 43832568,http://www.okkam.org/oaie/person1-address4060,19001230,callum,26
http://www.okkam.org/oaie/person1-Person1600,burge,3285872,02 39334465,http://www.okkam.org/oaie/person1-address1600,19041010,joshua,32
http://www.okkam.org/oaie/person1-Person820,yelland,7664453,,http://www.okkam.org/oaie/person1-address820,19441223,elly,22
http://www.okkam.org/oaie/person1-Person280,mcalpine,6841545,04 98029727,http://www.okkam.org/oaie/person1-address280,19720330,benjamin,28
http://www.okkam.org/oaie/person1-Person4270,osborne,8748003,03 53753747,http://www.okkam.org/oaie/person1-address4270,19990819,hattie,27
http://www.okkam.org/oaie/person1-Person4130,draper,4239611,04 98573504,http://www.okkam.org/oaie/person1-address4130,19361209,judah,25
http://www.okkam.org/oaie/person1-Person1660,phillips,3884731,02 58841780,http://www.okkam.org/oaie/person1-address1660,,alexandra,31
http://www.okkam.org/oaie/person1-Person3750,brunt,3710635,07 17801128,http://www.okkam.org/oaie/person1-address3750,19250109,genevieve,26
http://www.okkam.org/oaie/person1-Person4880,hayes,5852784,03 25175027,http://www.okkam.org/oaie/person1-address4880,19870504,luke,27
http://www.okkam.org/oaie/person1-Person3650,hamilton,9088476,02 13635739,http://www.okkam.org/oaie/person1-address3650,19410809,mitchell,
http://www.okkam.org/oaie/person1-Person4780,westley,4902942,07 09796352,http://www.okkam.org/oaie/person1-address4780,19970620,elton,22
http://www.okkam.org/oaie/person1-Person2000,james,9196522,04 97673876,http://www.okkam.org/oaie/person1-address2000,19280726,jarrod,24
http://www.okkam.org/oaie/person1-Person180,lee,8415590,07 04720914,http://www.okkam.org/oaie/person1-address180,19681231,benedict,30
http://www.okkam.org/oaie/person1-Person1510,reilly,9470779,07 41914129,http://www.okkam.org/oaie/person1-address1510,19290402,joshua,22
http://www.okkam.org/oaie/person1-Person930,white,7950955,07 28684896,http://www.okkam.org/oaie/person1-address930,19260930,dylan,26
http://www.okkam.org/oaie/person1-Person3740,jano,8972070,04 96691774,http://www.okkam.org/oaie/person1-address3740,19701012,michael,30
http://www.okkam.org/oaie/person1-Person4070,harrison,2892321,08 29151096,http://www.okkam.org/oaie/person1-address4070,,kai,32
http://www.okkam.org/oaie/person1-Person830,aloe,2169506,08 71269706,http://www.okkam.org/oaie/person1-address830,19310906,sam,
http://www.okkam.org/oaie/person1-Person1610,bowditch,9216047,07 93506910,http://www.okkam.org/oaie/person1-address1610,19500222,kylee,41
http://www.okkam.org/oaie/person1-Person1650,james,9561367,08 82205266,http://www.okkam.org/oaie/person1-address1650,,harriet,31
http://www.okkam.org/oaie/person1-Person700,douglas,8054350,04 48991974,http://www.okkam.org/oaie/person1-address700,19471101,abby,
http://www.okkam.org/oaie/person1-Person4180,thorne,2422303,07 42089258,http://www.okkam.org/oaie/person1-address4180,,jasmine,18
http://www.okkam.org/oaie/person1-Person2030,hughes,7171834,,http://www.okkam.org/oaie/person1-address2030,19130508,bianca,38
http://www.okkam.org/oaie/person1-Person4280,mere,5695613,07 91335833,http://www.okkam.org/oaie/person1-address4280,19560831,phoebe,26
http://www.okkam.org/oaie/person1-Person3540,plunkett,3418776,,http://www.okkam.org/oaie/person1-address3540,19870928,isabel,30
http://www.okkam.org/oaie/person1-Person980,micallef,2128493,08 83158065,http://www.okkam.org/oaie/person1-address980,19381031,aidyn,32
http://www.okkam.org/oaie/person1-Person900,trumble,3548056,07 47131335,http://www.okkam.org/oaie/person1-address900,19720514,ryan,
http://www.okkam.org/oaie/person1-Person3730,farana,9858662,03 25566172,http://www.okkam.org/oaie/person1-address3730,19590106,madeleine,26
http://www.okkam.org/oaie/person1-Person4000,finlay,5841695,04 99776335,http://www.okkam.org/oaie/person1-address4000,,timothy,
http://www.okkam.org/oaie/person1-Person4190,breed,6727770,03 01452468,http://www.okkam.org/oaie/person1-address4190,19940718,aaron,19
http://www.okkam.org/oaie/person1-Person710,martin,1192460,07 28598995,http://www.okkam.org/oaie/person1-address710,19771027,hayden,33
http://www.okkam.org/oaie/person1-Person2020,,3905723,07 04802405,http://www.okkam.org/oaie/person1-address2020,19170817,shona,37
http://www.okkam.org/oaie/person1-Person3520,mangelsdorf,5868213,03 12601931,http://www.okkam.org/oaie/person1-address3520,,michael,31
http://www.okkam.org/oaie/person1-Person4290,webb,2730574,08 04668584,http://www.okkam.org/oaie/person1-address4290,19520910,charlotte,34
http://www.okkam.org/oaie/person1-Person3530,,8084202,02 42278635,http://www.okkam.org/oaie/person1-address3530,,matthew,
http://www.okkam.org/oaie/person1-Person3720,halse,8005711,03 71909250,http://www.okkam.org/oaie/person1-address3720,19680429,joshua,31
http://www.okkam.org/oaie/person1-Person910,tozer,7578777,08 88401668,http://www.okkam.org/oaie/person1-address910,19630829,nemesia,
http://www.okkam.org/oaie/person1-Person990,mcpherson,1887668,04 00688940,http://www.okkam.org/oaie/person1-address990,19660602,lachlan,35
http://www.okkam.org/oaie/person1-Person1090,hill,2462797,07 61635775,http://www.okkam.org/oaie/person1-address1090,19571007,isabella,28
http://www.okkam.org/oaie/person1-Person4010,watson,2898833,03 42324391,http://www.okkam.org/oaie/person1-address4010,19371015,mackinley,
http://www.okkam.org/oaie/person1-Person2050,cartwright,5052584,03 32466450,http://www.okkam.org/oaie/person1-address2050,19531216,erin,
http://www.okkam.org/oaie/person1-Person5290,russell-brown,1781861,03 24609415,http://www.okkam.org/oaie/person1-address5290,19141221,tahni,
http://www.okkam.org/oaie/person1-Person4160,maddocks,4149366,07 88192624,http://www.okkam.org/oaie/person1-address4160,19191004,dominic,35
http://www.okkam.org/oaie/person1-Person3410,bartlett,4438903,03 93675887,http://www.okkam.org/oaie/person1-address3410,19740515,giorgia,
http://www.okkam.org/oaie/person1-Person3510,schiller,3677974,02 26375891,http://www.okkam.org/oaie/person1-address3510,19600714,kyle,21
http://www.okkam.org/oaie/person1-Person1690,burgess,1955938,02 52907166,http://www.okkam.org/oaie/person1-address1690,19700324,adam,35
http://www.okkam.org/oaie/person1-Person3710,bastion,9983231,08 37949031,http://www.okkam.org/oaie/person1-address3710,19420611,ewan,32
http://www.okkam.org/oaie/person1-Person960,barnes,8326560,03 72529829,http://www.okkam.org/oaie/person1-address960,19300625,ruby,43
http://www.okkam.org/oaie/person1-Person1890,bennett,1479225,07 39136276,http://www.okkam.org/oaie/person1-address1890,19740224,rosie,27
http://www.okkam.org/oaie/person1-Person3420,singh,8898096,02 59077203,http://www.okkam.org/oaie/person1-address3420,19350904,alicia,32
http://www.okkam.org/oaie/person1-Person3610,williams,2470297,03 92238920,http://www.okkam.org/oaie/person1-address3610,19321212,james,38
http://www.okkam.org/oaie/person1-Person4020,morris,5210375,03 99460652,http://www.okkam.org/oaie/person1-address4020,19421117,nathan,29
http://www.okkam.org/oaie/person1-Person2040,robertson,1842106,03 46067294,http://www.okkam.org/oaie/person1-address2040,19530908,samantha,45
http://www.okkam.org/oaie/person1-Person3400,goodsell,5106718,02 22724663,http://www.okkam.org/oaie/person1-address3400,19240203,benjamin,43
http://www.okkam.org/oaie/person1-Person4170,leclair,1695922,04 38307419,http://www.okkam.org/oaie/person1-address4170,19210817,aliza,20
http://www.okkam.org/oaie/person1-Person3500,palmer,8242356,02 65238705,http://www.okkam.org/oaie/person1-address3500,19251026,thomas,28
http://www.okkam.org/oaie/person1-Person970,alton,6841542,08 14056968,http://www.okkam.org/oaie/person1-address970,,liam,
http://www.okkam.org/oaie/person1-Person3700,hill,9614499,04 95338811,http://www.okkam.org/oaie/person1-address3700,19521215,courtney,
http://www.okkam.org/oaie/person1-Person5690,wright,4754040,04 87305220,http://www.okkam.org/oaie/person1-address5690,19290226,zachary,32
http://www.okkam.org/oaie/person1-Person4030,hugill,5407708,02 71435188,http://www.okkam.org/oaie/person1-address4030,19330621,ebony,23
http://www.okkam.org/oaie/person1-Person3600,ackland-prpic,9757100,07 85252792,http://www.okkam.org/oaie/person1-address3600,19590706,gabrielle,29
http://www.okkam.org/oaie/person1-Person360,schou,6736621,02 60038987,http://www.okkam.org/oaie/person1-address360,19950107,lewis,29
http://www.okkam.org/oaie/person1-Person5670,mansell,8367631,,http://www.okkam.org/oaie/person1-address5670,19381202,ruby,26
http://www.okkam.org/oaie/person1-Person1810,simile,7646114,02 85030975,http://www.okkam.org/oaie/person1-address1810,19790213,tuscany,24
http://www.okkam.org/oaie/person1-Person220,hay,2581012,04 88615982,http://www.okkam.org/oaie/person1-address220,19131221,william,33
http://www.okkam.org/oaie/person1-Person1190,plaggemars,9516175,03 32578515,http://www.okkam.org/oaie/person1-address1190,19090212,georgia,32
http://www.okkam.org/oaie/person1-Person1050,octoman,1417416,02 18691352,http://www.okkam.org/oaie/person1-address1050,19300130,erin,23
http://www.okkam.org/oaie/person1-Person1710,lawton,9133567,03 02042499,http://www.okkam.org/oaie/person1-address1710,19421128,liam,20
http://www.okkam.org/oaie/person1-Person770,milobara,9801491,07 79897719,http://www.okkam.org/oaie/person1-address770,19700714,taylah,25
http://www.okkam.org/oaie/person1-Person3800,dean,5543063,08 42954382,http://www.okkam.org/oaie/person1-address3800,19330910,mitchell,31
http://www.okkam.org/oaie/person1-Person5770,carder,5402300,07 57350276,http://www.okkam.org/oaie/person1-address5770,19470723,steven,38
http://www.okkam.org/oaie/person1-Person5970,woodhouse,3949456,07 42052095,http://www.okkam.org/oaie/person1-address5970,19540813,ben,
http://www.okkam.org/oaie/person1-Person1310,hopwood,4208067,02 93025806,http://www.okkam.org/oaie/person1-address1310,19260807,jackson,41
http://www.okkam.org/oaie/person1-Person5060,buckingham,2093098,03 79687906,http://www.okkam.org/oaie/person1-address5060,19010208,joe,35
http://www.okkam.org/oaie/person1-Person2060,zippel,8014031,03 91393602,http://www.okkam.org/oaie/person1-address2060,,talia,30
http://www.okkam.org/oaie/person1-Person2440,telford,6704262,03 50328292,http://www.okkam.org/oaie/person1-address2440,19070717,sebastian,
http://www.okkam.org/oaie/person1-Person2590,kilpatrick,4020994,02 12887318,http://www.okkam.org/oaie/person1-address2590,19171029,ella,26
http://www.okkam.org/oaie/person1-Person50,narkowicz,7041492,08 65857873,http://www.okkam.org/oaie/person1-address50,,antonio,33
http://www.okkam.org/oaie/person1-Person630,hawker,7399627,03 99700062,http://www.okkam.org/oaie/person1-address630,19710331,olivia,31
http://www.okkam.org/oaie/person1-Person5870,hunt,7637705,03 60509649,http://www.okkam.org/oaie/person1-address5870,19350126,zach,37
http://www.okkam.org/oaie/person1-Person1460,planquart,7683306,08 31555682,http://www.okkam.org/oaie/person1-address1460,19861218,louise,
http://www.okkam.org/oaie/person1-Person1800,guy,2818899,03 09440198,http://www.okkam.org/oaie/person1-address1800,19860319,aidan,32
http://www.okkam.org/oaie/person1-Person5680,hee,6262485,02 25618038,http://www.okkam.org/oaie/person1-address5680,19441125,seth,28
http://www.okkam.org/oaie/person1-Person370,poschl,9065994,07 38927730,http://www.okkam.org/oaie/person1-address370,19270313,mia,28
http://www.okkam.org/oaie/person1-Person2300,mcinerney,6531055,07 32064560,http://www.okkam.org/oaie/person1-address2300,19360507,madison,30
http://www.okkam.org/oaie/person1-Person1060,cutt,1536485,04 17598696,http://www.okkam.org/oaie/person1-address1060,19060324,georgia,
http://www.okkam.org/oaie/person1-Person1990,catt,9437337,07 57963684,http://www.okkam.org/oaie/person1-address1990,19150415,tommy,25
http://www.okkam.org/oaie/person1-Person3810,slocum,7902029,08 76508391,http://www.okkam.org/oaie/person1-address3810,19691019,noah,
http://www.okkam.org/oaie/person1-Person5780,benjamin,6750220,04 44207863,http://www.okkam.org/oaie/person1-address5780,19030322,nicholas,
http://www.okkam.org/oaie/person1-Person1700,decelis,1244943,07 45880135,http://www.okkam.org/oaie/person1-address1700,19681221,thomas,25
http://www.okkam.org/oaie/person1-Person760,bell,4205812,08 91750229,http://www.okkam.org/oaie/person1-address760,19020326,april,28
http://www.okkam.org/oaie/person1-Person5980,allsop,6085136,03 18163265,http://www.okkam.org/oaie/person1-address5980,19520102,abbey,32
http://www.okkam.org/oaie/person1-Person1980,clark,7435340,07 54264620,http://www.okkam.org/oaie/person1-address1980,19040319,magnus,31
http://www.okkam.org/oaie/person1-Person5050,dallar,3441970,02 09822749,http://www.okkam.org/oaie/person1-address5050,,livia,24
http://www.okkam.org/oaie/person1-Person2070,reval,3251774,07 23330380,http://www.okkam.org/oaie/person1-address2070,19750121,samuel,34
http://www.okkam.org/oaie/person1-Person1300,bradshaw,7430164,07 05346945,http://www.okkam.org/oaie/person1-address1300,19280404,taylah,
http://www.okkam.org/oaie/person1-Person1590,musgrove,3297862,07 75071005,http://www.okkam.org/oaie/person1-address1590,19321006,daniele,30
http://www.okkam.org/oaie/person1-Person230,mathews,6300999,02 68921651,http://www.okkam.org/oaie/person1-address230,19770908,timothy,
http://www.okkam.org/oaie/person1-Person2450,mccreanor,9002014,04 71265722,http://www.okkam.org/oaie/person1-address2450,19340112,richard,36
http://www.okkam.org/oaie/person1-Person5880,young,3683273,03 78821981,http://www.okkam.org/oaie/person1-address5880,19690127,keegan,20
http://www.okkam.org/oaie/person1-Person2580,meaghan,5290604,04 79199044,http://www.okkam.org/oaie/person1-address2580,19620816,samuel,
http://www.okkam.org/oaie/person1-Person40,croad,9337381,08 39697700,http://www.okkam.org/oaie/person1-address40,19870307,rhys,21
http://www.okkam.org/oaie/person1-Person1450,grecko,7615804,04 46436668,http://www.okkam.org/oaie/person1-address1450,19040729,charlie,
http://www.okkam.org/oaie/person1-Person5190,barker,1545170,07 40493444,http://www.okkam.org/oaie/person1-address5190,,lily,33
http://www.okkam.org/oaie/person1-Person620,o'brien,9382678,08 33089039,http://www.okkam.org/oaie/person1-address620,19720224,lillian,31
http://www.okkam.org/oaie/person1-Person100,danby,5390445,07 77029629,http://www.okkam.org/oaie/person1-address100,19050523,cameron,32
http://www.okkam.org/oaie/person1-Person1170,dent,5268231,02 55726423,http://www.okkam.org/oaie/person1-address1170,19680530,oliver,
http://www.okkam.org/oaie/person1-Person5650,diekman,8066854,07 58947759,http://www.okkam.org/oaie/person1-address5650,19800825,alisa,30
http://www.okkam.org/oaie/person1-Person380,karger,8076292,04 51632099,http://www.okkam.org/oaie/person1-address380,19490121,trinity,18
http://www.okkam.org/oaie/person1-Person2410,bailey,8736873,03 92049408,http://www.okkam.org/oaie/person1-address2410,19671126,sophie,35
http://www.okkam.org/oaie/person1-Person1830,peters,9825936,03 88208590,http://www.okkam.org/oaie/person1-address1830,19370428,georgia,21
http://www.okkam.org/oaie/person1-Person5790,williams,1702458,03 67693744,http://www.okkam.org/oaie/person1-address5790,19320927,robert,
http://www.okkam.org/oaie/person1-Person480,sherrif,6709022,04 78182678,http://www.okkam.org/oaie/person1-address480,19770505,tansy,25
http://www.okkam.org/oaie/person1-Person1070,warner,7219268,07 36499568,http://www.okkam.org/oaie/person1-address1070,19650116,isabella,34
http://www.okkam.org/oaie/person1-Person2310,werner,6060234,03 07819755,http://www.okkam.org/oaie/person1-address2310,19200703,joshua,
http://www.okkam.org/oaie/person1-Person200,mccabe,7208629,04 10559213,http://www.okkam.org/oaie/person1-address200,19350413,brody,
http://www.okkam.org/oaie/person1-Person2320,commane,1365155,08 25862995,http://www.okkam.org/oaie/person1-address2320,,alexandra,
http://www.okkam.org/oaie/person1-Person2080,deacon,2038399,,http://www.okkam.org/oaie/person1-address2080,19350313,ka,40
http://www.okkam.org/oaie/person1-Person5990,gray,6638296,04 25164122,http://www.okkam.org/oaie/person1-address5990,19020223,hayley,20
http://www.okkam.org/oaie/person1-Person510,sinickas,2601027,04 45306469,http://www.okkam.org/oaie/person1-address510,,,
http://www.okkam.org/oaie/person1-Person1580,donohue,3945963,07 27981291,http://www.okkam.org/oaie/person1-address1580,19260302,emiily,
http://www.okkam.org/oaie/person1-Person1970,pontifex,4063524,07 98600459,http://www.okkam.org/oaie/person1-address1970,19400101,amaya,26
http://www.okkam.org/oaie/person1-Person790,stebbings,3594130,08 74954359,http://www.okkam.org/oaie/person1-address790,19500124,jade,29
http://www.okkam.org/oaie/person1-Person5080,aschenbrucker,2099334,02 15836403,http://www.okkam.org/oaie/person1-address5080,19531203,joe,34
http://www.okkam.org/oaie/person1-Person610,brightwell,3074469,08 22612154,http://www.okkam.org/oaie/person1-address610,19071102,bradley,18
http://www.okkam.org/oaie/person1-Person5850,csik,9106853,04 32655446,http://www.okkam.org/oaie/person1-address5850,19520121,emiily,29
http://www.okkam.org/oaie/person1-Person890,childs,3508534,04 59959627,http://www.okkam.org/oaie/person1-address890,,phoebe,34
http://www.okkam.org/oaie/person1-Person5180,hi,1289082,02 53216810,http://www.okkam.org/oaie/person1-address5180,19860317,shannon,35
http://www.okkam.org/oaie/person1-Person1480,foote,3225844,04 15488546,http://www.okkam.org/oaie/person1-address1480,19021120,casey,26
http://www.okkam.org/oaie/person1-Person70,thompson,3469651,07 37247363,http://www.okkam.org/oaie/person1-address70,19280626,adam,
http://www.okkam.org/oaie/person1-Person2420,marin,8012171,04 67564288,http://www.okkam.org/oaie/person1-address2420,19240313,callum,29
http://www.okkam.org/oaie/person1-Person1080,ward,6977030,08 27993272,http://www.okkam.org/oaie/person1-address1080,19550622,joel,29
http://www.okkam.org/oaie/person1-Person390,catlin,9043221,08 88609432,http://www.okkam.org/oaie/person1-address390,19151216,chloe,29
http://www.okkam.org/oaie/person1-Person110,hill,3740064,03 38814804,http://www.okkam.org/oaie/person1-address110,19470115,madison,34
http://www.okkam.org/oaie/person1-Person1180,evans,9570212,03 38612203,http://www.okkam.org/oaie/person1-address1180,19211218,sarah,
http://www.okkam.org/oaie/person1-Person5660,adams,1766070,02 47632655,http://www.okkam.org/oaie/person1-address5660,19120201,lily,
http://www.okkam.org/oaie/person1-Person1820,cieslinksi,6689423,02 45001337,http://www.okkam.org/oaie/person1-address1820,19520616,nicole,21
http://www.okkam.org/oaie/person1-Person880,hall,9685827,04 64037926,http://www.okkam.org/oaie/person1-address880,19710417,oliver,26
http://www.okkam.org/oaie/person1-Person490,fimersall,1501568,07 49467421,http://www.okkam.org/oaie/person1-address490,19631220,alex,23
http://www.okkam.org/oaie/person1-Person210,johnstone,5034187,02 10677062,http://www.okkam.org/oaie/person1-address210,19600903,michelle,
http://www.okkam.org/oaie/person1-Person2090,mcdonald,8080124,08 28227772,http://www.okkam.org/oaie/person1-address2090,19230205,joel,
http://www.okkam.org/oaie/person1-Person5070,denehey,5257389,04 83726967,http://www.okkam.org/oaie/person1-address5070,19950314,wilson,29
http://www.okkam.org/oaie/person1-Person2330,denton,4449908,08 76167176,http://www.okkam.org/oaie/person1-address2330,19051205,alessandria,20
http://www.okkam.org/oaie/person1-Person1960,boyles,5167322,07 39772251,http://www.okkam.org/oaie/person1-address1960,19371220,hannah,34
http://www.okkam.org/oaie/person1-Person780,doherty,8221538,02 93425512,http://www.okkam.org/oaie/person1-address780,,georgia,33
http://www.okkam.org/oaie/person1-Person1570,kloska,9518259,,http://www.okkam.org/oaie/person1-address1570,19600110,,30
http://www.okkam.org/oaie/person1-Person500,mcallister,9473359,03 98657480,http://www.okkam.org/oaie/person1-address500,,cheyenne,22
http://www.okkam.org/oaie/person1-Person600,ferroni,8714571,,http://www.okkam.org/oaie/person1-address600,19030412,hamish,32
http://www.okkam.org/oaie/person1-Person1470,ingerson,7365138,07 78376436,http://www.okkam.org/oaie/person1-address1470,19271107,tiana,29
http://www.okkam.org/oaie/person1-Person5860,pearce,7315335,02 84326662,http://www.okkam.org/oaie/person1-address5860,19780915,amber,27
http://www.okkam.org/oaie/person1-Person60,leal,5767616,04 72635116,http://www.okkam.org/oaie/person1-address60,19210620,marianne,24
http://www.okkam.org/oaie/person1-Person2430,opie,9610901,08 81568612,http://www.okkam.org/oaie/person1-address2430,19061018,erin,39
http://www.okkam.org/oaie/person1-Person5170,roenfeldt,4273491,02 06345045,http://www.okkam.org/oaie/person1-address5170,19631128,sebastian,22
http://www.okkam.org/oaie/person1-Person1360,strong,2303268,02 71343240,http://www.okkam.org/oaie/person1-address1360,19550319,jett,26
http://www.okkam.org/oaie/person1-Person730,daniels,5343918,04 90836616,http://www.okkam.org/oaie/person1-address730,19400729,mollie,26
http://www.okkam.org/oaie/person1-Person1750,tapp,1139688,04 05949664,http://www.okkam.org/oaie/person1-address1750,19240203,jack,38
http://www.okkam.org/oaie/person1-Person5730,currington,5320818,07 22943614,http://www.okkam.org/oaie/person1-address5730,19770510,joshua,28
http://www.okkam.org/oaie/person1-Person1010,cotton,3042039,04 88487589,http://www.okkam.org/oaie/person1-address1010,19590223,christian,
http://www.okkam.org/oaie/person1-Person460,berzins,6235776,04 00602973,http://www.okkam.org/oaie/person1-address460,,karli,19
http://www.okkam.org/oaie/person1-Person870,barrie,9767752,08 21833130,http://www.okkam.org/oaie/person1-address870,,olivia,
http://www.okkam.org/oaie/person1-Person1410,o'neil,2957055,02 30461357,http://www.okkam.org/oaie/person1-address1410,19840907,serena,
http://www.okkam.org/oaie/person1-Person1850,bozanic,1057224,02 10553351,http://www.okkam.org/oaie/person1-address1850,19990922,natalia,20
http://www.okkam.org/oaie/person1-Person5630,sutherland,6372729,04 25630313,http://www.okkam.org/oaie/person1-address5630,19410509,lucy,38
http://www.okkam.org/oaie/person1-Person670,lathlean,6494930,02 37729054,http://www.okkam.org/oaie/person1-address670,19230303,meagan,24
http://www.okkam.org/oaie/person1-Person1220,watson,3502451,04 04337950,http://www.okkam.org/oaie/person1-address1220,,emiily,38
http://www.okkam.org/oaie/person1-Person1150,fitzpatrick,6837059,08 42393516,http://www.okkam.org/oaie/person1-address1150,19041008,abii,23
http://www.okkam.org/oaie/person1-Person1210,boden,2592764,02 13293559,http://www.okkam.org/oaie/person1-address1210,,harrison,32
http://www.okkam.org/oaie/person1-Person120,machin,1199629,08 10785150,http://www.okkam.org/oaie/person1-address120,19820704,william,38
http://www.okkam.org/oaie/person1-Person4210,morgan,5808680,08 72668794,http://www.okkam.org/oaie/person1-address4210,19780809,noah,28
http://www.okkam.org/oaie/person1-Person320,malone,2018066,07 81518796,http://www.okkam.org/oaie/person1-address320,19121023,tara,33
http://www.okkam.org/oaie/person1-Person1950,parkinson,8727089,08 18206804,http://www.okkam.org/oaie/person1-address1950,19780923,quinn,19
http://www.okkam.org/oaie/person1-Person1560,ranger,4023937,03 34445136,http://www.okkam.org/oaie/person1-address1560,19481223,nicholas,27
http://www.okkam.org/oaie/person1-Person90,pelizzari,6069327,02 63189595,http://www.okkam.org/oaie/person1-address90,19401216,holly,32
http://www.okkam.org/oaie/person1-Person260,goss,2049841,02 61101060,http://www.okkam.org/oaie/person1-address260,19320711,lewis,27
http://www.okkam.org/oaie/person1-Person5720,bailey,3275657,04 92308282,http://www.okkam.org/oaie/person1-address5720,19801111,keely,22
http://www.okkam.org/oaie/person1-Person4110,pettinger,9712912,03 00127590,http://www.okkam.org/oaie/person1-address4110,19580829,bianca,34
http://www.okkam.org/oaie/person1-Person530,travis,2430174,04 66498214,http://www.okkam.org/oaie/person1-address530,19790210,matthew,
http://www.okkam.org/oaie/person1-Person5740,siggins,9724663,04 25324421,http://www.okkam.org/oaie/person1-address5740,19160215,oliver,37
http://www.okkam.org/oaie/person1-Person1740,cole,5020594,04 32567588,http://www.okkam.org/oaie/person1-address1740,19040610,kathleen,32
http://www.okkam.org/oaie/person1-Person1350,ervin,8606163,07 46855509,http://www.okkam.org/oaie/person1-address1350,19040729,sarah,
http://www.okkam.org/oaie/person1-Person720,allen,8422048,02 72642207,http://www.okkam.org/oaie/person1-address720,,jordan,34
http://www.okkam.org/oaie/person1-Person1540,gray,1295671,02 92204030,http://www.okkam.org/oaie/person1-address1540,19601006,james,33
http://www.okkam.org/oaie/person1-Person1020,simmons,7658805,07 91452513,http://www.okkam.org/oaie/person1-address1020,19830527,kaitlin,29
http://www.okkam.org/oaie/person1-Person470,louloudia,3595314,,http://www.okkam.org/oaie/person1-address470,19190531,adam,
http://www.okkam.org/oaie/person1-Person860,sparshott,3365265,07 92340393,http://www.okkam.org/oaie/person1-address860,19911207,campbell,27
http://www.okkam.org/oaie/person1-Person1400,mckenzie,6306473,02 79195640,http://www.okkam.org/oaie/person1-address1400,19030228,troy,18
http://www.okkam.org/oaie/person1-Person2210,d'este,5113714,08 76764028,http://www.okkam.org/oaie/person1-address2210,19971123,hayden,21
http://www.okkam.org/oaie/person1-Person1160,welke,9257890,08 43902811,http://www.okkam.org/oaie/person1-address1160,19621107,elizabeth,
http://www.okkam.org/oaie/person1-Person1840,camerlengo,8849051,02 23198263,http://www.okkam.org/oaie/person1-address1840,19031105,matisse,29
http://www.okkam.org/oaie/person1-Person5640,medlock,9039395,07 28775738,http://www.okkam.org/oaie/person1-address5640,19861225,jessica,
http://www.okkam.org/oaie/person1-Person2400,bakker,5764106,02 07250867,http://www.okkam.org/oaie/person1-address2400,19610913,vanessa,35
http://www.okkam.org/oaie/person1-Person4500,thomas,3337108,03 51568947,http://www.okkam.org/oaie/person1-address4500,19721014,timothy,
http://www.okkam.org/oaie/person1-Person130,woods,6869310,04 55801318,http://www.okkam.org/oaie/person1-address130,19250114,michael,
http://www.okkam.org/oaie/person1-Person80,kardash,3763027,08 27235836,http://www.okkam.org/oaie/person1-address80,,lily,25
http://www.okkam.org/oaie/person1-Person1200,hopkins,1106159,,http://www.okkam.org/oaie/person1-address1200,19840521,bayden,29
http://www.okkam.org/oaie/person1-Person4200,senanayake,2602487,03 57617108,http://www.okkam.org/oaie/person1-address4200,19440212,jack,48
http://www.okkam.org/oaie/person1-Person660,baxter,5991687,03 28895479,http://www.okkam.org/oaie/person1-address660,,jayme,30
http://www.okkam.org/oaie/person1-Person2200,mallise,9046760,02 04578480,http://www.okkam.org/oaie/person1-address2200,19620126,riley,24
http://www.okkam.org/oaie/person1-Person330,page,4468468,02 87829626,http://www.okkam.org/oaie/person1-address330,19080207,emiily,26
http://www.okkam.org/oaie/person1-Person1550,linthorne,8983804,02 27454261,http://www.okkam.org/oaie/person1-address1550,19450712,rachel,34
http://www.okkam.org/oaie/person1-Person270,tulk,6079699,02 20666834,http://www.okkam.org/oaie/person1-address270,19440502,james,
http://www.okkam.org/oaie/person1-Person5090,kennedy,3523668,02 29641235,http://www.okkam.org/oaie/person1-address5090,19130904,harry,23
http://www.okkam.org/oaie/person1-Person520,henson,8911948,04 40087386,http://www.okkam.org/oaie/person1-address520,19060919,luke,24
http://www.okkam.org/oaie/person1-Person4100,mafra,6790145,02 67600408,http://www.okkam.org/oaie/person1-address4100,19010218,luke,
http://www.okkam.org/oaie/person1-Person4600,mckay,8311526,04 41668261,http://www.okkam.org/oaie/person1-address4600,19100402,jake,34
http://www.okkam.org/oaie/person1-Person1940,,7078326,07 38287369,http://www.okkam.org/oaie/person1-address1940,19750728,emiily,
http://www.okkam.org/oaie/person1-Person1030,smyth,6454575,07 84181405,http://www.okkam.org/oaie/person1-address1030,19161103,isabelle,22
http://www.okkam.org/oaie/person1-Person1530,munro,2158487,03 39526476,http://www.okkam.org/oaie/person1-address1530,19080126,blake,30
http://www.okkam.org/oaie/person1-Person750,woodburn,1870630,02 94656704,http://www.okkam.org/oaie/person1-address750,19701112,harry,32
http://www.okkam.org/oaie/person1-Person5750,de vries,2952856,,http://www.okkam.org/oaie/person1-address5750,19030430,alison,33
http://www.okkam.org/oaie/person1-Person1340,lamont,2437351,03 10642042,http://www.okkam.org/oaie/person1-address1340,19420326,carla,40
http://www.okkam.org/oaie/person1-Person1730,levinson,7349271,02 68284602,http://www.okkam.org/oaie/person1-address1730,19860210,ellorah,28
http://www.okkam.org/oaie/person1-Person1870,goveas,9709761,03 48869235,http://www.okkam.org/oaie/person1-address1870,19010817,liam,23
http://www.okkam.org/oaie/person1-Person1240,grinham,7146771,08 48780996,http://www.okkam.org/oaie/person1-address1240,19320221,caleb,
http://www.okkam.org/oaie/person1-Person1430,hillman,9360470,03 11806936,http://www.okkam.org/oaie/person1-address1430,19631125,,
http://www.okkam.org/oaie/person1-Person1130,jordan,7836404,04 92312425,http://www.okkam.org/oaie/person1-address1130,,dimitri,41
http://www.okkam.org/oaie/person1-Person850,evans,6400228,07 26590393,http://www.okkam.org/oaie/person1-address850,19200314,zachary,32
http://www.okkam.org/oaie/person1-Person340,evans,3841132,02 63831680,http://www.okkam.org/oaie/person1-address340,19200130,jacob,31
http://www.okkam.org/oaie/person1-Person4230,riley,6371172,03 16977330,http://www.okkam.org/oaie/person1-address4230,19060603,thomas,22
http://www.okkam.org/oaie/person1-Person1440,rigby,5872993,08 16919121,http://www.okkam.org/oaie/person1-address1440,19170302,chelsea,27
http://www.okkam.org/oaie/person1-Person5600,kowalewski,8885559,08 21467152,http://www.okkam.org/oaie/person1-address5600,19010623,mitchell,32
http://www.okkam.org/oaie/person1-Person650,o'reilly,9193031,,http://www.okkam.org/oaie/person1-address650,19740421,riley,
http://www.okkam.org/oaie/person1-Person140,wilden,6906488,07 42730881,http://www.okkam.org/oaie/person1-address140,19930803,indyana,24
http://www.okkam.org/oaie/person1-Person1880,valakos,3577251,03 44256947,http://www.okkam.org/oaie/person1-address1880,19261225,jessica,32
http://www.okkam.org/oaie/person1-Person5890,coles,7139828,08 49846880,http://www.okkam.org/oaie/person1-address5890,19990212,catherine,43
http://www.okkam.org/oaie/person1-Person1930,dunstall,4575078,07 18055240,http://www.okkam.org/oaie/person1-address1930,19920104,kaysey,
http://www.okkam.org/oaie/person1-Person550,moss,7447458,03 98046002,http://www.okkam.org/oaie/person1-address550,,michael,23
http://www.okkam.org/oaie/person1-Person240,frahn,5123655,03 54249510,http://www.okkam.org/oaie/person1-address240,,zac,20
http://www.okkam.org/oaie/person1-Person4610,john,3360805,07 12164804,http://www.okkam.org/oaie/person1-address4610,19870221,shaun,
http://www.okkam.org/oaie/person1-Person440,wyllie,4623306,03 25149128,http://www.okkam.org/oaie/person1-address440,19610503,holly,
http://www.okkam.org/oaie/person1-Person1520,radbourne,3714540,04 99636209,http://www.okkam.org/oaie/person1-address1520,19790925,tommy,24
http://www.okkam.org/oaie/person1-Person450,wilson,4398301,04 66078894,http://www.okkam.org/oaie/person1-address450,19011219,nathan,31
http://www.okkam.org/oaie/person1-Person740,gaffne,7553853,04 02157708,http://www.okkam.org/oaie/person1-address740,19460121,raquel,31
http://www.okkam.org/oaie/person1-Person1720,drechsler,3284681,04 94127955,http://www.okkam.org/oaie/person1-address1720,19550402,grace,34
http://www.okkam.org/oaie/person1-Person1040,cutts,2950561,03 21027678,http://www.okkam.org/oaie/person1-address1040,19831201,caitlin,24
http://www.okkam.org/oaie/person1-Person1330,huffa,2788205,03 44750400,http://www.okkam.org/oaie/person1-address1330,19820402,,30
http://www.okkam.org/oaie/person1-Person4630,gupta,3325539,03 00100463,http://www.okkam.org/oaie/person1-address4630,19530411,emiily,27
http://www.okkam.org/oaie/person1-Person5760,,9598006,08 51036683,http://www.okkam.org/oaie/person1-address5760,19650507,lachlan,
http://www.okkam.org/oaie/person1-Person1230,hynes,2457530,03 42319990,http://www.okkam.org/oaie/person1-address1230,19380212,megan,23
http://www.okkam.org/oaie/person1-Person5620,abrihimzadah,1696219,04 78201584,http://www.okkam.org/oaie/person1-address5620,19811210,jory,
http://www.okkam.org/oaie/person1-Person840,benjamin,3606633,03 39829272,http://www.okkam.org/oaie/person1-address840,19800912,andrew,30
http://www.okkam.org/oaie/person1-Person1860,jenkins,9883960,02 27881472,http://www.okkam.org/oaie/person1-address1860,19730523,beth,32
http://www.okkam.org/oaie/person1-Person350,hutchins,2287505,03 99148304,http://www.okkam.org/oaie/person1-address350,,ellen,33
http://www.okkam.org/oaie/person1-Person1140,white,1815495,08 79017214,http://www.okkam.org/oaie/person1-address1140,19130325,wil,
http://www.okkam.org/oaie/person1-Person1420,scammell,8079010,04 28210783,http://www.okkam.org/oaie/person1-address1420,19800313,zac,26
http://www.okkam.org/oaie/person1-Person4220,tsiknis,9099350,02 42554437,http://www.okkam.org/oaie/person1-address4220,19811022,lynton,40
http://www.okkam.org/oaie/person1-Person640,kollosche,2290139,04 56875187,http://www.okkam.org/oaie/person1-address640,,deakyn,
http://www.okkam.org/oaie/person1-Person150,kokar,5010209,07 35695140,http://www.okkam.org/oaie/person1-address150,19331112,quinn,37
http://www.okkam.org/oaie/person1-Person5610,little,8238448,08 15876795,http://www.okkam.org/oaie/person1-address5610,19111206,thomas,
http://www.okkam.org/oaie/person1-Person4620,boniciolli,1312506,04 89652097,http://www.okkam.org/oaie/person1-address4620,19870720,leah,39
http://www.okkam.org/oaie/person1-Person1920,kriekenbeek,2923184,04 57116075,http://www.okkam.org/oaie/person1-address1920,19381113,connor,29
http://www.okkam.org/oaie/person1-Person250,anderson,8538797,03 77330630,http://www.okkam.org/oaie/person1-address250,19760501,robert,31
http://www.okkam.org/oaie/person1-Person540,buffon,5319251,08 51640836,http://www.okkam.org/oaie/person1-address540,19930913,lewis,40
http://www.okkam.org/oaie/person1-Person1320,tindale,8140262,03 18063431,http://www.okkam.org/oaie/person1-address1320,,jacob,31
http://www.okkam.org/oaie/person1-Person2380,powditch,3739309,04 44206445,http://www.okkam.org/oaie/person1-address2380,19840711,jacob,29
http://www.okkam.org/oaie/person1-Person420,mulkerin,4758267,02 88927414,http://www.okkam.org/oaie/person1-address420,19010928,james,31
http://www.okkam.org/oaie/person1-Person4440,richards,2493174,03 01095084,http://www.okkam.org/oaie/person1-address4440,19630817,kimberly,22
http://www.okkam.org/oaie/person1-Person2650,o'sullivan,6858879,07 32849340,http://www.okkam.org/oaie/person1-address2650,19590131,joel,29
http://www.okkam.org/oaie/person1-Person5120,thompson,2644041,,http://www.okkam.org/oaie/person1-address5120,19991002,connor,32
http://www.okkam.org/oaie/person1-Person3190,farrely,5350902,08 51177583,http://www.okkam.org/oaie/person1-address3190,19840308,jacob,
http://www.okkam.org/oaie/person1-Person1910,hooper,7287951,07 26882246,http://www.okkam.org/oaie/person1-address1910,19111212,madison,27
http://www.okkam.org/oaie/person1-Person5200,ward,9645356,08 59927894,http://www.okkam.org/oaie/person1-address5200,19740815,morgan,
http://www.okkam.org/oaie/person1-Person3090,mccarthy,8525944,02 00271518,http://www.okkam.org/oaie/person1-address3090,19121203,jayden,27
http://www.okkam.org/oaie/person1-Person5300,dixon,3518692,02 48757181,http://www.okkam.org/oaie/person1-address5300,19851214,james,30
http://www.okkam.org/oaie/person1-Person4340,souchard,2765608,07 36921198,http://www.okkam.org/oaie/person1-address4340,19570122,georgia,30
http://www.okkam.org/oaie/person1-Person1100,miegel,8250209,07 43789550,http://www.okkam.org/oaie/person1-address1100,19610825,thomas,24
http://www.okkam.org/oaie/person1-Person1260,chivers,4687854,04 37421584,http://www.okkam.org/oaie/person1-address1260,19070112,harrison,35
http://www.okkam.org/oaie/person1-Person1110,risitano,6242988,,http://www.okkam.org/oaie/person1-address1110,,connor,
http://www.okkam.org/oaie/person1-Person2240,cresswell,8220670,07 52277533,http://www.okkam.org/oaie/person1-address2240,19980128,shannon,16
http://www.okkam.org/oaie/person1-Person3290,,9096709,03 98250671,http://www.okkam.org/oaie/person1-address3290,19430922,john,27
http://www.okkam.org/oaie/person1-Person2500,llewellyn,9695220,07 41606947,http://www.okkam.org/oaie/person1-address2500,,jarryd,24
http://www.okkam.org/oaie/person1-Person2790,millhouse,6802679,08 67397378,http://www.okkam.org/oaie/person1-address2790,19221223,victoria,28
http://www.okkam.org/oaie/person1-Person4540,martin,1708956,08 06257690,http://www.okkam.org/oaie/person1-address4540,19191203,erin,27
http://www.okkam.org/oaie/person1-Person570,pollington,4099189,03 45603383,http://www.okkam.org/oaie/person1-address570,19500122,rachel,
http://www.okkam.org/oaie/person1-Person4640,rawson,6362970,04 07776923,http://www.okkam.org/oaie/person1-address4640,19551031,drew,25
http://www.okkam.org/oaie/person1-Person2640,burns,5408108,07 42807833,http://www.okkam.org/oaie/person1-address2640,19581231,logan,
http://www.okkam.org/oaie/person1-Person5400,mosey,3318084,08 91723274,http://www.okkam.org/oaie/person1-address5400,19780308,maya,29
http://www.okkam.org/oaie/person1-Person3390,norton,9587870,08 85907234,http://www.okkam.org/oaie/person1-address3390,19300618,joshua,
http://www.okkam.org/oaie/person1-Person2100,cant,7468461,07 15416855,http://www.okkam.org/oaie/person1-address2100,,adam,26
http://www.okkam.org/oaie/person1-Person430,sharp,4337988,03 19988611,http://www.okkam.org/oaie/person1-address430,19150705,joshua,
http://www.okkam.org/oaie/person1-Person2390,rajkotwala,1409685,08 09102179,http://www.okkam.org/oaie/person1-address2390,19801228,william,30
http://www.okkam.org/oaie/person1-Person4450,gazzola,5385122,07 99732270,http://www.okkam.org/oaie/person1-address4450,19980608,caitlin,29
http://www.okkam.org/oaie/person1-Person5110,,2679017,07 69916808,http://www.okkam.org/oaie/person1-address5110,19390829,ella,21
http://www.okkam.org/oaie/person1-Person1900,dohnt,7045699,07 30506391,http://www.okkam.org/oaie/person1-address1900,19511214,luke,24
http://www.okkam.org/oaie/person1-Person4350,breen,8454601,07 69982856,http://www.okkam.org/oaie/person1-address4350,19030313,belinda,
http://www.okkam.org/oaie/person1-Person1120,shuk,9512591,02 07626939,http://www.okkam.org/oaie/person1-address1120,19040208,michael,30
http://www.okkam.org/oaie/person1-Person1250,macaitis,5725127,02 78119998,http://www.okkam.org/oaie/person1-address1250,19111005,kazuki,23
http://www.okkam.org/oaie/person1-Person2250,wright,2531063,08 78059840,http://www.okkam.org/oaie/person1-address2250,19201015,pascale,20
http://www.okkam.org/oaie/person1-Person4550,o'mahony,6578569,07 22438277,http://www.okkam.org/oaie/person1-address4550,,matthew,22
http://www.okkam.org/oaie/person1-Person2780,bott,7085382,07 01234725,http://www.okkam.org/oaie/person1-address2780,19260222,grace,22
http://www.okkam.org/oaie/person1-Person560,smith,1501618,04 70393799,http://www.okkam.org/oaie/person1-address560,19611109,hayden,25
http://www.okkam.org/oaie/person1-Person4650,medley,8762311,02 03269379,http://www.okkam.org/oaie/person1-address4650,19060212,keira,22
http://www.okkam.org/oaie/person1-Person1390,underwood,1350589,,http://www.okkam.org/oaie/person1-address1390,19591020,thomas,23
http://www.okkam.org/oaie/person1-Person2110,paech,3925280,07 47801281,http://www.okkam.org/oaie/person1-address2110,19060426,olivia,31
http://www.okkam.org/oaie/person1-Person2630,mccumiskey,1939416,02 15874388,http://www.okkam.org/oaie/person1-address2630,19341126,tiarna,23
http://www.okkam.org/oaie/person1-Person5700,waterman,2877295,08 25158808,http://www.okkam.org/oaie/person1-address5700,,katelin,36
http://www.okkam.org/oaie/person1-Person400,smith,2141835,02 18616292,http://www.okkam.org/oaie/person1-address400,19200506,joshua,19
http://www.okkam.org/oaie/person1-Person4460,skinnir,2973763,07 33568172,http://www.okkam.org/oaie/person1-address4460,19730509,sophie,34
http://www.okkam.org/oaie/person1-Person5100,kolb,7931323,03 25507708,http://www.okkam.org/oaie/person1-address5100,19270108,delaney,35
http://www.okkam.org/oaie/person1-Person4320,pritchard,9868007,04 86228838,http://www.okkam.org/oaie/person1-address4320,,ava,27
http://www.okkam.org/oaie/person1-Person300,vafiadis,7794055,04 45149945,http://www.okkam.org/oaie/person1-address300,19731104,joel,31
http://www.okkam.org/oaie/person1-Person4510,browne,2938210,08 92577476,http://www.okkam.org/oaie/person1-address4510,19800723,james,29
http://www.okkam.org/oaie/person1-Person5000,jobson,4139255,08 96077670,http://www.okkam.org/oaie/person1-address5000,19070427,harry,30
http://www.okkam.org/oaie/person1-Person3070,boyd,4667169,07 61250015,http://www.okkam.org/oaie/person1-address3070,19380518,yasmin,25
http://www.okkam.org/oaie/person1-Person5320,shevlin,5814045,07 95527548,http://www.okkam.org/oaie/person1-address5320,,jacob,
http://www.okkam.org/oaie/person1-Person690,langcake,9463008,02 60933285,http://www.okkam.org/oaie/person1-address690,19230909,declen,29
http://www.okkam.org/oaie/person1-Person4520,brereton,2585959,07 89791897,http://www.okkam.org/oaie/person1-address4520,19010115,brandon,28
http://www.okkam.org/oaie/person1-Person2520,goodhew,4368165,08 32513971,http://www.okkam.org/oaie/person1-address2520,19410730,michael,29
http://www.okkam.org/oaie/person1-Person5520,heaps,3097962,03 85526035,http://www.okkam.org/oaie/person1-address5520,19640730,jai,18
http://www.okkam.org/oaie/person1-Person1280,hazell,2747337,04 44941211,http://www.okkam.org/oaie/person1-address1280,19131117,dakota,33
http://www.okkam.org/oaie/person1-Person2220,garten,6633678,04 65874302,http://www.okkam.org/oaie/person1-address2220,19170527,matthew,21
http://www.okkam.org/oaie/person1-Person2120,hawes,4898869,04 90745793,http://www.okkam.org/oaie/person1-address2120,19971113,sophie,30
http://www.okkam.org/oaie/person1-Person3270,steed,9749434,04 80054603,http://www.okkam.org/oaie/person1-address3270,19271004,georgia,
http://www.okkam.org/oaie/person1-Person1380,danylko,7912960,08 57215214,http://www.okkam.org/oaie/person1-address1380,19060502,abii,
http://www.okkam.org/oaie/person1-Person2620,westbrook,1787587,02 20838605,http://www.okkam.org/oaie/person1-address2620,19961118,chloe,29
http://www.okkam.org/oaie/person1-Person4660,crolla,9711882,02 81145527,http://www.okkam.org/oaie/person1-address4660,,bridget,34
http://www.okkam.org/oaie/person1-Person590,hobby,8435197,08 77556138,http://www.okkam.org/oaie/person1-address590,19391026,matthew,24
http://www.okkam.org/oaie/person1-Person5900,monti,2943420,08 68016510,http://www.okkam.org/oaie/person1-address5900,19631126,,32
http://www.okkam.org/oaie/person1-Person5710,robertson,1298808,08 91149546,http://www.okkam.org/oaie/person1-address5710,19240625,cassandra,23
http://www.okkam.org/oaie/person1-Person4470,smethurst,4202002,08 55772522,http://www.okkam.org/oaie/person1-address4470,19341016,bianca,34
http://www.okkam.org/oaie/person1-Person410,voivodich,5929463,08 45843124,http://www.okkam.org/oaie/person1-address410,19191110,hannah,31
http://www.okkam.org/oaie/person1-Person5500,hales,2745569,02 68290153,http://www.okkam.org/oaie/person1-address5500,19190810,keely,
http://www.okkam.org/oaie/person1-Person310,hall,1595082,07 62887807,http://www.okkam.org/oaie/person1-address310,19830107,kate,33
http://www.okkam.org/oaie/person1-Person4330,rainbird,6366442,04 30931896,http://www.okkam.org/oaie/person1-address4330,19630430,ethan,29
http://www.okkam.org/oaie/person1-Person5310,woolf,4031248,08 16658770,http://www.okkam.org/oaie/person1-address5310,19011011,joseph,24
http://www.okkam.org/oaie/person1-Person3080,bunch,1666850,07 32723306,http://www.okkam.org/oaie/person1-address3080,19851203,benjamin,
http://www.okkam.org/oaie/person1-Person4530,rowland,4273380,04 61288158,http://www.okkam.org/oaie/person1-address4530,,,35
http://www.okkam.org/oaie/person1-Person680,walter,9921833,02 94903308,http://www.okkam.org/oaie/person1-address680,19360809,alexandra,23
http://www.okkam.org/oaie/person1-Person2510,orchard,2783543,02 50560627,http://www.okkam.org/oaie/person1-address2510,19821018,jade,26
http://www.okkam.org/oaie/person1-Person3280,karpany,4286158,08 34415384,http://www.okkam.org/oaie/person1-address3280,19750414,brooklyn,21
http://www.okkam.org/oaie/person1-Person5510,smith,1763335,03 63304850,http://www.okkam.org/oaie/person1-address5510,19201211,quinn,
http://www.okkam.org/oaie/person1-Person2230,reichelt,7136083,08 39905336,http://www.okkam.org/oaie/person1-address2230,19730821,eleanor,24
http://www.okkam.org/oaie/person1-Person1270,hardy,5990231,02 98207829,http://www.okkam.org/oaie/person1-address1270,19770219,katelyn,29
http://www.okkam.org/oaie/person1-Person4670,redden,3679781,02 74458518,http://www.okkam.org/oaie/person1-address4670,19450805,lily,33
http://www.okkam.org/oaie/person1-Person2610,kleinig,2035934,07 90173678,http://www.okkam.org/oaie/person1-address2610,19010503,ysobel,
http://www.okkam.org/oaie/person1-Person2130,nguyen,9578484,08 21487919,http://www.okkam.org/oaie/person1-address2130,19820819,,32
http://www.okkam.org/oaie/person1-Person5910,hannam,5995825,07 78882500,http://www.okkam.org/oaie/person1-address5910,19360122,charlotte,35
http://www.okkam.org/oaie/person1-Person1370,talbot,1884499,07 34492224,http://www.okkam.org/oaie/person1-address1370,19310215,briley,23
http://www.okkam.org/oaie/person1-Person1000,briginshaw,2716557,07 02080079,http://www.okkam.org/oaie/person1-address1000,19250719,harriet,29
http://www.okkam.org/oaie/person1-Person580,teeravanit,8931284,04 49110734,http://www.okkam.org/oaie/person1-address580,19371202,kayla,
http://www.okkam.org/oaie/person1-Person3150,chalmers,3832173,07 56042623,http://www.okkam.org/oaie/person1-address3150,19570608,ava,
http://www.okkam.org/oaie/person1-Person2740,reid,2828657,08 52056568,http://www.okkam.org/oaie/person1-address2740,19761005,izaac,23
http://www.okkam.org/oaie/person1-Person5160,fitzgerald,3187038,07 98855083,http://www.okkam.org/oaie/person1-address5160,19430421,olivia,30
http://www.okkam.org/oaie/person1-Person5020,kerrison,7628471,02 03619284,http://www.okkam.org/oaie/person1-address5020,19450814,kimberly,29
http://www.okkam.org/oaie/person1-Person2480,beaumont,7811650,04 54657411,http://www.okkam.org/oaie/person1-address2480,19960205,max,30
http://www.okkam.org/oaie/person1-Person2550,d'silva,8610560,03 55944907,http://www.okkam.org/oaie/person1-address2550,19860705,barkly,31
http://www.okkam.org/oaie/person1-Person10,horne,1709719,02 25926461,http://www.okkam.org/oaie/person1-address10,19441009,madison,33
http://www.okkam.org/oaie/person1-Person4300,robinson,5658549,04 69201750,http://www.okkam.org/oaie/person1-address4300,19361218,james,40
http://www.okkam.org/oaie/person1-Person2340,hounslow,3361550,03 04886232,http://www.okkam.org/oaie/person1-address2340,19700211,paige,
http://www.okkam.org/oaie/person1-Person3050,murphy,1269061,02 29636167,http://www.okkam.org/oaie/person1-address3050,19760721,lukas,35
http://www.okkam.org/oaie/person1-Person2690,kebblewhite,6637928,03 33259422,http://www.okkam.org/oaie/person1-address2690,19850207,courtney,26
http://www.okkam.org/oaie/person1-Person2890,marriott,1571964,07 53858175,http://www.okkam.org/oaie/person1-address2890,19140413,,31
http://www.okkam.org/oaie/person1-Person3910,coombes,6182367,02 99914501,http://www.okkam.org/oaie/person1-address3910,19110709,,36
http://www.okkam.org/oaie/person1-Person5440,hughes,1519351,03 65867656,http://www.okkam.org/oaie/person1-address5440,19511208,campbell,33
http://www.okkam.org/oaie/person1-Person2140,calvert,7032520,04 97257170,http://www.okkam.org/oaie/person1-address2140,19311027,amber,30
http://www.okkam.org/oaie/person1-Person5920,milton,3067705,07 78126199,http://www.okkam.org/oaie/person1-address5920,19360531,sonja,20
http://www.okkam.org/oaie/person1-Person4680,mitchell,8653768,08 42508337,http://www.okkam.org/oaie/person1-address4680,19550305,,
http://www.okkam.org/oaie/person1-Person00,watson,4040257,02 52313048,http://www.okkam.org/oaie/person1-address00,19910316,mikaela,24
http://www.okkam.org/oaie/person1-Person4580,beinke,8075797,04 32516200,http://www.okkam.org/oaie/person1-address4580,,marley,31
http://www.okkam.org/oaie/person1-Person5540,simmons,2243527,08 34609077,http://www.okkam.org/oaie/person1-address5540,19541026,destynii,
http://www.okkam.org/oaie/person1-Person5820,goldthorpe,1589762,08 85821151,http://www.okkam.org/oaie/person1-address5820,19820310,william,34
http://www.okkam.org/oaie/person1-Person2280,peat,4848388,02 90449592,http://www.okkam.org/oaie/person1-address2280,19450303,kate,
http://www.okkam.org/oaie/person1-Person2730,brown,2655655,02 65283099,http://www.okkam.org/oaie/person1-address2730,,dylan,
http://www.okkam.org/oaie/person1-Person3060,page,1181396,07 47406151,http://www.okkam.org/oaie/person1-address3060,19550320,kiana,26
http://www.okkam.org/oaie/person1-Person5150,,4321574,02 78081785,http://www.okkam.org/oaie/person1-address5150,19290614,brayden,31
http://www.okkam.org/oaie/person1-Person1490,philbey,9525692,07 43395709,http://www.okkam.org/oaie/person1-address1490,19350903,taylah,23
http://www.okkam.org/oaie/person1-Person5010,mundy,9805917,08 25561125,http://www.okkam.org/oaie/person1-address5010,19561203,campbell,31
http://www.okkam.org/oaie/person1-Person3160,hadley,8290723,03 91841960,http://www.okkam.org/oaie/person1-address3160,,,27
http://www.okkam.org/oaie/person1-Person4310,chamberlain,4175321,,http://www.okkam.org/oaie/person1-address4310,19081113,joshua,
http://www.okkam.org/oaie/person1-Person2540,belshaw,4110709,07 39929972,http://www.okkam.org/oaie/person1-address2540,19220228,matilda,25
http://www.okkam.org/oaie/person1-Person5840,gibson,4662693,07 86902395,http://www.okkam.org/oaie/person1-address5840,19381029,chloe,29
http://www.okkam.org/oaie/person1-Person2490,godfrey,2782686,04 57563194,http://www.okkam.org/oaie/person1-address2490,19490930,amy,
http://www.okkam.org/oaie/person1-Person4410,ross,9316422,03 50562890,http://www.okkam.org/oaie/person1-address4410,19881123,finlay,
http://www.okkam.org/oaie/person1-Person2680,cameron,8140243,03 40316795,http://www.okkam.org/oaie/person1-address2680,19470115,samuel,
http://www.okkam.org/oaie/person1-Person2350,cleland,7633926,08 18833931,http://www.okkam.org/oaie/person1-address2350,19041222,caleb,
http://www.okkam.org/oaie/person1-Person2290,ware,7933538,02 60353024,http://www.okkam.org/oaie/person1-address2290,19520721,alannah,23
http://www.okkam.org/oaie/person1-Person3900,jones,1962105,03 18384853,http://www.okkam.org/oaie/person1-address3900,19161204,lani,32
http://www.okkam.org/oaie/person1-Person2880,castiglione,3964448,08 51507119,http://www.okkam.org/oaie/person1-address2880,19600229,tori,24
http://www.okkam.org/oaie/person1-Person2150,brealay,1161987,04 58370956,http://www.okkam.org/oaie/person1-address2150,19290708,kirrah,28
http://www.okkam.org/oaie/person1-Person5430,harvey,8819272,02 92790123,http://www.okkam.org/oaie/person1-address5430,19080516,kira,32
http://www.okkam.org/oaie/person1-Person4900,badenach,5903509,08 59808992,http://www.okkam.org/oaie/person1-address4900,19960619,adam,25
http://www.okkam.org/oaie/person1-Person5930,,2423190,04 04997319,http://www.okkam.org/oaie/person1-address5930,19830927,aleisha,
http://www.okkam.org/oaie/person1-Person4690,moerland,1440052,03 32413451,http://www.okkam.org/oaie/person1-address4690,19991002,bianca,14
http://www.okkam.org/oaie/person1-Person4400,herbert,4571874,07 12581785,http://www.okkam.org/oaie/person1-address4400,19100418,richard,
http://www.okkam.org/oaie/person1-Person5830,dougals,8019109,07 30084509,http://www.okkam.org/oaie/person1-address5830,19450702,lucas,26
http://www.okkam.org/oaie/person1-Person1290,leske,3838361,02 71462928,http://www.okkam.org/oaie/person1-address1290,19750202,jack,38
http://www.okkam.org/oaie/person1-Person5530,donohoue,5910874,07 31007395,http://www.okkam.org/oaie/person1-address5530,19160731,charlotte,22
http://www.okkam.org/oaie/person1-Person2530,,2383014,08 12144661,http://www.okkam.org/oaie/person1-address2530,19190521,alyssa,26
http://www.okkam.org/oaie/person1-Person4590,,1598271,02 44998953,http://www.okkam.org/oaie/person1-address4590,,thomas,40
http://www.okkam.org/oaie/person1-Person30,narayan,2469034,02 78676630,http://www.okkam.org/oaie/person1-address30,19350521,william,23
http://www.okkam.org/oaie/person1-Person2570,newman,3888679,07 05987813,http://www.okkam.org/oaie/person1-address2570,19850918,amaya,22
http://www.okkam.org/oaie/person1-Person2460,montgomerie,2660575,07 02589584,http://www.okkam.org/oaie/person1-address2460,19570209,connor,35
http://www.okkam.org/oaie/person1-Person5040,coffey,1262536,03 85317504,http://www.okkam.org/oaie/person1-address5040,19450318,tahlia,
http://www.okkam.org/oaie/person1-Person2860,virgara,7697192,02 03009228,http://www.okkam.org/oaie/person1-address2860,19880228,lily,
http://www.okkam.org/oaie/person1-Person3170,,9074891,02 53834734,http://www.okkam.org/oaie/person1-address3170,19230328,catherine,29
http://www.okkam.org/oaie/person1-Person3030,starr,3057589,07 34662655,http://www.okkam.org/oaie/person1-address3030,19320813,tylah,19
http://www.okkam.org/oaie/person1-Person5140,harness,7662007,04 42700240,http://www.okkam.org/oaie/person1-address5140,19100704,reuben,39
http://www.okkam.org/oaie/person1-Person5950,sadler,1045470,08 24371679,http://www.okkam.org/oaie/person1-address5950,,matisse,33
http://www.okkam.org/oaie/person1-Person2670,barber,9589218,04 00516899,http://www.okkam.org/oaie/person1-address2670,19900121,tarnee,
http://www.okkam.org/oaie/person1-Person4420,duggan,3010427,08 21347313,http://www.okkam.org/oaie/person1-address4420,19540708,jack,28
http://www.okkam.org/oaie/person1-Person2360,strachan,2681197,04 76040005,http://www.okkam.org/oaie/person1-address2360,19510804,lachlan,32
http://www.okkam.org/oaie/person1-Person5940,rowlands,8660960,04 04541387,http://www.okkam.org/oaie/person1-address5940,19170715,lachlan,25
http://www.okkam.org/oaie/person1-Person3930,stephens,6279435,02 58518810,http://www.okkam.org/oaie/person1-address3930,19060228,matthew,
http://www.okkam.org/oaie/person1-Person5420,virgo,1755170,08 12935911,http://www.okkam.org/oaie/person1-address5420,19990410,isabella,22
http://www.okkam.org/oaie/person1-Person2160,smith,1665413,04 87423002,http://www.okkam.org/oaie/person1-address2160,19010113,tara,35
http://www.okkam.org/oaie/person1-Person2870,pithouse,8022473,02 62285572,http://www.okkam.org/oaie/person1-address2870,19201218,stirling,36
http://www.okkam.org/oaie/person1-Person5560,flower,4556523,08 72942424,http://www.okkam.org/oaie/person1-address5560,19480202,scott,29
http://www.okkam.org/oaie/person1-Person2770,tisher,5610426,03 13231745,http://www.okkam.org/oaie/person1-address2770,19731127,dylan,27
http://www.okkam.org/oaie/person1-Person2260,khizam,3259997,08 17825318,http://www.okkam.org/oaie/person1-address2260,19191114,kyah,32
http://www.okkam.org/oaie/person1-Person5800,robinson,2096924,07 06858265,http://www.okkam.org/oaie/person1-address5800,,joshua,19
http://www.okkam.org/oaie/person1-Person4560,lee,6907172,02 89952423,http://www.okkam.org/oaie/person1-address4560,19731218,jacob,28
http://www.okkam.org/oaie/person1-Person20,caught,2141245,04 09051225,http://www.okkam.org/oaie/person1-address20,19260814,shannon,25
http://www.okkam.org/oaie/person1-Person2470,currie,7376196,08 79715289,http://www.okkam.org/oaie/person1-address2470,19460803,jordan,17
http://www.okkam.org/oaie/person1-Person2560,huddleston,9456136,02 16139569,http://www.okkam.org/oaie/person1-address2560,19230602,joshua,25
http://www.okkam.org/oaie/person1-Person5030,flack,9923129,04 60808470,http://www.okkam.org/oaie/person1-address5030,19151117,shelbey,
http://www.okkam.org/oaie/person1-Person2750,mccormick,2265821,07 85462201,http://www.okkam.org/oaie/person1-address2750,19570416,chloe,30
http://www.okkam.org/oaie/person1-Person5130,osborne,6150525,07 28312603,http://www.okkam.org/oaie/person1-address5130,19360711,benjamin,28
http://www.okkam.org/oaie/person1-Person3180,scott,8838332,04 73909989,http://www.okkam.org/oaie/person1-address3180,19610519,william,35
http://www.okkam.org/oaie/person1-Person3040,schneider,7310487,,http://www.okkam.org/oaie/person1-address3040,19660619,lachlan,31
http://www.okkam.org/oaie/person1-Person2850,mogg,7850490,08 07172511,http://www.okkam.org/oaie/person1-address2850,19310506,shane,34
http://www.okkam.org/oaie/person1-Person2370,glass,3292302,02 47748185,http://www.okkam.org/oaie/person1-address2370,19941011,coby,20
http://www.okkam.org/oaie/person1-Person2660,nerlich,1103319,02 88654514,http://www.okkam.org/oaie/person1-address2660,19191018,deakin,37
http://www.okkam.org/oaie/person1-Person4430,kim,1577871,03 91778027,http://www.okkam.org/oaie/person1-address4430,19631006,megan,35
http://www.okkam.org/oaie/person1-Person5960,bowe,7261293,08 82994511,http://www.okkam.org/oaie/person1-address5960,19871118,carlin,27
http://www.okkam.org/oaie/person1-Person5410,,1371072,04 44775884,http://www.okkam.org/oaie/person1-address5410,19990721,madeleine,16
http://www.okkam.org/oaie/person1-Person3920,arlott,1406461,03 74309538,http://www.okkam.org/oaie/person1-address3920,19731109,ruby,34
http://www.okkam.org/oaie/person1-Person2170,voyvodic,2720842,08 25892474,http://www.okkam.org/oaie/person1-address2170,19571023,kate,34
http://www.okkam.org/oaie/person1-Person2760,ellenbroek,6683575,08 30910303,http://www.okkam.org/oaie/person1-address2760,19770921,matthew,31
http://www.okkam.org/oaie/person1-Person2270,wilkes,7468906,,http://www.okkam.org/oaie/person1-address2270,19960930,simone,31
http://www.okkam.org/oaie/person1-Person5550,smith,9317645,08 05516155,http://www.okkam.org/oaie/person1-address5550,19670416,lucy,25
http://www.okkam.org/oaie/person1-Person4570,djakovac,8965309,08 04524228,http://www.okkam.org/oaie/person1-address4570,19970724,serena,32
http://www.okkam.org/oaie/person1-Person5810,harris,6795970,,http://www.okkam.org/oaie/person1-address5810,19950211,ruby,30
