ID,http://www.okkam.org/ontology_person2.owl#surname,http://www.okkam.org/ontology_person2.owl#phone_numer,http://www.okkam.org/ontology_person2.owl#soc_sec_id,http://www.okkam.org/ontology_person2.owl#date_of_birth,http://www.okkam.org/ontology_person2.owl#has_address,http://www.okkam.org/ontology_person2.owl#given_name,http://www.okkam.org/ontology_person2.owl#age
http://www.okkam.org/oaie/person2-Person1221,watsn,04 04939750,3502451,,http://www.okkam.org/oaie/person2-address1221,emicuyy,38
http://www.okkam.org/oaie/person2-Person3222,fosgdr,08 52784833,8881164,19360959,http://www.okkam.org/oaie/person2-address3222,blize,27
http://www.okkam.org/oaie/person2-Person3223,fowvr,08 52784833,8881164,19360409,http://www.okkam.org/oaie/person2-address3223,blaize,
http://www.okkam.org/oaie/person2-Person3221,forster,08 52784833,8881164,19360994,http://www.okkam.org/oaie/person2-address3221,blaize,92
http://www.okkam.org/oaie/person2-Person2751,bolajd,07 85462201,2265821,19570416,http://www.okkam.org/oaie/person2-address2751,chloe,30
http://www.okkam.org/oaie/person2-Person1875,goveas,03 48869235,9724716,,http://www.okkam.org/oaie/person2-address1875,liam,23
http://www.okkam.org/oaie/person2-Person1876,govdas,03 48869235,9709816,19010817,http://www.okkam.org/oaie/person2-address1876,lim,
http://www.okkam.org/oaie/person2-Person1877,goveaa,03 48869235,9709761,19010817,http://www.okkam.org/oaie/person2-address1877,liam,13
http://www.okkam.org/oaie/person2-Person1871,govezs,03 48869235,9709441,19470418,http://www.okkam.org/oaie/person2-address1871,lia k,23
http://www.okkam.org/oaie/person2-Person1872,goceaz,03 48879235,9709761,10981017,http://www.okkam.org/oaie/person2-address1872,liam,33
http://www.okkam.org/oaie/person2-Person1873,goveas,03 48869235,9797961,19010827,http://www.okkam.org/oaie/person2-address1873,liam,30
http://www.okkam.org/oaie/person2-Person1874,govoeaas,07 22643587,9709761,,http://www.okkam.org/oaie/person2-address1874,lia m,23
http://www.okkam.org/oaie/person2-Person3228,forshwr,08 52784833,8881154,19360409,http://www.okkam.org/oaie/person2-address3228,blaize,63
http://www.okkam.org/oaie/person2-Person3225,forster,08 52784833,8885654,19360409,http://www.okkam.org/oaie/person2-address3225,bl,25
http://www.okkam.org/oaie/person2-Person3224,fodtd,08 52784833,8881164,19360409,http://www.okkam.org/oaie/person2-address3224,blaize,03
http://www.okkam.org/oaie/person2-Person1551,linthrne,02 27454261,8983704,19450172,http://www.okkam.org/oaie/person2-address1551,rachlh,34
http://www.okkam.org/oaie/person2-Person3227,forster,08 52784833,8881146,19369490,http://www.okkam.org/oaie/person2-address3227,blajze,27
http://www.okkam.org/oaie/person2-Person3226,forater,08 52684833,8886114,19360049,http://www.okkam.org/oaie/person2-address3226,blaze,27
http://www.okkam.org/oaie/person2-Person1224,watson,04 04337950,3501215,,http://www.okkam.org/oaie/person2-address1224,emiily,32
http://www.okkam.org/oaie/person2-Person1223,watson,04 04337950,3502415,,http://www.okkam.org/oaie/person2-address1223,kailey,
http://www.okkam.org/oaie/person2-Person1222,,04 04337950,3502451,19800817,http://www.okkam.org/oaie/person2-address1222,watson,38
http://www.okkam.org/oaie/person2-Person5791,willuaks,03 67950744,1702458,19320297,http://www.okkam.org/oaie/person2-address5791,robert,
http://www.okkam.org/oaie/person2-Person5792,williams,03 67693744,1702858,19320297,http://www.okkam.org/oaie/person2-address5792,rof,
http://www.okkam.org/oaie/person2-Person2634,mccumiskey,02 15807388,1939416,19341126,http://www.okkam.org/oaie/person2-address2634,tiarna,23
http://www.okkam.org/oaie/person2-Person2631,mccumokskey,02 15874388,1933616,19341126,http://www.okkam.org/oaie/person2-address2631,tiraa,23
http://www.okkam.org/oaie/person2-Person2633,mccumhistkey,02 15874388,1934016,19341126,http://www.okkam.org/oaie/person2-address2633,tiarna,23
http://www.okkam.org/oaie/person2-Person2632,mccumziskey,02 15874388,1934916,19341126,http://www.okkam.org/oaie/person2-address2632,tianba,23
http://www.okkam.org/oaie/person2-Person191,samantha,,8804104,19677129,http://www.okkam.org/oaie/person2-address191,oakley,
http://www.okkam.org/oaie/person2-Person3201,selth,08 94726852,4866172,19080214,http://www.okkam.org/oaie/person2-address3201,mopy,33
http://www.okkam.org/oaie/person2-Person1754,tapp,04 05949664,1139688,19240373,http://www.okkam.org/oaie/person2-address1754,jack,39
http://www.okkam.org/oaie/person2-Person1755,tapp,,1139688,19240023,http://www.okkam.org/oaie/person2-address1755,jack,38
http://www.okkam.org/oaie/person2-Person1561,ranr,03 34446136,9877814,19481223,http://www.okkam.org/oaie/person2-address1561,nichpas,27
http://www.okkam.org/oaie/person2-Person1756,taps,04 05949664,1139688,,http://www.okkam.org/oaie/person2-address1756,rubh,38
http://www.okkam.org/oaie/person2-Person1757,taoe,04 05949664,1139688,19249203,http://www.okkam.org/oaie/person2-address1757,jack,38
http://www.okkam.org/oaie/person2-Person1751,tapp,04 05949664,1139386,19240203,http://www.okkam.org/oaie/person2-address1751,jack,38
http://www.okkam.org/oaie/person2-Person1752,,03 48122415,1139688,19240203,http://www.okkam.org/oaie/person2-address1752,jsvk,38
http://www.okkam.org/oaie/person2-Person1753,tapp,04 05949664,1139688,,http://www.okkam.org/oaie/person2-address1753,jack,38
http://www.okkam.org/oaie/person2-Person715,martkbn,07 28598995,1194250,19770117,http://www.okkam.org/oaie/person2-address715,hayddm,33
http://www.okkam.org/oaie/person2-Person716,martin,07 28598995,1192460,19771027,http://www.okkam.org/oaie/person2-address716,haydm,
http://www.okkam.org/oaie/person2-Person717,mar tun,07 28588995,1192760,19771027,http://www.okkam.org/oaie/person2-address717,hayden,33
http://www.okkam.org/oaie/person2-Person718,martin,07 28598995,1192460,19601221,http://www.okkam.org/oaie/person2-address718,haiydin,33
http://www.okkam.org/oaie/person2-Person711,marthin,07 28598995,1192460,19772172,http://www.okkam.org/oaie/person2-address711,hayden,33
http://www.okkam.org/oaie/person2-Person712,martcn,07 28598995,1192460,19761077,http://www.okkam.org/oaie/person2-address712,hayden,35
http://www.okkam.org/oaie/person2-Person713,martin,07 28598995,1192460,19771027,http://www.okkam.org/oaie/person2-address713,hayden,33
http://www.okkam.org/oaie/person2-Person714,martirn,07 28288995,1192460,19080117,http://www.okkam.org/oaie/person2-address714,,33
http://www.okkam.org/oaie/person2-Person4913,miller,08 75426520,6788521,19211009,http://www.okkam.org/oaie/person2-address4913,jackson,29
http://www.okkam.org/oaie/person2-Person3621,blackjrn,07 74014749,9198462,19897004,http://www.okkam.org/oaie/person2-address3621,zac,
http://www.okkam.org/oaie/person2-Person4911,miller,08 75426520,6785821,19250919,http://www.okkam.org/oaie/person2-address4911,jacsin,23
http://www.okkam.org/oaie/person2-Person3622,blacmburn,07 74104749,9198362,,http://www.okkam.org/oaie/person2-address3622,zac,
http://www.okkam.org/oaie/person2-Person4912,miller,08 75426520,6788521,19250719,http://www.okkam.org/oaie/person2-address4912,jackson,
http://www.okkam.org/oaie/person2-Person3623,blackburn,07 74014749,9197632,19722115,http://www.okkam.org/oaie/person2-address3623,zalv,
http://www.okkam.org/oaie/person2-Person1771,,08 68276978,8797297,19750713,http://www.okkam.org/oaie/person2-address1771,hayllee,42
http://www.okkam.org/oaie/person2-Person3211,flemm iang,04 78877909,3588292,19860516,http://www.okkam.org/oaie/person2-address3211,baileo,
http://www.okkam.org/oaie/person2-Person3203,selyh,08 94782852,4861819,,http://www.okkam.org/oaie/person2-address3203,molly,24
http://www.okkam.org/oaie/person2-Person845,benjamin,03 39829272,3606633,19800912,http://www.okkam.org/oaie/person2-address845,anrdes,30
http://www.okkam.org/oaie/person2-Person3202,selth,08 94782852,4866172,19082214,http://www.okkam.org/oaie/person2-address3202,moyw,24
http://www.okkam.org/oaie/person2-Person3205,sektg,08 94782852,9061852,19080214,http://www.okkam.org/oaie/person2-address3205,moly,24
http://www.okkam.org/oaie/person2-Person843,benjamin,03 39829272,3606533,19820012,http://www.okkam.org/oaie/person2-address843,andy,30
http://www.okkam.org/oaie/person2-Person3204,seltig,08 94782852,4866172,19080024,http://www.okkam.org/oaie/person2-address3204,molly,24
http://www.okkam.org/oaie/person2-Person844,benjzsnin,03 39829272,3606633,19261118,http://www.okkam.org/oaie/person2-address844,dre,30
http://www.okkam.org/oaie/person2-Person2771,tisher,03 13231745,5610426,,http://www.okkam.org/oaie/person2-address2771,ryy,34
http://www.okkam.org/oaie/person2-Person841,benjeamin,03 39859722,3606633,19997081,http://www.okkam.org/oaie/person2-address841,andrew,30
http://www.okkam.org/oaie/person2-Person842,benjamin,03 39829272,3606633,,http://www.okkam.org/oaie/person2-address842,ctz,30
http://www.okkam.org/oaie/person2-Person4411,roaw,03 50562890,9316422,19881173,http://www.okkam.org/oaie/person2-address4411,finlyx,
http://www.okkam.org/oaie/person2-Person1773,mowwt,08 68476978,8797897,19750113,http://www.okkam.org/oaie/person2-address1773,,36
http://www.okkam.org/oaie/person2-Person1772,,08 68874998,8797897,19750113,http://www.okkam.org/oaie/person2-address1772,hayley,36
http://www.okkam.org/oaie/person2-Person1775,,08 68276978,8797897,19705113,http://www.okkam.org/oaie/person2-address1775,hayley,36
http://www.okkam.org/oaie/person2-Person1774,,08 68726978,8797897,19705713,http://www.okkam.org/oaie/person2-address1774,hayley,36
http://www.okkam.org/oaie/person2-Person1777,,07 61850313,5523011,19750113,http://www.okkam.org/oaie/person2-address1777,hayely,
http://www.okkam.org/oaie/person2-Person1776,,,8797897,19705913,http://www.okkam.org/oaie/person2-address1776,hayley,35
http://www.okkam.org/oaie/person2-Person1778,,08 68276978,8737797,,http://www.okkam.org/oaie/person2-address1778,haylecy,36
http://www.okkam.org/oaie/person2-Person2402,bakker,02 07225867,5761106,19046704,http://www.okkam.org/oaie/person2-address2402,vaness,35
http://www.okkam.org/oaie/person2-Person4418,ross,03 50562890,9316422,19881132,http://www.okkam.org/oaie/person2-address4418,finlvyz,
http://www.okkam.org/oaie/person2-Person2401,bakker,02 07250867,5764106,19610913,http://www.okkam.org/oaie/person2-address2401,shawn,
http://www.okkam.org/oaie/person2-Person4419,ro,03 50562890,9316422,19881023,http://www.okkam.org/oaie/person2-address4419,finlay,
http://www.okkam.org/oaie/person2-Person4416,roas,03 50562890,9316422,19881123,http://www.okkam.org/oaie/person2-address4416,fintay,
http://www.okkam.org/oaie/person2-Person4417,rosd,03 50562890,9316842,19881313,http://www.okkam.org/oaie/person2-address4417,finlay,
http://www.okkam.org/oaie/person2-Person1473,ingerson,07 78364736,7365138,19271107,http://www.okkam.org/oaie/person2-address1473,tiana,34
http://www.okkam.org/oaie/person2-Person2406,bakkar,02 07250867,5764106,19610913,http://www.okkam.org/oaie/person2-address2406,vanwssa,35
http://www.okkam.org/oaie/person2-Person4414,rose,03 50562890,9316422,19881223,http://www.okkam.org/oaie/person2-address4414,finakh,
http://www.okkam.org/oaie/person2-Person2405,bakker,02 07850867,5764106,19270720,http://www.okkam.org/oaie/person2-address2405,vanessa,35
http://www.okkam.org/oaie/person2-Person1474,ingerson,07 79367436,1207608,19271107,http://www.okkam.org/oaie/person2-address1474,tizna,36
http://www.okkam.org/oaie/person2-Person4415,roljl,03 50562890,9316422,19500629,http://www.okkam.org/oaie/person2-address4415,fiiey,
http://www.okkam.org/oaie/person2-Person2404,bakkfee,02 07250867,5764026,19610913,http://www.okkam.org/oaie/person2-address2404,vanessa,53
http://www.okkam.org/oaie/person2-Person1471,ingero,07 78376436,1188822,19271617,http://www.okkam.org/oaie/person2-address1471,tiana,29
http://www.okkam.org/oaie/person2-Person4412,roscs,07 73684580,9316422,19860506,http://www.okkam.org/oaie/person2-address4412,finlay,
http://www.okkam.org/oaie/person2-Person2403,bakker,02 07280867,5764106,16912053,http://www.okkam.org/oaie/person2-address2403,vaessa,35
http://www.okkam.org/oaie/person2-Person1472,tisna,07 78376436,7365138,19201017,http://www.okkam.org/oaie/person2-address1472,ingrson,
http://www.okkam.org/oaie/person2-Person4413,,03 50562890,9316122,19881123,http://www.okkam.org/oaie/person2-address4413,finay,
http://www.okkam.org/oaie/person2-Person2409,bakker,02 07250867,5764106,19619931,http://www.okkam.org/oaie/person2-address2409,neswi,35
http://www.okkam.org/oaie/person2-Person2408,bakkhdt,02 07250867,5764106,,http://www.okkam.org/oaie/person2-address2408,vanessa,35
http://www.okkam.org/oaie/person2-Person2407,bakker,02 07259867,5764106,19610913,http://www.okkam.org/oaie/person2-address2407,vanessa,30
http://www.okkam.org/oaie/person2-Person5662,adams,02 47365655,1766070,,http://www.okkam.org/oaie/person2-address5662,lilh,
http://www.okkam.org/oaie/person2-Person5661,adams,02 47623625,1766070,,http://www.okkam.org/oaie/person2-address5661,lily,
http://www.okkam.org/oaie/person2-Person4941,,04 25002754,6951523,19751027,http://www.okkam.org/oaie/person2-address4941,sorretnwno,30
http://www.okkam.org/oaie/person2-Person1475,tiaha,08 90495972,7365138,19271107,http://www.okkam.org/oaie/person2-address1475,ingerson,29
http://www.okkam.org/oaie/person2-Person4942,sorrentino,04 25002754,5226274,19751207,http://www.okkam.org/oaie/person2-address4942,emiioy,30
http://www.okkam.org/oaie/person2-Person1922,kriekenbeek,08 49668670,2923184,19831113,http://www.okkam.org/oaie/person2-address1922,connor,29
http://www.okkam.org/oaie/person2-Person1921,kriekeneek,04 57116075,2923684,19381313,http://www.okkam.org/oaie/person2-address1921,connor,29
http://www.okkam.org/oaie/person2-Person4041,matthwusw,02 89083657,7324089,19790105,http://www.okkam.org/oaie/person2-address4041,isabella,
http://www.okkam.org/oaie/person2-Person2532,,08 12144661,2383014,19190503,http://www.okkam.org/oaie/person2-address2532,alyssa,26
http://www.okkam.org/oaie/person2-Person811,gray,08 77958622,4424714,,http://www.okkam.org/oaie/person2-address811,anb,29
http://www.okkam.org/oaie/person2-Person2531,,08 12144661,2383014,19190521,http://www.okkam.org/oaie/person2-address2531,alyssa,26
http://www.okkam.org/oaie/person2-Person2534,,08 12144661,2383014,19190271,http://www.okkam.org/oaie/person2-address2534,,72
http://www.okkam.org/oaie/person2-Person2533,,08 12144661,2383514,19490269,http://www.okkam.org/oaie/person2-address2533,alyssa,26
http://www.okkam.org/oaie/person2-Person812,sapio,08 77958622,4424714,19204022,http://www.okkam.org/oaie/person2-address812,amy,29
http://www.okkam.org/oaie/person2-Person2536,,08 12144661,2338141,19190521,http://www.okkam.org/oaie/person2-address2536,alussa,26
http://www.okkam.org/oaie/person2-Person2535,,08 12144661,1868054,,http://www.okkam.org/oaie/person2-address2535,alyssa,25
http://www.okkam.org/oaie/person2-Person2538,,08 12144661,2383014,19100551,http://www.okkam.org/oaie/person2-address2538,alyssa,26
http://www.okkam.org/oaie/person2-Person2537,secker,08 12144661,1470901,,http://www.okkam.org/oaie/person2-address2537,alysq,26
http://www.okkam.org/oaie/person2-Person1628,sorregtino,07 73208154,6260084,19150517,http://www.okkam.org/oaie/person2-address1628,shawn,31
http://www.okkam.org/oaie/person2-Person2721,bazief,08 42877650,9253068,19003070,http://www.okkam.org/oaie/person2-address2721,caely,
http://www.okkam.org/oaie/person2-Person1626,sorrentino,07 73208154,6904337,19150517,http://www.okkam.org/oaie/person2-address1626,shqag,30
http://www.okkam.org/oaie/person2-Person1627,sorrentino,07 73208154,6260024,19150517,http://www.okkam.org/oaie/person2-address1627,shnw,00
http://www.okkam.org/oaie/person2-Person2724,baker,08 42787650,9254068,19039209,http://www.okkam.org/oaie/person2-address2724,carly,
http://www.okkam.org/oaie/person2-Person2725,bal r,08 42787650,9253068,19030709,http://www.okkam.org/oaie/person2-address2725,carly,
http://www.okkam.org/oaie/person2-Person2722,bazcrr,08 42886650,9253068,19030709,http://www.okkam.org/oaie/person2-address2722,carly,
http://www.okkam.org/oaie/person2-Person2723,bamdrk,08 42877650,9253968,19030009,http://www.okkam.org/oaie/person2-address2723,carky,
http://www.okkam.org/oaie/person2-Person1621,shanw,07 73208154,6260084,19150517,http://www.okkam.org/oaie/person2-address1621,sorrenino,03
http://www.okkam.org/oaie/person2-Person2726,baker,08 42770650,9253068,19037006,http://www.okkam.org/oaie/person2-address2726,casa,
http://www.okkam.org/oaie/person2-Person1624,sorrentino,07 73208154,6260084,19150217,http://www.okkam.org/oaie/person2-address1624,giacomo,35
http://www.okkam.org/oaie/person2-Person1293,leske,,4961895,19750202,http://www.okkam.org/oaie/person2-address1293,jack,38
http://www.okkam.org/oaie/person2-Person1625,,07 73208154,6260084,19150517,http://www.okkam.org/oaie/person2-address1625,shawn,30
http://www.okkam.org/oaie/person2-Person1292,le skr,02 71462928,8338365,19705052,http://www.okkam.org/oaie/person2-address1292,jack,38
http://www.okkam.org/oaie/person2-Person1622,sorrentino,07 73208154,6260084,,http://www.okkam.org/oaie/person2-address1622,shawn,32
http://www.okkam.org/oaie/person2-Person1291,lwse,02 71462928,3838361,19750202,http://www.okkam.org/oaie/person2-address1291,jack,83
http://www.okkam.org/oaie/person2-Person1623,sorrentinl,07 73208154,6260084,,http://www.okkam.org/oaie/person2-address1623,shadn,30
http://www.okkam.org/oaie/person2-Person1495,philbey,04 48936530,9525692,19359393,http://www.okkam.org/oaie/person2-address1495,taylah,23
http://www.okkam.org/oaie/person2-Person1493,phlbey,07 43395709,9525692,19350903,http://www.okkam.org/oaie/person2-address1493,tayxh,37
http://www.okkam.org/oaie/person2-Person1494,philbey,04 93059131,3419701,19350903,http://www.okkam.org/oaie/person2-address1494,taylab,24
http://www.okkam.org/oaie/person2-Person1491,phiplbqy,07 43395709,9525692,19350603,http://www.okkam.org/oaie/person2-address1491,taylh,22
http://www.okkam.org/oaie/person2-Person1492,philtcvey,07 43395709,9525692,19350903,http://www.okkam.org/oaie/person2-address1492,tayalgh,23
http://www.okkam.org/oaie/person2-Person931,dyoan,07 28649896,7950955,19260930,http://www.okkam.org/oaie/person2-address931,white,26
http://www.okkam.org/oaie/person2-Person932,white,07 28684896,7955055,19206930,http://www.okkam.org/oaie/person2-address932,dillo,29
http://www.okkam.org/oaie/person2-Person3034,starcy,03 49919750,3057589,19329713,http://www.okkam.org/oaie/person2-address3034,tylah,19
http://www.okkam.org/oaie/person2-Person3033,starr,03 33286983,3057985,,http://www.okkam.org/oaie/person2-address3033,tylihfah,19
http://www.okkam.org/oaie/person2-Person3032,breynaord,07 34662655,3050779,19320813,http://www.okkam.org/oaie/person2-address3032,tylay,19
http://www.okkam.org/oaie/person2-Person3031,starr,07 34668655,3057589,19320813,http://www.okkam.org/oaie/person2-address3031,tylah,
http://www.okkam.org/oaie/person2-Person4261,fairinzton,03 05759138,2573921,19300707,http://www.okkam.org/oaie/person2-address4261,hayden,
http://www.okkam.org/oaie/person2-Person4463,skinnir,07 33586172,2973753,19730509,http://www.okkam.org/oaie/person2-address4463,socie,37
http://www.okkam.org/oaie/person2-Person4464,skinnir,07 33568172,2973763,19730509,http://www.okkam.org/oaie/person2-address4464,sophie,
http://www.okkam.org/oaie/person2-Person4465,skinnir,07 33568172,2973436,19370509,http://www.okkam.org/oaie/person2-address4465,sophie,56
http://www.okkam.org/oaie/person2-Person622,o'triwn,08 33089039,9382678,19720224,http://www.okkam.org/oaie/person2-address622,lillian,31
http://www.okkam.org/oaie/person2-Person4466,skinf,07 33568172,2977363,19730509,http://www.okkam.org/oaie/person2-address4466,sophyye,34
http://www.okkam.org/oaie/person2-Person621,o'brien,04 60902942,9382678,19720224,http://www.okkam.org/oaie/person2-address621,lillian,32
http://www.okkam.org/oaie/person2-Person4461,skinntr,07 33568172,2973763,19734090,http://www.okkam.org/oaie/person2-address4461,soria,83
http://www.okkam.org/oaie/person2-Person4462,skknnr,07 33568172,2973763,19730059,http://www.okkam.org/oaie/person2-address4462,sophie,34
http://www.okkam.org/oaie/person2-Person5301,dixon,02 48768181,3518692,19851214,http://www.okkam.org/oaie/person2-address5301,james,39
http://www.okkam.org/oaie/person2-Person5923,milfcoh,07 78126199,3057825,19360531,http://www.okkam.org/oaie/person2-address5923,sonja,20
http://www.okkam.org/oaie/person2-Person624,o'brien,08 33589039,9382758,19720224,http://www.okkam.org/oaie/person2-address624,lillian,31
http://www.okkam.org/oaie/person2-Person5922,mitlin,07 78126199,3067705,19630571,http://www.okkam.org/oaie/person2-address5922,sonjja,20
http://www.okkam.org/oaie/person2-Person623,o'brien,08 33089039,9382678,19270214,http://www.okkam.org/oaie/person2-address623,lillian,
http://www.okkam.org/oaie/person2-Person5921,miltln,07 78126199,3067705,19872204,http://www.okkam.org/oaie/person2-address5921,sona,20
http://www.okkam.org/oaie/person2-Person625,o'brken,08 33089039,9382778,,http://www.okkam.org/oaie/person2-address625,lillianna,31
http://www.okkam.org/oaie/person2-Person4469,skinnir,,2973763,19730509,http://www.okkam.org/oaie/person2-address4469,sophke,34
http://www.okkam.org/oaie/person2-Person4468,sknnir,07 33568172,2973453,19730509,http://www.okkam.org/oaie/person2-address4468,sopgmie,34
http://www.okkam.org/oaie/person2-Person4467,skiqngiar,07 33568172,2973346,19730629,http://www.okkam.org/oaie/person2-address4467,sop hie,34
http://www.okkam.org/oaie/person2-Person3181,wiqlt,04 73909989,8838332,19760306,http://www.okkam.org/oaie/person2-address3181,scott,36
http://www.okkam.org/oaie/person2-Person5621,abrihibzadah,04 78262584,1696219,19811210,http://www.okkam.org/oaie/person2-address5621,jor,
http://www.okkam.org/oaie/person2-Person3182,gray,04 73907899,8838332,19610519,http://www.okkam.org/oaie/person2-address3182,wiqie,35
http://www.okkam.org/oaie/person2-Person5628,abrihimadah,02 94331209,1696219,19811120,http://www.okkam.org/oaie/person2-address5628,js,
http://www.okkam.org/oaie/person2-Person5626,abrihijnzadah,04 78296584,7064482,19811210,http://www.okkam.org/oaie/person2-address5626,jory,
http://www.okkam.org/oaie/person2-Person5627,abrihimadah,04 78201584,1696219,19811210,http://www.okkam.org/oaie/person2-address5627,jor,
http://www.okkam.org/oaie/person2-Person5624,abrihij zadah,04 78201584,1696219,19230426,http://www.okkam.org/oaie/person2-address5624,jory,
http://www.okkam.org/oaie/person2-Person5625,abrihimxadah,04 78213584,1695291,19070495,http://www.okkam.org/oaie/person2-address5625,jory,
http://www.okkam.org/oaie/person2-Person5622,hyde,04 78201584,1696219,19812119,http://www.okkam.org/oaie/person2-address5622,jocz,27
http://www.okkam.org/oaie/person2-Person5623,abrihibadah,04 78201584,1696219,,http://www.okkam.org/oaie/person2-address5623,jorj,
http://www.okkam.org/oaie/person2-Person5731,curringyon,07 22943614,5320818,19770750,http://www.okkam.org/oaie/person2-address5731,joshja,28
http://www.okkam.org/oaie/person2-Person5423,isabella,08 18139511,1755107,19990410,http://www.okkam.org/oaie/person2-address5423,virgo,
http://www.okkam.org/oaie/person2-Person3817,slocum,08 76508391,7900229,19619019,http://www.okkam.org/oaie/person2-address3817,nosh,
http://www.okkam.org/oaie/person2-Person3818,slocum,,2640242,19691019,http://www.okkam.org/oaie/person2-address3818,noah,35
http://www.okkam.org/oaie/person2-Person5422,virgbo,08 12935911,1755170,19750523,http://www.okkam.org/oaie/person2-address5422,isabeola,29
http://www.okkam.org/oaie/person2-Person5421,virfo,08 12935911,1755710,19994030,http://www.okkam.org/oaie/person2-address5421,isabella,22
http://www.okkam.org/oaie/person2-Person3815,newery,08 76958391,2843391,19691019,http://www.okkam.org/oaie/person2-address3815,noah,
http://www.okkam.org/oaie/person2-Person3816,slocum,08 76480931,7902029,19691019,http://www.okkam.org/oaie/person2-address3816,noah,
http://www.okkam.org/oaie/person2-Person3819,slocum,08 76508391,6640252,19601015,http://www.okkam.org/oaie/person2-address3819,nopj,
http://www.okkam.org/oaie/person2-Person3813,,08 76508391,7909299,19691019,http://www.okkam.org/oaie/person2-address3813,taliah,
http://www.okkam.org/oaie/person2-Person3814,slocym,08 76508391,7902029,19692019,http://www.okkam.org/oaie/person2-address3814,noa,
http://www.okkam.org/oaie/person2-Person3811,slocum,08 76508391,7902029,19691979,http://www.okkam.org/oaie/person2-address3811,niau,
http://www.okkam.org/oaie/person2-Person3812,slocum,08 76503891,7902919,19690219,http://www.okkam.org/oaie/person2-address3812,noah,25
http://www.okkam.org/oaie/person2-Person5354,denbib,07 61836160,3938430,19840503,http://www.okkam.org/oaie/person2-address5354,harljdy,28
http://www.okkam.org/oaie/person2-Person5355,harlqy,07 61836160,3938430,19840503,http://www.okkam.org/oaie/person2-address5355,dennkz,28
http://www.okkam.org/oaie/person2-Person5351,denjo,07 61836160,3938440,19840503,http://www.okkam.org/oaie/person2-address5351,harley,21
http://www.okkam.org/oaie/person2-Person5491,harmer,,9132722,19699303,http://www.okkam.org/oaie/person2-address5491,elise,
http://www.okkam.org/oaie/person2-Person5352,dentncs,07 61836160,3938430,19849593,http://www.okkam.org/oaie/person2-address5352,harlty,28
http://www.okkam.org/oaie/person2-Person5492,harmrr,,9132722,,http://www.okkam.org/oaie/person2-address5492,elise,
http://www.okkam.org/oaie/person2-Person5353,denni,07 61836160,3938430,19849540,http://www.okkam.org/oaie/person2-address5353,harley,30
http://www.okkam.org/oaie/person2-Person5493,elfse,,9132222,19611023,http://www.okkam.org/oaie/person2-address5493,harmer,
http://www.okkam.org/oaie/person2-Person5494,harmex,03 04724746,9132222,19611023,http://www.okkam.org/oaie/person2-address5494,elise,
http://www.okkam.org/oaie/person2-Person5495,harmer,,9132222,19612393,http://www.okkam.org/oaie/person2-address5495,elise,
http://www.okkam.org/oaie/person2-Person5496,hadr,,9132222,19611023,http://www.okkam.org/oaie/person2-address5496,elis,
http://www.okkam.org/oaie/person2-Person5497,harmker,,9132222,19611023,http://www.okkam.org/oaie/person2-address5497,elid,
http://www.okkam.org/oaie/person2-Person5498,harmee,,9132222,19610223,http://www.okkam.org/oaie/person2-address5498,elise,
http://www.okkam.org/oaie/person2-Person5499,o'connof,,9132222,19611023,http://www.okkam.org/oaie/person2-address5499,elise,
http://www.okkam.org/oaie/person2-Person4361,munzper,04 91139681,1194552,19479104,http://www.okkam.org/oaie/person2-address4361,jayde,
http://www.okkam.org/oaie/person2-Person4362,munzer,04 91103681,1194425,,http://www.okkam.org/oaie/person2-address4362,jay xdw,24
http://www.okkam.org/oaie/person2-Person4363,munzer,04 91139681,1194552,19471104,http://www.okkam.org/oaie/person2-address4363,jayd,24
http://www.okkam.org/oaie/person2-Person4364,munzer,02 13451821,1194552,19441204,http://www.okkam.org/oaie/person2-address4364,lachlan,24
http://www.okkam.org/oaie/person2-Person4365,munef,04 91139681,2747844,19471104,http://www.okkam.org/oaie/person2-address4365,jade,24
http://www.okkam.org/oaie/person2-Person4366,munzer,,1194552,19471104,http://www.okkam.org/oaie/person2-address4366,jaldeh,
http://www.okkam.org/oaie/person2-Person4367,muzneta,04 91153611,1194552,19471104,http://www.okkam.org/oaie/person2-address4367,jayde,24
http://www.okkam.org/oaie/person2-Person3131,mccunn,04 31999600,5694895,19444224,http://www.okkam.org/oaie/person2-address3131,hari,
http://www.okkam.org/oaie/person2-Person3135,mccahn,03 15916202,5694895,19440528,http://www.okkam.org/oaie/person2-address3135,harry,
http://www.okkam.org/oaie/person2-Person3134,mccann,03 15926202,5694895,19440224,http://www.okkam.org/oaie/person2-address3134,hsey,
http://www.okkam.org/oaie/person2-Person661,bja,03 28895479,5991687,,http://www.okkam.org/oaie/person2-address661,jatme,30
http://www.okkam.org/oaie/person2-Person3133,mccann,08 34936997,5694895,19447124,http://www.okkam.org/oaie/person2-address3133,harry,
http://www.okkam.org/oaie/person2-Person3132,mfnj,03 15961202,5693895,19440224,http://www.okkam.org/oaie/person2-address3132,harry,
http://www.okkam.org/oaie/person2-Person251,radosavijevic,03 77330630,8538579,19980417,http://www.okkam.org/oaie/person2-address251,robert,31
http://www.okkam.org/oaie/person2-Person3136,mccabhn,,5694995,19440224,http://www.okkam.org/oaie/person2-address3136,harry,
http://www.okkam.org/oaie/person2-Person5761,,08 51036683,9598060,19650507,http://www.okkam.org/oaie/person2-address5761,brendsn,
http://www.okkam.org/oaie/person2-Person3871,oseejhy,03 39264905,1990382,19251125,http://www.okkam.org/oaie/person2-address3871,matthew,32
http://www.okkam.org/oaie/person2-Person254,andzdin,03 77330630,8538797,19760501,http://www.okkam.org/oaie/person2-address254,robert,
http://www.okkam.org/oaie/person2-Person252,andersin,02 00642863,8538797,19762061,http://www.okkam.org/oaie/person2-address252,robert,31
http://www.okkam.org/oaie/person2-Person253,anderson,07 54894123,8538797,19760501,http://www.okkam.org/oaie/person2-address253,rozert,43
http://www.okkam.org/oaie/person2-Person3053,murphy,02 29636167,1269061,19760721,http://www.okkam.org/oaie/person2-address3053,lukas,39
http://www.okkam.org/oaie/person2-Person3054,murpah,02 29636167,1259961,19760721,http://www.okkam.org/oaie/person2-address3054,luss,35
http://www.okkam.org/oaie/person2-Person3051,murphy,02 29606167,1269601,19706627,http://www.okkam.org/oaie/person2-address3051,lukas,35
http://www.okkam.org/oaie/person2-Person3052,murpcy,02 29636167,1269061,19760721,http://www.okkam.org/oaie/person2-address3052,luks,53
http://www.okkam.org/oaie/person2-Person3057,murphy,02 29663167,1269061,19760721,http://www.okkam.org/oaie/person2-address3057,lueas,35
http://www.okkam.org/oaie/person2-Person3055,murphh,02 29636167,1260951,19760721,http://www.okkam.org/oaie/person2-address3055,luksa,35
http://www.okkam.org/oaie/person2-Person3056,murhpy,02 29636167,1269601,,http://www.okkam.org/oaie/person2-address3056,lukas,35
http://www.okkam.org/oaie/person2-Person3252,hueppauff,07 34486511,1772460,19610805,http://www.okkam.org/oaie/person2-address3252,james,25
http://www.okkam.org/oaie/person2-Person3251,hueppzuff,08 64186377,9604114,19660421,http://www.okkam.org/oaie/person2-address3251,jimimie,41
http://www.okkam.org/oaie/person2-Person3255,hueppsff,07 34405611,1772460,19660241,http://www.okkam.org/oaie/person2-address3255,james,41
http://www.okkam.org/oaie/person2-Person3254,hueopwuff,07 34406511,1772460,19660421,http://www.okkam.org/oaie/person2-address3254,jimfy,
http://www.okkam.org/oaie/person2-Person3253,,07 34406511,1772460,19660421,http://www.okkam.org/oaie/person2-address3253,hueprauff,41
http://www.okkam.org/oaie/person2-Person3157,chalmers,07 56042623,3831213,19570608,http://www.okkam.org/oaie/person2-address3157,avd,28
http://www.okkam.org/oaie/person2-Person3156,chamegrs,07 56042623,3832713,19570608,http://www.okkam.org/oaie/person2-address3156,ava,
http://www.okkam.org/oaie/person2-Person3155,chalmefs,07 56042623,3832273,19750200,http://www.okkam.org/oaie/person2-address3155,ava,
http://www.okkam.org/oaie/person2-Person3154,chalmers,07 56042623,3832173,19570078,http://www.okkam.org/oaie/person2-address3154,avx,
http://www.okkam.org/oaie/person2-Person241,frahn,03 54249510,5123655,,http://www.okkam.org/oaie/person2-address241,ak,20
http://www.okkam.org/oaie/person2-Person3153,,07 56042623,3832173,19570608,http://www.okkam.org/oaie/person2-address3153,ava,
http://www.okkam.org/oaie/person2-Person3152,chalmsrs,07 56042623,3832173,19570608,http://www.okkam.org/oaie/person2-address3152,,28
http://www.okkam.org/oaie/person2-Person3151,chalmees,07 56042623,3832173,19570708,http://www.okkam.org/oaie/person2-address3151,av,
http://www.okkam.org/oaie/person2-Person3491,carpdntter,04 19858125,6203151,,http://www.okkam.org/oaie/person2-address3491,amelia,32
http://www.okkam.org/oaie/person2-Person3492,carpenter,04 19954125,6203151,,http://www.okkam.org/oaie/person2-address3492,amelia,
http://www.okkam.org/oaie/person2-Person2926,nweds,,5242098,19370411,http://www.okkam.org/oaie/person2-address2926,stefaqe,29
http://www.okkam.org/oaie/person2-Person2924,needs,04 07967125,5242098,,http://www.okkam.org/oaie/person2-address2924,stephanie,29
http://www.okkam.org/oaie/person2-Person2925,needh,04 10841364,5249298,19370411,http://www.okkam.org/oaie/person2-address2925,stepbnke,29
http://www.okkam.org/oaie/person2-Person2922,needs,,5242098,19370411,http://www.okkam.org/oaie/person2-address2922,stefsnie,29
http://www.okkam.org/oaie/person2-Person2923,nepms,04 10841364,5242998,19370411,http://www.okkam.org/oaie/person2-address2923,stejpanie,29
http://www.okkam.org/oaie/person2-Person2921,needs,04 10841364,5242098,19733491,http://www.okkam.org/oaie/person2-address2921,stephanie,
http://www.okkam.org/oaie/person2-Person2357,cleoand,08 18833931,7633926,19014162,http://www.okkam.org/oaie/person2-address2357,caleb,
http://www.okkam.org/oaie/person2-Person2358,cleoabd,08 18833931,7633926,19041222,http://www.okkam.org/oaie/person2-address2358,kaysey,40
http://www.okkam.org/oaie/person2-Person2355,clekabhd,08 18833931,7633926,19042154,http://www.okkam.org/oaie/person2-address2355,caleb,
http://www.okkam.org/oaie/person2-Person2356,cleland,08 18899331,4499426,19041222,http://www.okkam.org/oaie/person2-address2356,caoev,28
http://www.okkam.org/oaie/person2-Person2359,clelabd,08 18833931,7633926,19041982,http://www.okkam.org/oaie/person2-address2359,jack,
http://www.okkam.org/oaie/person2-Person2352,clelwnd,07 07107623,7633926,19041222,http://www.okkam.org/oaie/person2-address2352,caleb,
http://www.okkam.org/oaie/person2-Person2351,cleland,,7633926,19041222,http://www.okkam.org/oaie/person2-address2351,calg,
http://www.okkam.org/oaie/person2-Person2354,clelnd,08 18833931,7633926,19014122,http://www.okkam.org/oaie/person2-address2354,caleh,
http://www.okkam.org/oaie/person2-Person2353,cleland,08 18833931,7633926,19361690,http://www.okkam.org/oaie/person2-address2353,caleb,
http://www.okkam.org/oaie/person2-Person2344,hounslow,03 04886232,3361550,19370110,http://www.okkam.org/oaie/person2-address2344,paige,
http://www.okkam.org/oaie/person2-Person2345,hounsnos,03 04468232,3361550,19700211,http://www.okkam.org/oaie/person2-address2345,paige,
http://www.okkam.org/oaie/person2-Person2346,hounslzow,03 04886232,7260476,19070211,http://www.okkam.org/oaie/person2-address2346,pagy,
http://www.okkam.org/oaie/person2-Person2241,cresswell,07 52277533,8220670,,http://www.okkam.org/oaie/person2-address2241,shabon,16
http://www.okkam.org/oaie/person2-Person5082,aschenrbucker,02 15835403,2099949,19513023,http://www.okkam.org/oaie/person2-address5082,joe,34
http://www.okkam.org/oaie/person2-Person5081,aschenbruxker,02 15836403,2099334,19531023,http://www.okkam.org/oaie/person2-address5081,joc,34
http://www.okkam.org/oaie/person2-Person2811,hallq,02 80672052,2133291,19530907,http://www.okkam.org/oaie/person2-address2811,talan,28
http://www.okkam.org/oaie/person2-Person2812,hallz,02 80672052,2142612,19530907,http://www.okkam.org/oaie/person2-address2812,talan,28
http://www.okkam.org/oaie/person2-Person2813,hlh,02 80672052,2132212,19530907,http://www.okkam.org/oaie/person2-address2813,talan,82
http://www.okkam.org/oaie/person2-Person5021,kerrison,02 03619284,7628471,19450814,http://www.okkam.org/oaie/person2-address5021,,29
http://www.okkam.org/oaie/person2-Person5162,fitzgerald,07 98855083,3187038,19436061,http://www.okkam.org/oaie/person2-address5162,olivia,30
http://www.okkam.org/oaie/person2-Person2216,d'esye,08 76764028,5113514,19971123,http://www.okkam.org/oaie/person2-address2216,hayden,12
http://www.okkam.org/oaie/person2-Person5161,fitzgerald,07 98955083,3187938,19430421,http://www.okkam.org/oaie/person2-address5161,oliia,34
http://www.okkam.org/oaie/person2-Person5022,kerruson,04 96862085,7628471,19455614,http://www.okkam.org/oaie/person2-address5022,kimberly,29
http://www.okkam.org/oaie/person2-Person2215,d'ezste,08 76764028,5113714,19971113,http://www.okkam.org/oaie/person2-address2215,hayden,27
http://www.okkam.org/oaie/person2-Person2214,d'este,08 76764028,5113714,19971123,http://www.okkam.org/oaie/person2-address2214,haiden,27
http://www.okkam.org/oaie/person2-Person2213,d'esre,08 76764028,5113714,19971123,http://www.okkam.org/oaie/person2-address2213,hayden,21
http://www.okkam.org/oaie/person2-Person2212,d'este,08 76764028,5113714,,http://www.okkam.org/oaie/person2-address2212,hayden,21
http://www.okkam.org/oaie/person2-Person201,mccav,04 10559213,8408340,,http://www.okkam.org/oaie/person2-address201,brody,
http://www.okkam.org/oaie/person2-Person2211,d'estd,08 76764028,5112714,19971263,http://www.okkam.org/oaie/person2-address2211,hayden,28
http://www.okkam.org/oaie/person2-Person4171,leclair,04 38347419,1695922,19218017,http://www.okkam.org/oaie/person2-address4171,laix,25
http://www.okkam.org/oaie/person2-Person2342,hounslw,03 04886232,3361550,19700211,http://www.okkam.org/oaie/person2-address2342,paigw,73
http://www.okkam.org/oaie/person2-Person2343,housnlow,03 04886232,3361550,19316821,http://www.okkam.org/oaie/person2-address2343,paige,
http://www.okkam.org/oaie/person2-Person2341,houjwkow,03 04886232,3369550,19700211,http://www.okkam.org/oaie/person2-address2341,paige,
http://www.okkam.org/oaie/person2-Person2145,calvert,04 97257170,7032520,19311327,http://www.okkam.org/oaie/person2-address2145,amber,24
http://www.okkam.org/oaie/person2-Person5142,harness,04 42790240,7662007,,http://www.okkam.org/oaie/person2-address5142,reuben,
http://www.okkam.org/oaie/person2-Person2144,calvwdt,04 97257170,4575447,19311028,http://www.okkam.org/oaie/person2-address2144,amber,28
http://www.okkam.org/oaie/person2-Person5141,harieqscs,04 42700240,7662007,19100694,http://www.okkam.org/oaie/person2-address5141,reueun,39
http://www.okkam.org/oaie/person2-Person2143,calveurt,04 97257170,7082502,19130127,http://www.okkam.org/oaie/person2-address2143,amber,30
http://www.okkam.org/oaie/person2-Person5144,harnsesz,04 42700240,7662007,19100704,http://www.okkam.org/oaie/person2-address5144,reuben,22
http://www.okkam.org/oaie/person2-Person2142,calvat,04 97247170,7032520,19317507,http://www.okkam.org/oaie/person2-address2142,amber,03
http://www.okkam.org/oaie/person2-Person5143,harbess,04 42700240,7662007,19106004,http://www.okkam.org/oaie/person2-address5143,reuen,95
http://www.okkam.org/oaie/person2-Person2141,calgert,04 97257170,7032030,19311027,http://www.okkam.org/oaie/person2-address2141,amber,93
http://www.okkam.org/oaie/person2-Person5146,harness,04 42700240,7662007,19100704,http://www.okkam.org/oaie/person2-address5146,reuebch,39
http://www.okkam.org/oaie/person2-Person5145,har jeds,04 42720040,7662007,19100204,http://www.okkam.org/oaie/person2-address5145,reuben,39
http://www.okkam.org/oaie/person2-Person5147,harndas,04 42700240,7662007,19107704,http://www.okkam.org/oaie/person2-address5147,reuben,81
http://www.okkam.org/oaie/person2-Person4191,breed,03 01452468,6727770,19945718,http://www.okkam.org/oaie/person2-address4191,aaom,19
http://www.okkam.org/oaie/person2-Person4192,breeu,03 01452468,6727770,19942718,http://www.okkam.org/oaie/person2-address4192,aaron,
http://www.okkam.org/oaie/person2-Person1321,tindalre,03 18063431,8140262,,http://www.okkam.org/oaie/person2-address1321,ja cob,31
http://www.okkam.org/oaie/person2-Person3311,wyatt,08 71371972,2985542,,http://www.okkam.org/oaie/person2-address3311,oeev,32
http://www.okkam.org/oaie/person2-Person1322,tindale,03 18963431,8140262,,http://www.okkam.org/oaie/person2-address1322,jaclb,31
http://www.okkam.org/oaie/person2-Person1323,tindlw,03 18023431,5678766,,http://www.okkam.org/oaie/person2-address1323,jacob,31
http://www.okkam.org/oaie/person2-Person1324,tindlad,03 18063431,8140262,,http://www.okkam.org/oaie/person2-address1324,jakob,31
http://www.okkam.org/oaie/person2-Person1325,tineale,03 18047331,8140262,,http://www.okkam.org/oaie/person2-address1325,,31
http://www.okkam.org/oaie/person2-Person1326,tindale,07 86452621,8140262,,http://www.okkam.org/oaie/person2-address1326,jaclb,31
http://www.okkam.org/oaie/person2-Person2149,calvelrt,04 97257170,7038520,19311027,http://www.okkam.org/oaie/person2-address2149,amber,36
http://www.okkam.org/oaie/person2-Person2464,montgjorie,08 85138666,2660575,19570209,http://www.okkam.org/oaie/person2-address2464,connor,35
http://www.okkam.org/oaie/person2-Person2148,calvxert,04 97257170,7032520,19311027,http://www.okkam.org/oaie/person2-address2148,ambds,18
http://www.okkam.org/oaie/person2-Person2463,montgompie,07 02589584,6670229,19570209,http://www.okkam.org/oaie/person2-address2463,connor,31
http://www.okkam.org/oaie/person2-Person2147,calyekrt,04 97157170,7032520,19311027,http://www.okkam.org/oaie/person2-address2147,amber,30
http://www.okkam.org/oaie/person2-Person2462,montgonserie,07 02589584,2665025,19570209,http://www.okkam.org/oaie/person2-address2462,conmor,35
http://www.okkam.org/oaie/person2-Person2146,calvse,04 97251770,7032250,19311027,http://www.okkam.org/oaie/person2-address2146,amber,30
http://www.okkam.org/oaie/person2-Person2461,montgomerie,07 02589584,2660575,19570209,http://www.okkam.org/oaie/person2-address2461,coznnf,35
http://www.okkam.org/oaie/person2-Person4671,reddrn,02 74458518,3679781,19045405,http://www.okkam.org/oaie/person2-address4671,liply,33
http://www.okkam.org/oaie/person2-Person4672,redden,02 74458518,3679382,19450800,http://www.okkam.org/oaie/person2-address4672,lily,33
http://www.okkam.org/oaie/person2-Person4673,reydzn,08 93593782,3679781,19450805,http://www.okkam.org/oaie/person2-address4673,lily,27
http://www.okkam.org/oaie/person2-Person4655,medley,02 03269379,8762311,19061512,http://www.okkam.org/oaie/person2-address4655,kxir,22
http://www.okkam.org/oaie/person2-Person4654,medely,02 03269379,8762311,19063212,http://www.okkam.org/oaie/person2-address4654,keora,27
http://www.okkam.org/oaie/person2-Person3425,singrh,02 59077203,8898869,19350904,http://www.okkam.org/oaie/person2-address3425,alicia,32
http://www.okkam.org/oaie/person2-Person3424,singh,02 59077203,8898096,19350904,http://www.okkam.org/oaie/person2-address3424,,38
http://www.okkam.org/oaie/person2-Person3423,singu,02 59077203,8891526,19355004,http://www.okkam.org/oaie/person2-address3423,alicia,32
http://www.okkam.org/oaie/person2-Person3422,sknbh,02 59077203,8898096,19356004,http://www.okkam.org/oaie/person2-address3422,alicia,
http://www.okkam.org/oaie/person2-Person5003,jobson,08 96077670,4139255,19079475,http://www.okkam.org/oaie/person2-address5003,harry,30
http://www.okkam.org/oaie/person2-Person1442,rigby,08 16919121,5872993,19210318,http://www.okkam.org/oaie/person2-address1442,chelsbe,27
http://www.okkam.org/oaie/person2-Person5002,jobon,08 96077670,4139255,19070427,http://www.okkam.org/oaie/person2-address5002,harry,30
http://www.okkam.org/oaie/person2-Person1443,rigbu,08 16919121,5873993,19170322,http://www.okkam.org/oaie/person2-address1443,chelsea,27
http://www.okkam.org/oaie/person2-Person1444,rihhb,08 16919121,5872596,19170302,http://www.okkam.org/oaie/person2-address1444,chejlsea,27
http://www.okkam.org/oaie/person2-Person1445,,08 16919121,5872993,19170372,http://www.okkam.org/oaie/person2-address1445,cheldea,27
http://www.okkam.org/oaie/person2-Person1446,riwby,08 16919121,5872993,19170302,http://www.okkam.org/oaie/person2-address1446,chdldea,27
http://www.okkam.org/oaie/person2-Person1307,bradshaw,07 05346945,7430647,19280404,http://www.okkam.org/oaie/person2-address1307,tayahr,
http://www.okkam.org/oaie/person2-Person1447,rigby,08 16919121,5872993,19170302,http://www.okkam.org/oaie/person2-address1447,chelsea,28
http://www.okkam.org/oaie/person2-Person1448,rigby,08 16901121,5872993,,http://www.okkam.org/oaie/person2-address1448,bryce,27
http://www.okkam.org/oaie/person2-Person5001,jobsxn,04 19103542,4139245,19070427,http://www.okkam.org/oaie/person2-address5001,harry,30
http://www.okkam.org/oaie/person2-Person1449,rigby,08 16919121,5872993,19170302,http://www.okkam.org/oaie/person2-address1449,chelsea,27
http://www.okkam.org/oaie/person2-Person1303,bradshww,07 05346945,7430174,19280404,http://www.okkam.org/oaie/person2-address1303,tayah,31
http://www.okkam.org/oaie/person2-Person3567,mercer,02 64138587,1782661,19395052,http://www.okkam.org/oaie/person2-address3567,mia,35
http://www.okkam.org/oaie/person2-Person2571,newan,07 05807813,3888679,19850918,http://www.okkam.org/oaie/person2-address2571,amaya,22
http://www.okkam.org/oaie/person2-Person1304,brbadsha,07 05346945,7430164,19280404,http://www.okkam.org/oaie/person2-address1304,eleannr,
http://www.okkam.org/oaie/person2-Person1305,bradaaw,07 05336945,7430164,19850322,http://www.okkam.org/oaie/person2-address1305,taylah,
http://www.okkam.org/oaie/person2-Person3565,mercer,02 64138587,1782661,19390592,http://www.okkam.org/oaie/person2-address3565,mya,53
http://www.okkam.org/oaie/person2-Person1306,bradshaw,07 05346945,7430164,19280404,http://www.okkam.org/oaie/person2-address1306,taylah,
http://www.okkam.org/oaie/person2-Person3566,meryre,02 64138587,1782661,,http://www.okkam.org/oaie/person2-address3566,myg,35
http://www.okkam.org/oaie/person2-Person1301,bradshsw,03 39401795,7430416,19280404,http://www.okkam.org/oaie/person2-address1301,taytah,
http://www.okkam.org/oaie/person2-Person1302,bradshaw,07 05436945,7430288,19280204,http://www.okkam.org/oaie/person2-address1302,tayleh,
http://www.okkam.org/oaie/person2-Person3562,mercdr,02 64138587,1786641,19390502,http://www.okkam.org/oaie/person2-address3562,mi,35
http://www.okkam.org/oaie/person2-Person3561,mercr,02 64138587,1786161,19390502,http://www.okkam.org/oaie/person2-address3561,mc,35
http://www.okkam.org/oaie/person2-Person3564,mercer,02 64138587,1782661,19230706,http://www.okkam.org/oaie/person2-address3564,miq,
http://www.okkam.org/oaie/person2-Person3563,mercer,02 64145887,4458048,,http://www.okkam.org/oaie/person2-address3563,mia,35
http://www.okkam.org/oaie/person2-Person1441,rigby,08 16919121,6556976,19713092,http://www.okkam.org/oaie/person2-address1441,chelsea,27
http://www.okkam.org/oaie/person2-Person4791,hojwel l,08 64922448,7682574,19210803,http://www.okkam.org/oaie/person2-address4791,tony,30
http://www.okkam.org/oaie/person2-Person3421,singh,02 59077203,8898096,,http://www.okkam.org/oaie/person2-address3421,alisx,32
http://www.okkam.org/oaie/person2-Person4652,medlkyu,02 03269379,8762311,,http://www.okkam.org/oaie/person2-address4652,keira,22
http://www.okkam.org/oaie/person2-Person4653,,02 03629379,8762311,19060712,http://www.okkam.org/oaie/person2-address4653,keijr,22
http://www.okkam.org/oaie/person2-Person4651,medley,02 03269379,8762311,19060512,http://www.okkam.org/oaie/person2-address4651,kesra,21
http://www.okkam.org/oaie/person2-Person4632,gupts,03 00100463,3325539,,http://www.okkam.org/oaie/person2-address4632,emiil,27
http://www.okkam.org/oaie/person2-Person4633,gupta,03 00100463,3325437,19530411,http://www.okkam.org/oaie/person2-address4633,emiilh,27
http://www.okkam.org/oaie/person2-Person4634,,03 00100463,3325439,19530411,http://www.okkam.org/oaie/person2-address4634,emiilh,27
http://www.okkam.org/oaie/person2-Person4635,emmcily,03 00100463,3325539,19540411,http://www.okkam.org/oaie/person2-address4635,gupta,27
http://www.okkam.org/oaie/person2-Person1591,musgrove,,3297862,19600503,http://www.okkam.org/oaie/person2-address1591,daniele,27
http://www.okkam.org/oaie/person2-Person3353,connor,03 59352593,2413460,19050207,http://www.okkam.org/oaie/person2-address3353,carruthers,38
http://www.okkam.org/oaie/person2-Person2591,kilpatrick,02 12878318,2490183,,http://www.okkam.org/oaie/person2-address2591,ella,26
http://www.okkam.org/oaie/person2-Person3352,carruthers,03 59352593,2413046,19050207,http://www.okkam.org/oaie/person2-address3352,conhr,28
http://www.okkam.org/oaie/person2-Person3351,carruthers,03 59352593,2413046,19095921,http://www.okkam.org/oaie/person2-address3351,connor,28
http://www.okkam.org/oaie/person2-Person3645,roz,02 94598397,6232206,,http://www.okkam.org/oaie/person2-address3645,mitcjlll,
http://www.okkam.org/oaie/person2-Person3644,roaez,02 94598397,6232306,,http://www.okkam.org/oaie/person2-address3644,mitcehzl,
http://www.okkam.org/oaie/person2-Person3643,kennedy,02 94598397,6232206,,http://www.okkam.org/oaie/person2-address3643,mitcrll,
http://www.okkam.org/oaie/person2-Person3642,mitchell,,6232206,,http://www.okkam.org/oaie/person2-address3642,rose,
http://www.okkam.org/oaie/person2-Person3649,rosv,,6232206,,http://www.okkam.org/oaie/person2-address3649,mitchell,
http://www.okkam.org/oaie/person2-Person3648,rosel,02 94598397,6232306,,http://www.okkam.org/oaie/person2-address3648,mitchmwll,
http://www.okkam.org/oaie/person2-Person3647,rose,02 94458397,6232206,,http://www.okkam.org/oaie/person2-address3647,mitcpell,
http://www.okkam.org/oaie/person2-Person3646,rosj,02 94598397,6233206,,http://www.okkam.org/oaie/person2-address3646,mitchell,
http://www.okkam.org/oaie/person2-Person3641,r se,02 94598397,6232206,,http://www.okkam.org/oaie/person2-address3641,mitchell,
http://www.okkam.org/oaie/person2-Person2977,fehdr,04 60675719,4952199,19520603,http://www.okkam.org/oaie/person2-address2977,mitchell,22
http://www.okkam.org/oaie/person2-Person2976,,04 60557719,4992899,19520603,http://www.okkam.org/oaie/person2-address2976,mitchell,22
http://www.okkam.org/oaie/person2-Person2975,feher,04 60557719,4992699,19520603,http://www.okkam.org/oaie/person2-address2975,mitchell,22
http://www.okkam.org/oaie/person2-Person4631,gupsa,04 81545084,3325359,19534019,http://www.okkam.org/oaie/person2-address4631,emiily,27
http://www.okkam.org/oaie/person2-Person2974,feher,04 60557719,4992699,19526003,http://www.okkam.org/oaie/person2-address2974,mithcfehl,22
http://www.okkam.org/oaie/person2-Person2973,fehed,04 60547719,4992699,19527503,http://www.okkam.org/oaie/person2-address2973,mitchfl,
http://www.okkam.org/oaie/person2-Person2292,ware,02 60353024,7933538,19520721,http://www.okkam.org/oaie/person2-address2292,alnaiah,23
http://www.okkam.org/oaie/person2-Person2972,fehier,08 98354210,4992699,,http://www.okkam.org/oaie/person2-address2972,mitchdl,22
http://www.okkam.org/oaie/person2-Person2971,feher,08 95552471,4992699,19740106,http://www.okkam.org/oaie/person2-address2971,mitcpell,27
http://www.okkam.org/oaie/person2-Person2393,rajkiatla,08 09130179,1409685,19801228,http://www.okkam.org/oaie/person2-address2393,william,30
http://www.okkam.org/oaie/person2-Person2291,war,02 03582639,7933538,19520721,http://www.okkam.org/oaie/person2-address2291,alannah,23
http://www.okkam.org/oaie/person2-Person2394,rajkorwala,08 09102179,1409685,19805120,http://www.okkam.org/oaie/person2-address2394,william,30
http://www.okkam.org/oaie/person2-Person2391,rajkotwala,08 09102179,1409685,19801228,http://www.okkam.org/oaie/person2-address2391,wilhelm,30
http://www.okkam.org/oaie/person2-Person2392,rajkogywaka,08 09102179,1409685,19804239,http://www.okkam.org/oaie/person2-address2392,willism,32
http://www.okkam.org/oaie/person2-Person3441,bowebn,03 83303200,2136243,,http://www.okkam.org/oaie/person2-address3441,angelica,
http://www.okkam.org/oaie/person2-Person2395,rajkogsala,08 09102179,1409685,19090997,http://www.okkam.org/oaie/person2-address2395,william,32
http://www.okkam.org/oaie/person2-Person3442,bowecn,03 83283200,2136122,19070310,http://www.okkam.org/oaie/person2-address3442,angelica,
http://www.okkam.org/oaie/person2-Person2396,rajkoteala,04 60667730,1409625,19808228,http://www.okkam.org/oaie/person2-address2396,william,30
http://www.okkam.org/oaie/person2-Person2466,montgofmorie,04 79024326,2660575,19570209,http://www.okkam.org/oaie/person2-address2466,connor,53
http://www.okkam.org/oaie/person2-Person2465,montgomgrie,07 02589584,2660575,19570209,http://www.okkam.org/oaie/person2-address2465,conobt,35
http://www.okkam.org/oaie/person2-Person2468,montgoemdrie,07 02589584,2660575,19570209,http://www.okkam.org/oaie/person2-address2468,conbdr,35
http://www.okkam.org/oaie/person2-Person2467,montfouerie,07 02589584,2660575,19507290,http://www.okkam.org/oaie/person2-address2467,connor,35
http://www.okkam.org/oaie/person2-Person2469,montgoserie,07 02589584,4423294,19570209,http://www.okkam.org/oaie/person2-address2469,connor,35
http://www.okkam.org/oaie/person2-Person2281,pesn,02 90449592,4848388,,http://www.okkam.org/oaie/person2-address2281,kate,
http://www.okkam.org/oaie/person2-Person2282,pesht,04 90307945,4848898,19450303,http://www.okkam.org/oaie/person2-address2282,kate,
http://www.okkam.org/oaie/person2-Person2283,pedst,02 90449592,4848838,19450303,http://www.okkam.org/oaie/person2-address2283,kalge,
http://www.okkam.org/oaie/person2-Person2284,pezt,02 90449592,4848388,,http://www.okkam.org/oaie/person2-address2284,kate,
http://www.okkam.org/oaie/person2-Person2285,peat,04 03014449,4848388,19450033,http://www.okkam.org/oaie/person2-address2285,katrh,
http://www.okkam.org/oaie/person2-Person1401,mckebzde,02 79195640,6306473,19030228,http://www.okkam.org/oaie/person2-address1401,tron,18
http://www.okkam.org/oaie/person2-Person3312,wyat wt,08 71371972,2985524,,http://www.okkam.org/oaie/person2-address3312,owen,31
http://www.okkam.org/oaie/person2-Person3313,wyat,08 71371972,2984254,,http://www.okkam.org/oaie/person2-address3313,oq,32
http://www.okkam.org/oaie/person2-Person3314,wyatt,08 71371982,1515458,,http://www.okkam.org/oaie/person2-address3314,,32
http://www.okkam.org/oaie/person2-Person3315,wyatt,08 71371972,2985564,,http://www.okkam.org/oaie/person2-address3315,owen,34
http://www.okkam.org/oaie/person2-Person4601,mpkay,04 41672861,8311526,19100402,http://www.okkam.org/oaie/person2-address4601,jake,42
http://www.okkam.org/oaie/person2-Person4602,mckdy,04 41618261,8311526,19100495,http://www.okkam.org/oaie/person2-address4602,jake,34
http://www.okkam.org/oaie/person2-Person3462,panxfta,,9342044,19150919,http://www.okkam.org/oaie/person2-address3462,samanmtha,
http://www.okkam.org/oaie/person2-Person3461,samantha,02 36702205,9342044,19150919,http://www.okkam.org/oaie/person2-address3461,panetta,
